audit_id,competition_id,prefecture_code,prefecture_name,season_segment,branch_usage_type,access_rule_ids,observed_2026_access_actions,seed_rule_ids,expected_2026_seed_teams,structured_2026_seed_slots,school_name_hardcoding,automation_status,primary_source_ids,notes
P2S11AUD001,CMP000004,01,北海道,spring,qualifier,ACR000001,1,,,0,0,machine_resolvable,P2SRC142,北海道春は支部予選への任意参加を許しても全道資格は重複加算しない。
P2S11AUD002,CMP000072,02,青森県,spring,seed_only,,0,SDR000001;SDR000002;SDR000003;SDR000004;SDR000005;SDR000006;SDR000007;SDR000008;SDR000009;SDR000010;SDR000011;SDR000012,16,16,0,machine_resolvable,P2SRC009,
P2S11AUD003,CMP000073,02,青森県,autumn,seed_only,,0,SDR000013;SDR000014;SDR000015;SDR000016;SDR000017;SDR000018;SDR000019;SDR000020;SDR000021;SDR000022;SDR000023;SDR000024,16,16,0,machine_resolvable,P2SRC010,
P2S11AUD004,CMP000077,04,宮城県,autumn,qualifier,ACR000002,1,,,0,0,machine_resolvable,P2SRC014,
P2S11AUD005,CMP000083,07,福島県,autumn,qualifier,ACR000003,1,,,0,0,machine_resolvable,P2SRC024,
P2S11AUD006,CMP000084,08,茨城県,spring,qualifier,ACR000004,4,,,0,0,machine_resolvable,P2SRC026,
P2S11AUD007,CMP000090,11,埼玉県,spring,qualifier,ACR000005,8,,,0,0,machine_resolvable,P2SRC031,
P2S11AUD008,CMP000092,12,千葉県,spring,qualifier,ACR000006,8,,,0,0,machine_resolvable,P2SRC033,
P2S11AUD009,CMP000093,12,千葉県,autumn,qualifier,ACR000007,1,,,0,0,machine_resolvable,P2SRC034,
P2S11AUD010,CMP000095,14,神奈川県,spring,qualifier,ACR000008,1,,,0,0,machine_resolvable,P2SRC148,
P2S11AUD011,CMP000096,14,神奈川県,autumn,qualifier,ACR000009,1,,,0,0,machine_resolvable,P2SRC149,
P2S11AUD012,CMP000109,21,岐阜県,spring,qualifier,ACR000010,4,,,0,0,machine_resolvable,P2SRC057,
P2S11AUD013,CMP000110,21,岐阜県,autumn,seed_only,,0,SDR000025;SDR000026;SDR000027;SDR000028;SDR000029;SDR000030;SDR000031;SDR000032;SDR000033;SDR000034;SDR000035;SDR000036,16,16,0,machine_resolvable,P2SRC147,
P2S11AUD014,CMP000112,22,静岡県,autumn,qualifier,ACR000011,1,,,0,0,machine_resolvable,P2SRC062,
P2S11AUD015,CMP000113,23,愛知県,spring,qualifier,ACR000012,1,,,0,0,machine_resolvable,P2SRC063,
P2S11AUD016,CMP000115,24,三重県,spring,qualifier,ACR000013,1,,,0,0,machine_resolvable,P2SRC067,
P2S11AUD017,CMP000116,24,三重県,autumn,seed_only,ACR000014,1,SDR000037;SDR000038;SDR000039;SDR000040,8,8,0,machine_resolvable,P2SRC070;P2SRC071,三重秋のaccess 1件は県大会追加枠ではなく地区シード決め免除。
P2S11AUD018,CMP000123,28,兵庫県,spring,qualifier,ACR000015,3,,,0,0,machine_resolvable,P2SRC078,
P2S11AUD019,CMP000124,28,兵庫県,autumn,qualifier,ACR000016,1,,,0,0,machine_resolvable,P2SRC080,
P2S11AUD020,CMP000133,33,岡山県,spring,qualifier,ACR000017,8,,,0,0,machine_resolvable,P2SRC089,
P2S11AUD021,CMP000140,36,徳島県,autumn,seed_only,,0,SDR000041,4,4,0,machine_resolvable,P2SRC100,
P2S11AUD022,CMP000144,38,愛媛県,autumn,seed_only,,0,SDR000042;SDR000043;SDR000044;SDR000045,13,13,0,machine_resolvable,P2SRC105,
P2S11AUD023,CMP000158,45,宮崎県,autumn,seed_only,,0,SDR000046;SDR000047;SDR000048,8,8,0,machine_resolvable,P2SRC133,
P2S11AUD024,CMP000160,46,鹿児島県,autumn,seed_only,,0,SDR000049;SDR000050;SDR000051;SDR000052;SDR000053;SDR000054,8,8,0,machine_resolvable,P2SRC135,
P2S11AUD025,CMP000162,47,沖縄県,autumn,seed_only,,0,SDR000055,4,4,0,machine_resolvable,P2SRC139,
