path,bytes,sha256
.github/workflows/python-tests.yml,597,acb6930f8c8ad243849223181e618e653eeb405356d9d76be4ef15f8a7f14705
.gitignore,88,74afeaa89825dc25a0239ed58bf0a29ccaba5b5f0d1bd8316008c46861c4300b
archive/import_sources/stage12g_original/stage12g_tohoku_match_days_20261005.csv,14523,d4299366ae5abb9c5b6f03a473f8c620454f17165b44d01bb4e445c5c2b1344b
archive/import_sources/stage12g_original/stage12g_tohoku_schedule_audit_20261005.csv,6213,a7e836fc70c0ab7f76cbb379ce4e188f09dfea018171d51fa4d692314e4e3beb
archive/import_sources/stage12g_original/stage12g_tohoku_validation_20261005.csv,754,27e5ce54835c0bc434c761ed94effcda4e678a01c476698eef6d50c5fa76bead
archive/legacy_tools/phase2_rule_engine_reference_stage12b.py,5289,fcef6020ba5376f6c6b66e7080f4bd1d51dfe5a37efbae52ecb8ca00fec16204
archive/snapshots/phase1/high_school_baseball_phase1_completed_20261004.zip,414754,d1c0a759beeaa29a39015fae017c8b043cb3d247bd73b3ed94a19aac69d5ebf3
archive/snapshots/phase2/high_school_baseball_phase2_stage12f_tokyo_preliminary_20261005.zip,798181,6ab82090bde4a6ecee127061215c273ca6ee62fd783797931a8bf4ba76f41ad7
audits/migration/season_cli_20261005.json,1012,f6b5dbcde44c4f6118615ed401b3997e2bab8d4915b3a9a1133b759e12266db1
audits/migration/unittest_20261005.txt,11222,d265433436c045c467c42f9125a2486ad734970e1f4720eb2155ee690ff28f70
audits/migration/validation_20261005_initial_github_import.csv,559,159c109784cacd5f8542d69d6f9331b35d01e918b12f5e57eb1c56b5c6f8d11d
audits/phase1/evidence/aichi_2026_registration_audit.csv,33158,d609d294721f526ff9a6d125356bf6e1a2d76256753f3c8c3b9989822507e0d7
audits/phase1/evidence/area_progress_summary.csv,3900,a7751e3034b971b921532e050cccd95fe439fb6180ae10437871b76d16ac7fbc
audits/phase1/evidence/area_registration_2026_01.csv,21755,42519fd6ac7f66cc7762f707b4dd1fbec620195c2a437996765e333d8502370c
audits/phase1/evidence/area_registration_2026_02.csv,11558,3ddf10b6400fa69d90ef7b44fb235c3858cb0bb7b9855649962da6f048df6892
audits/phase1/evidence/area_registration_2026_03.csv,13172,ce8438b68f85e399cc700c114fcb7d99211b7941f70b48486f59b87571ba5928
audits/phase1/evidence/area_registration_2026_04.csv,14051,6b5e7d21941cd65f7240f745b0f3f35232635570c034d2ffd910f32ad5891a86
audits/phase1/evidence/area_registration_2026_05.csv,9069,d82fc2a834c8afd6b4a5349e8bf40a58cc2645e9501a20e45516ce620da94e1d
audits/phase1/evidence/area_registration_2026_06.csv,7680,2b1579783c0c56d997665f440c0bac72f6f85918d93a58985bc1879573a74181
audits/phase1/evidence/area_registration_2026_07.csv,13939,426e5ef33d10bb12e3a561c8a73e64218b5700bc6a500af359338bbc3962575a
audits/phase1/evidence/area_registration_2026_08.csv,24383,2df6464fd0e977e3d333f30b2e7bc560ebee171741f0778d453af181848685d8
audits/phase1/evidence/area_registration_2026_09.csv,18107,ee1a5b573f243e3430b50dfe1d3b4a23a8ba89ba44d89769d95675da1a52b78d
audits/phase1/evidence/area_registration_2026_10.csv,18847,b763343e15c3c3ad873791bd996becd0952298217c00d6ff6fa2afe9db481cf9
audits/phase1/evidence/area_registration_2026_11.csv,50670,4a0c535308cc643e6365fc52188eaec84ae940415d7cf34c26b893bd41649ea3
audits/phase1/evidence/area_registration_2026_12.csv,38653,a0311001ce6fdd4aa172a288037cf0d9833070d4ff104246d39e7f6dcb59f024
audits/phase1/evidence/area_registration_2026_13.csv,40143,c9275985c8b31698ba8b79d726ec5879a60b9b139daf5dcc2404b1af06acf98e
audits/phase1/evidence/area_registration_2026_14.csv,66203,093dd54574205080dbc3a9f3a884e6513a59c38a9928044525d42e85635d88c9
audits/phase1/evidence/area_registration_2026_15.csv,13025,2c7891004701d80ca4d6e7482566957e021e7db8166483956c304bdde0d1f1f4
audits/phase1/evidence/area_registration_2026_16.csv,9345,8a3dd31015e726b48860a34747569ac0739059daef1c3c0026b583e1ac8cc4e9
audits/phase1/evidence/area_registration_2026_17.csv,9979,3dafa44700ffcd39f8e3bffb7164ba2a27b216e60159a828aea7554eb7e18bb6
audits/phase1/evidence/area_registration_2026_18.csv,7263,8157fd10cc951847389f495f51810b82c520adb30ad64a5992c9ef8829fbfb87
audits/phase1/evidence/area_registration_2026_19.csv,7522,dd730a395964720c04e6bf9bd63c9f70fb83673778f0b2ad6c0b112bcc850478
audits/phase1/evidence/area_registration_2026_20.csv,11359,7190e9ca8496a1fbd08f282948835a02d36f6ccf7383a3b99dbc6c5acace40f0
audits/phase1/evidence/area_registration_2026_21.csv,13394,0a33cde67ebda6affac4ccbbefa759759c777cef0ab4e43eb85d597d077f7bc1
audits/phase1/evidence/area_registration_2026_22.csv,10329,4c4baecccb4910dda9e8d68216ebb223a4d3e621fd452373611f8a94686ffe6a
audits/phase1/evidence/area_registration_2026_23.csv,19280,486b5d55e11aff606bccaacc5a3f882106ea6c8a4accbc75f8f140f5d2c693aa
audits/phase1/evidence/area_registration_2026_24.csv,16317,6757c6aeae80d6a85e69bae1abe130487e27671e6851e7973c4a1b77b625f87e
audits/phase1/evidence/area_registration_2026_26.csv,8426,64f7b011efb840c8ed5a0aeffb2fec2f28fe642094a465c62d77d2a7ace0dbe0
audits/phase1/evidence/area_registration_2026_28.csv,18103,13bd56ff445a0fe9997f51d9d6aaebf981428f6a88caefdc3e4abda85507dbaa
audits/phase1/evidence/area_registration_2026_29.csv,10950,359700e79416ec41a7df09edbac4c2e36a6132beae4aeb08fd7b7a66e62872e6
audits/phase1/evidence/area_registration_2026_31.csv,5898,b5c11389cd104106aad577dee9fb30ecd1197570c16a3c85fe7ae881c2f893af
audits/phase1/evidence/area_registration_2026_32.csv,7000,7b1ba14089a6e05dfe40bc1af2f28363f3b085e17fe6ab90fc5ffc1877091657
audits/phase1/evidence/area_registration_2026_33.csv,16436,d8fde4bed6a9868d33465a3e8acdcd5f3de32825bf39a1cc9ccb7ee779703747
audits/phase1/evidence/area_registration_2026_34.csv,20360,7a5bbfa6fb1916bf77799d73eb7de00dd91a44b0b58ee89843a9f3700dd3f00b
audits/phase1/evidence/area_registration_2026_35.csv,14931,fa8484f36a03912b5c51c17e4bac12c1c6322bde5f786967da17b52a8a52bfdc
audits/phase1/evidence/area_registration_2026_36.csv,7837,0a6754739b6e7061d7b3e89c5e38578191dd73c61a7389d7d2a366bd290ec901
audits/phase1/evidence/area_registration_2026_38.csv,8808,43b66afae3741e20e90d96e932045b5e8ae8b48417d79743b196f9453626a8cc
audits/phase1/evidence/area_registration_2026_40.csv,24262,c220cd82ee84d92a33254145592faa3c137020104c0b643cd6462e86e817ad18
audits/phase1/evidence/area_registration_2026_41.csv,6750,646af9a06cee8a553007ebae7a9048b0570a3a64e3a9f178508030b0142863ef
audits/phase1/evidence/area_registration_2026_42.csv,9336,5ee1ac5aa2281d26b947cbf3d9e56c0b73fdd88ce8e2ee20149eeccd534841da
audits/phase1/evidence/area_registration_2026_43.csv,10331,251c4eca3d19a3ee75463dff4213f8c36d09cfdab0273b79e6842e334070e611
audits/phase1/evidence/area_registration_2026_44.csv,7007,701a69d3edc328119b6ac8f93f97d45143f02c68ddfc28336844881b6fb969e4
audits/phase1/evidence/area_registration_2026_45.csv,8705,827ad4ba0227b0234db19936dfec779432f3359ba024e274571e722497448541
audits/phase1/evidence/area_registration_2026_46.csv,15155,3f6fd774d368aa418fac5b600178ec29c3b63ec541ef27c0a4900ae2704973e7
audits/phase1/evidence/area_registration_2026_47.csv,12879,7d83cbf4851cb4f7600aef512e7fc4cc46055a1b6cd0b55645dfe7dfcd1a6f9f
audits/phase1/evidence/direct30_extraction_status.csv,7857,451701052cf273dcb6bca0d65c7762551dd7b6d04d0df998a5ff2eeed58647a4
audits/phase1/evidence/followup_completion_2026_07_20.csv,392,74fb9cc6b71c37763a5eed9aae5411659d9a995a38c80dd4010265422f2fbf83
audits/phase1/evidence/hokkaido_2026_registration_distribution.csv,591,6c2245bbbcc1f5fea9079eb4219902218e74d93863ca67255b2045cb9bf64bdf
audits/phase1/evidence/hokkaido_residual_evidence_2026.csv,1831,82e6f09575cf6c6be281af2cfb097a2b114ebaa2f6306ba7f8101ae591a2fbe3
audits/phase1/evidence/hyogo_2026_registration_distribution.csv,699,88dab0f73eb306d9257952b25b37df2a3f4af7d6bfdad47eb4e7f5e4b02efc97
audits/phase1/evidence/kanagawa_2026_registration_distribution.csv,1068,86f9d5dcb9ce2baff06e6d0074811a35c252ce35bcfafd2c4c28528d945ed27b
audits/phase1/evidence/missing_one_resolution_2026_16_35_42_47.csv,775,91399e23917826018a5c61657e5b6b2512adff3ac352e1e400c98c0d4eff98ea
audits/phase1/evidence/near_match_resolution_2026_01.csv,1528,bef8d1dc14ace73040d38aa74dcfbafb61b2af3889b9b8f9e3f6e61eb79822bc
audits/phase1/evidence/near_match_resolution_2026_03_08_10_39.csv,1571,490f63e71be6f6bdd1da2b64b54ede18c73e195f62e61e31ecc6a6425db3eb08
audits/phase1/evidence/near_match_resolution_2026_14.csv,1990,5dc94b6e9fc432ca3080710e8666f20af1aabfdd298d8acbd58facbd965bf9fe
audits/phase1/evidence/near_match_resolution_2026_27.csv,487,0f2012145a1ad55140b9c9d6797404f76d3fdc58a61cd7b552daa96dcbe413ef
audits/phase1/evidence/near_match_resolution_2026_28.csv,1800,4b79b7f7c0fbc4016b3b75149ba7907c21a175d09b80dda01de99e13c5a0ea32
audits/phase1/evidence/osaka_2026_registration_distribution.csv,1448,c640ef2fb48a2b0fb3a595c21265aa0c8d261eddf81f535bf9c298bf1e2c6ec9
audits/phase1/evidence/phase1_2026_count_audit.csv,8790,5fc764385670388739a97dc28eebeefd3bec99f820b4e32e2389d7ba15e6e29a
audits/phase1/evidence/phase1_completion_manifest.csv,15413,2ab985c1998f7c071556af0dadc7f1211e9e281b66be5db3ad1be75b7dbe935f
audits/phase1/evidence/phase1_progress_summary.csv,1981,16c273fa1ec5e150e31a45fa47270772ad59bf02ac3733b5fd586fda5c41604b
audits/phase1/evidence/reconciliation_2026_01.csv,1208,c7f0577aadc658b38691ae534d82389dd802f2e5724641b8abe4b8ffca26e22d
audits/phase1/evidence/reconciliation_2026_03_08_10_39.csv,2589,12611b04fa6488e08b49c62efdc9b2f47d97e4865a611ceb527d4ede09607825
audits/phase1/evidence/reconciliation_2026_04.csv,1422,93050bc220ce72de75e6d94742e36e42a8ebcf5e2dfc61ac93aed18a9f2f52c4
audits/phase1/evidence/reconciliation_2026_05.csv,1171,749480bfa67a883c8456469a574aa938f3aa6b767ff86761118dfca023702419
audits/phase1/evidence/reconciliation_2026_06_18_37_41_45.csv,2504,47817b658ae5640121827f545e1b837e642fe7ffeb365940d497f43482fbf35c
audits/phase1/evidence/reconciliation_2026_09_24_46.csv,3323,13d2fc18cf5410669f052b60eb9c29bbe6abc25fd9403410d284cb03071672e4
audits/phase1/evidence/reconciliation_2026_11_29_43.csv,2116,5098d20eb1051205fe997052432a6699a5499041c933273300c5f1162f6500f2
audits/phase1/evidence/reconciliation_2026_14.csv,1297,79dc15da0ec374c364a7e1bc1b7c3d8e801ebcd63eeb8562c08ca568fe0bd7a5
audits/phase1/evidence/reconciliation_2026_16_35_42_47.csv,2357,37d31bf37c9b2bd7e2e5d54ff3674312ad9e9ca093bfc6ea599158bdc0382a14
audits/phase1/evidence/reconciliation_2026_17_34.csv,1895,d349a00e74c7e70334eacd2a35b6e9e1536a600de7170310863b46c633b2e523
audits/phase1/evidence/reconciliation_2026_22_25.csv,1572,f93db51492d8c05c99c4bdc2a04cbe9388752d68f85bac7332a570f22f346194
audits/phase1/evidence/reconciliation_2026_27.csv,786,38382113aacdcf5050dc72c4fe9e7f911996010bcd075d4e7d655fcdd37c5805
audits/phase1/evidence/reconciliation_2026_28.csv,1009,034d18a6a4a688d7d590b438a690b7426d4109022d4ef99a04431785f0e15cd4
audits/phase1/evidence/registration_2026_01.csv,29302,f0707908d907e2d5c5867222d34f13472cc265a40beeb112323d7893b3c92426
audits/phase1/evidence/registration_2026_03_08_10_39.csv,38107,a5014f2b17b01ea7aea69f50d7f3b985bd10b5ba68305d795bd70effd4874e17
audits/phase1/evidence/registration_2026_06_18_37_41_45.csv,24667,40aeebd6a32a1a1cd79792d15082769d16614610d278b63d9b02c6f6d1c59eb4
audits/phase1/evidence/registration_2026_11_29_43.csv,30147,7f1428efbc7c4b72ce96b112a951edc37910a116bd0fdd29f82d30038f077e7c
audits/phase1/evidence/registration_2026_14.csv,34688,142a7ba50bbbcc5352a7c8ae4c14240fd3916748ea3523e267e61535355123fe
audits/phase1/evidence/registration_2026_16_35_42_47.csv,28144,8ee8d50344286f13d71c8fbcfda6d8fe1a40cd23fac11018f67b90432fbf541b
audits/phase1/evidence/registration_2026_22_25.csv,19316,43fd9434ed5b7ceb9f0ac0bb0b2cf7def965317c77b4566103101f3b194c5cab
audits/phase1/evidence/registration_2026_27.csv,30190,d9e100640a6546fc25bf798b05d5030ce569fababba175d328423743d98c013b
audits/phase1/evidence/registration_2026_28.csv,25298,fe9c00b7b89503a8136c50adee1fc0d3e2f4a7c16dc0c78795dc069008eba163
audits/phase1/evidence/tournament_exact_batch_2026_06_18_37_41_45.csv,377,3f75ee34ae703775a543845ef0157c42e8a1b8c73ded3244dded2be693ccb831
audits/phase1/evidence/tournament_exact_batch_2026_22_25.csv,218,b3d9532e295e274e4a0b29afc7dc85db684b64acac571d1458d8674f02588846
audits/phase1/evidence/tournament_near_match_queue_2026.csv,106,50bb83db8fe1bc4d228ac26aa793cbd9883a81d0f88d4a9832e7cab06ff46883
audits/phase1/evidence/validation_20261002_batch_04_05.csv,288,e5da0b2b06e3bd79937450a4a2fd4a6baed6e73b1ba136651742a46b223fbfc0
audits/phase1/evidence/validation_20261002_batch_04.csv,226,638a7ab47a77278cfd1aef41da05e7fbec48a9f892e964636f79bb880c13b577
audits/phase1/evidence/validation_20261002_batch_06_18_37_41_45.csv,305,e2d6eee4a7270f430e92fb1e960d73bfbc29afc61c55eee97cba8a968ac06b78
audits/phase1/evidence/validation_20261002_batch_07_20.csv,162,487622068cf8b95ffe6f35f215898dbe74ee913ea36f493ec33b607d4d7c2550
audits/phase1/evidence/validation_20261002_batch_11_29_43.csv,262,0616ba70725c8c6f2c432dddd6ae9489efd66d0f61923b7e9e96156e9c8bc722
audits/phase1/evidence/validation_20261002_batch_16_35_42_47.csv,319,2ae8f9806eb6f960aa1537cbb303c2d2c5878242e475d4535e4eb714be160107
audits/phase1/evidence/validation_20261002_batch_17_34.csv,214,df152db171a33151a6cfbf2aa809b889c602c11fd30c5d02f6fdf008d71f9614
audits/phase1/evidence/validation_20261002_batch_22_25.csv,240,a4df15536c47d14e85c4e8443a3b8444ef00b54834aa12a62092633e82f9d3c6
audits/phase1/evidence/validation_20261003_area_01.csv,2159,5bcae5555838c0b44668d3233295442bd8dca4d69ff227dd2287b878930b280e
audits/phase1/evidence/validation_20261003_area_13.csv,1045,d59e9cda60d0613fa0d33bc0cd190ab8f22b833c48b1290a0786d94e94b7b7ab
audits/phase1/evidence/validation_20261003_batch_01.csv,627,192eafc1fcee622b1c836b1ea9f0793dd10228ff6d013f5352488319794f6066
audits/phase1/evidence/validation_20261003_batch_03_08_10_39.csv,393,dd00dea8cb4e13bf354fff7da342ee762935a813d5cf43143aaff9278be1e352
audits/phase1/evidence/validation_20261003_batch_14.csv,500,e887bb15f69ed8669bf9790c932aa09460d5ee15a9b3895bab5bee2f57e413df
audits/phase1/evidence/validation_20261003_batch_27.csv,361,2a996bb30929258a916efa58bb6d3592cd5d9f4ffa60e3cc33b3616d2a3bea43
audits/phase1/evidence/validation_20261003_batch_28.csv,408,1a3ff3dcf072f99f92b4a61b88062bc57f5e0534a4fc80ba1e1f1b260191d766
audits/phase1/evidence/validation_20261003_branch_20_38.csv,664,3935f38d2158342f714c0af6010b79f1b2e553cbc95fd1c77dc96b69f5d7e047
audits/phase1/evidence/validation_20261003_branch_22_28.csv,908,cd3a6cf7e9e52203bb9028a81b9f15f2835fd41e45e033d53d540fac683a02bd
audits/phase1/evidence/validation_20261003_branch_23_26.csv,713,258f0a4b164fa7d22aa24a1836d669c0cdca65b6bd342f8363ff43a989836a74
audits/phase1/evidence/validation_20261003_branch_40_41.csv,805,cace7daaa6d78a99e668774d0233174b786b09f231ccdfc605d01f7c4d921bd7
audits/phase1/evidence/validation_20261003_summer_rep_all47.csv,562,e24295494f0542c42609154455cf089e6ff1b60170974f1cf2a507bce126241e
audits/phase1/evidence/validation_20261004_branch_02_03_04_05_07.csv,2005,cff1a1b542ee387e1b3abab93823b595f732ea0d23a55f69e72ce0ed53581088
audits/phase1/evidence/validation_20261004_branch_06_yamagata_complete.csv,1767,393b8594378a734af9aa17ef9d7245765494cfb2d8ddb618d4c0369466eaa2f5
audits/phase1/evidence/validation_20261004_branch_08_09_11_12_14.csv,2101,134b1a84c91e0001432cfc0cfc7e22df9310c7bf5ff8c490c9a84b147bb370e7
audits/phase1/evidence/validation_20261004_branch_10_gunma_complete.csv,2901,502cfb209e54e24afc508757dfcdfeed66cf487f3f128102271873711ced7607
audits/phase1/evidence/validation_20261004_branch_13_tokyo_not_applicable.csv,1355,4d01cc39f3c87845917c5a12e27f608d39e4ecfbac35e0ba63d6f1f868788708
audits/phase1/evidence/validation_20261004_branch_15_16_17_18_19.csv,2338,06c9ebf0d2c9be16efc90b56de9fdb6eb8cc564de70f45469f762b6352160e30
audits/phase1/evidence/validation_20261004_branch_19_yamanashi_complete.csv,2130,f5eead9e81761a5b2cec317251b6fc43c71c33b97da7457909d729dc6e8e884e
audits/phase1/evidence/validation_20261004_branch_21_24.csv,1462,3e7c40a77519510237cf52296ffcf76af64f25be747537d4b7e7bfad324cf274
audits/phase1/evidence/validation_20261004_branch_25_27_29_30_kinki_batch.csv,2604,8f4c7600a55e2b80157b370ed570dca2b17c275993f0acd92c972d1decc0d1dd
audits/phase1/evidence/validation_20261004_branch_29_nara_complete.csv,4073,b1ebe2f3699d90fce4cb82b4d31bd9fd878723f04299e76065b4bbc127e548f4
audits/phase1/evidence/validation_20261004_branch_31_34_35_chugoku_complete.csv,1600,26ceb970800e7cbbed39c02cf5c64bc8c7a9a7b083b1e03eb7bded75b76007b4
audits/phase1/evidence/validation_20261004_branch_32_33.csv,1098,621847b124d14d3a3a6754c6d5ade80730be51a8a051623ee236864d301829ab
audits/phase1/evidence/validation_20261004_branch_36_37_38_39_shikoku_complete.csv,1028,7958d0c00f02f7f078e4e352325a1ca261f34aee290fb3cc03d3d4ec74b41377
audits/phase1/evidence/validation_20261004_branch_42_43.csv,700,f5142b06f3e157b86151e36bd75636976af2aafcf7d9cef0d1769cb090704495
audits/phase1/evidence/validation_20261004_branch_44_45_46_47.csv,1608,3353914c943506b7ac8dc0bab009ef58383ab687ab8011687f33d9fa458fdd68
audits/phase1/evidence/validation_20261004_phase1_final_integration.csv,19073,26bdbd326175e4a5945cb9c67dd8c8e22b30546a32c780895e2f0bd9918c435f
audits/phase2/misc/validation_20261004_phase2_initial.csv,995,a5d1f960ddffcdc9b1e357d51c14b175ef4dffcb314da2daf669da200b5bb4d6
audits/phase2/stage1/phase2_stage1_manifest.csv,15165,d37f63fed0f23c063838b1bbc4b6037214da9394b3915393d1b2906d31800d27
audits/phase2/stage1/validation_20261004_phase2_stage1_prefectural_structure.csv,800,5fc5cde1bc40bfbce8c8d73962e595477f38c046f79038d8551c0690e02db763
audits/phase2/stage10/phase2_stage10_hokkaido_branch_usage_audit.csv,1470,c0f57025ad792d076de1a177c20d8ce7b710392b7da211ffb1a6c4d1152078f2
audits/phase2/stage10/phase2_stage10_manifest.csv,18096,921d153df5229fa4e2c040a868f6ea52662c0dc01c6d59f7b3ea4913fbe589f0
audits/phase2/stage10/validation_20261004_phase2_stage10_hokkaido_branch_usage.csv,3420,f93db534592f0bcdcc32ebf9d1f3847b61d667a4a14969ff1dd684d0d4f80a0a
audits/phase2/stage11/phase2_stage11_manifest.csv,18734,6c56460fc18059acae4857bf123b33c8b868afc7294a95718c49e0f1736fc0fd
audits/phase2/stage11/phase2_stage11_rule_structuring_audit.csv,3433,b296b8d08009899c794895469e5ae696df4bc2b0eed62c1a613cbaf0f649bdaa
audits/phase2/stage11/validation_20261004_phase2_stage11_rule_structuring.csv,3030,5c29d524445c3da7c32d80993e2b05746270a6a040b4baea19a0d45642df1418
audits/phase2/stage12a/phase2_stage12_manifest.csv,19583,261ed4b0648d50abfda8a31dcf6c267b637025011e72abe8285b812a1adba5d0
audits/phase2/stage12a/phase2_stage12_stage_engine_audit.csv,13002,96a661a593b7862dad8a4cd7e3f516069614115c0315a7fe8d7bfc9f606d2013
audits/phase2/stage12a/validation_20261004_phase2_stage12_stage_engine.csv,2330,0a892886ad1e8741d4ff2ee89e4a901e832efc8e5024b1cb2ec85627c71a60c2
audits/phase2/stage12b/phase2_stage12b_exact_format_audit.csv,11250,e796cbe83c09369895b3ed1697a168a2f734667cc30365e61813eb5996982a54
audits/phase2/stage12b/phase2_stage12b_manifest.csv,20581,46b93e85c4299d8bb3260158e11bef153177144f285dc21d20e0b65c39fc316b
audits/phase2/stage12b/validation_20261004_phase2_stage12b_exact_formats.csv,2783,7e381fda49be894091beaed0a789e0e69672ac37d389644eec07ece96e9234a2
audits/phase2/stage12c1/phase2_stage12c1_engine_audit.csv,1210,4579f371f49b3a21b24132271ecd4134e4c5bd441463776620475027143357ee
audits/phase2/stage12c1/phase2_stage12c1_manifest.csv,22190,4c5f1e31e34500ea1cbedd610cb52091d8ffc5a918379befd20e47a24c8f4b5b
audits/phase2/stage12c1/stage12c1_gifu_autumn_demo_result.json,51683,8fdb60329393fbcc57bd2635c8c4cf823892ca9b7aa72b802f1af976a4877176
audits/phase2/stage12c1/validation_20261004_phase2_stage12c1_engine.csv,1867,9af7768c675b3b200ea6c7969012cd7c26a6a2b049179500b1f2170c4236cc04
audits/phase2/stage12c2/phase2_stage12c2_engine_audit.csv,1802,d3a72289a86e25c83fcee083c3087916202898e415887d5f30f22f2bc5c04023
audits/phase2/stage12c2/phase2_stage12c2_manifest.csv,22619,10fa2792b658596fe451c633261ffd20b93e3165ce67346205fae3bc40a7a085
audits/phase2/stage12c2/validation_20261004_phase2_stage12c2_engine.csv,2588,b8a9247f2aaefe0ca8cf42f50ceb250b77049062a200648834d8f4d9f03c5e35
audits/phase2/stage12c3/phase2_stage12c3_engine_audit.csv,4161,54cc8ff28e813218f165b7c9a2ffea5be7e68d6b5eb3a1c2fc2ec7d6d00fe8ae
audits/phase2/stage12c3/phase2_stage12c3_manifest.csv,23164,e6cbf65c9f62848cfcab026913df7f6c6be7eb7a6691a38836f4459ff607a968
audits/phase2/stage12c3/validation_20261004_phase2_stage12c3_engine.csv,891,77bc0ce4854945f8692a819ea6038b290c8d61085b83facfa3ccaad1f3c4745f
audits/phase2/stage12c4/phase2_stage12c4_engine_audit.csv,1031,4c9cf2f9388ba2373845befee3b6e69000de52d75f874b789c9859b38ee9c636
audits/phase2/stage12c4/phase2_stage12c4_manifest.csv,24024,de39bd66c5f09b6b2d6cc5b93d7103967b93ab11db3fea67dce47304e30e0449
audits/phase2/stage12c4/stage12c4_prefectural_main_execution.csv,7588,7f4aa181c4b3512325d3e4aa09858d23f29f5008929ca31f4acdc670bb56dcaf
audits/phase2/stage12c4/validation_20261004_phase2_stage12c4_main_engine.csv,2711,924c9c09b8986c6cf4e9b3f91e67664b8522b0929e5d6b1a5bd8a7e9e5a24f0e
audits/phase2/stage12d/phase2_stage12d_manifest.csv,25638,ed188db36f7fff939a0a5f7a8af74676368165b66a8435ca90cbee48d7fbbec3
audits/phase2/stage12d/phase2_stage12d_season_audit.csv,1560,9535c278db9679dea4e7bd00a90315f37727cddde678b377adb599c34ec7ac07
audits/phase2/stage12d/stage12d_access_dependency_audit.csv,3126,78263d01962697bf123b5129e03095e213918d22aada4c643b6a4f07ab4139fa
audits/phase2/stage12d/stage12d_calendar_gap_audit.csv,12964,d738d94df40b2c4f7382094a7673c0811a600cbaaaa045a1e60689385c8d83e8
audits/phase2/stage12d/stage12d_internal_structure_gap_audit.csv,326,ec0c7af7d356448045559e11a2a08cb87614c2caee7f288af853f6a5b68e1a0f
audits/phase2/stage12d/stage12d_prefectural_season_execution.csv,7222,09c7d62fe30bc506bfeeb7eff6a00616c5868e594bd454b5eff97c1cda196173
audits/phase2/stage12d/stage12d_qualification_dependency_audit.csv,4166,a13ea749de6590708b56885562510ba36546b1207e2e88700916c1fe3973ff30
audits/phase2/stage12d/stage12d_regional_bridge_gap_audit.csv,3778,1e507e40f65e17cb9b08b9e9041fe30fe32682f87df3a671d704292b71f1e858
audits/phase2/stage12d/stage12d_season_summary.json,703,2a1e721882a56d2bb6ee8e9b1b697a12b014c78287d3edb9e9d181a1af7d06f7
audits/phase2/stage12d/stage12d_senbatsu_structural_bootstrap.csv,5136,7bb2c48dd5b771adecad411ca0750d234c2af04e9d895c067d3fcb0bebd93350
audits/phase2/stage12d/validation_20261005_phase2_stage12d_season_e2e.csv,4285,c87f1409b2e631ef39b36df1ada09c58219dbf3315c097f98d1bc332df06e946
audits/phase2/stage12e/phase2_stage12e_engine_audit.csv,1255,f820d47aedd4bcf0cd2007174d602d3b0e778f42479b077e0af4a1105d8780ef
audits/phase2/stage12e/phase2_stage12e_manifest.csv,26507,8d473faea54112d44c2f815fc24ed639a43b6a8762da2d3462133b5043b969f7
audits/phase2/stage12e/stage12e_regional_execution_audit.csv,2128,8d1f0bf672bd25f79f40f2030c1390844f3832b671d7807905985f3028ac5692
audits/phase2/stage12e/stage12e_regional_feeder_structure_audit.csv,2575,91ad5c5f16f0be21138a855154cba78b821e87329032b8802a3ff99a9edaf7f7
audits/phase2/stage12e/validation_20261005_phase2_stage12e_regional_feeders.csv,4062,0843c7ec0038e1a4711a5a030cc5aed97eeb618e1531a39b0fa9a780606e30c2
audits/phase2/stage12f/phase2_stage12f_manifest.csv,26817,5542484e3d791d84bb0d98d8ec1917c335e5f230e8ce67a20ddb6e2f73b8a278
audits/phase2/stage12f/stage12f_tokyo_autumn_preliminary_audit.csv,1544,b78877701b1f4c2f1a7efa9345fada78201c708497601299251af129168c5cac
audits/phase2/stage12f/validation_20261005_phase2_stage12f_tokyo_preliminary.csv,1767,e761b8b844600d0e828adbae47492f80ef0f652286eec4173bfbc62f3aded831
audits/phase2/stage12g/phase2_stage12g_tohoku_manifest.csv,779,e83675ff9ab808ae44e1aff0059a9fe3c388a82940155b512d1cfdfd31c6b25f
audits/phase2/stage12g/stage12g_chugoku_schedule_audit_20261006.csv,5713,0ca65bf5894703da9816692ecbc8d8ddb1872c0e568876b75209800e1c4919f2
audits/phase2/stage12g/stage12g_chugoku_test_summary_20261006.csv,374,7abaec9bc648ebfaae4d8f8846cb61b75e6c94703ee806464c148fdec0920e89
audits/phase2/stage12g/stage12g_chugoku_validation_20261006.csv,824,f7832bcc8774b7fc5db0c066bc3c6d089017e036c9506f3627bd78c3e64a97d5
audits/phase2/stage12g/stage12g_hokushinetsu_schedule_audit_20261005.csv,6414,adb9b2ce2af8572b79e4c3c9303acf47b165d03bf9478d81cf7aeee176dd999a
audits/phase2/stage12g/stage12g_hokushinetsu_test_summary_20261005.csv,371,368cd568ea370236036df60db5039019b60a2d16915a5cb1d7d4bac8fd866b7e
audits/phase2/stage12g/stage12g_hokushinetsu_validation_20261005.csv,656,6d3e97611c295565678421adba8770bacc52a01f22c75007aa25fb995450282a
audits/phase2/stage12g/stage12g_kanto_schedule_audit_20261005.csv,8150,6c5853e5fb2ed07169f0899f3c5cfafbe4daac5c83d56c01f8b4055349c4358d
audits/phase2/stage12g/stage12g_kanto_test_summary_20261005.csv,364,a2d5680cb582adfe81f9df2a30c0414a233315eac8b247f0412abbc6cd7e0b53
audits/phase2/stage12g/stage12g_kanto_validation_20261005.csv,655,b5f411182432fe6c399134a547f63bf80ff578fcdb22df38755ef321ceaf6bb7
audits/phase2/stage12g/stage12g_kinki_schedule_audit_20261005.csv,7234,01270ae0a2d1c67dbcdc6abcef21a8c44f89e2a1309a6d8d005ebdabb3829a22
audits/phase2/stage12g/stage12g_kinki_test_summary_20261005.csv,370,c5d2891d99480e5bd2b42573ef3dac61335711b860941f56531f0bcb3db35514
audits/phase2/stage12g/stage12g_kinki_validation_20261005.csv,785,322224091a55537446a86bedf738c64f5aafaf37a42a25164a256548b90bd55e
audits/phase2/stage12g/stage12g_kyushu_okinawa_schedule_audit_20261006.csv,8376,16a3c3db4c934a7fe9e6eaec9b37bf9ca056c1bc77229a4428a26ffb30478d8c
audits/phase2/stage12g/stage12g_kyushu_okinawa_test_summary_20261006.csv,379,c32e106e9afd1c9fd52b3030c6e9b41944cdd8a8ef111e11cf31fe462d1920cb
audits/phase2/stage12g/stage12g_kyushu_okinawa_validation_20261006.csv,839,67c0e61e1d30d75e71ac2caea88f21e036e22c10a13f43b95efcb35b72bf15b6
audits/phase2/stage12g/stage12g_shikoku_schedule_audit_20261006.csv,5202,34388e2fa5e8b9b369f0284d842bac33cba624f5869e4ab9e033231e3bcadf06
audits/phase2/stage12g/stage12g_shikoku_test_summary_20261006.csv,374,960b816c344602d1e5f1e535531d13838660d060c866ab93a273610a7440a7c7
audits/phase2/stage12g/stage12g_shikoku_validation_20261006.csv,799,e6bf38e888e757fb639d27519939ccd3bed03c6b2bf83b4ececdff4e3c7a9d83
audits/phase2/stage12g/stage12g_tohoku_schedule_audit_20261005.csv,6165,2b4a10ec81487f25013776c6e11f7a5b8f1fdd5c3fb84e1ae636867431e45bda
audits/phase2/stage12g/stage12g_tohoku_validation_20261005.csv,670,a457c00679637f48d5ce0ac3bf4445b9c49967b60c8816f4526db8ddeb275700
audits/phase2/stage12g/stage12g_tokai_schedule_audit_20261005.csv,5476,1a74e44f5171c8ff9f79f5468a33d34882fea63caa1866b58cfd41d2ee55175e
audits/phase2/stage12g/stage12g_tokai_test_summary_20261005.csv,370,846a0fb5c4f7bdc860168f9fabbe2d29fc673b057a53ba0acf5c9bccd6547c56
audits/phase2/stage12g/stage12g_tokai_validation_20261005.csv,656,08a6d319745a31c7898f4aad1c0a88428f2f0d287cea05e65d45c6693312d58b
audits/phase2/stage12g/stage12g_tokyo_spring_schedule_audit_20261006.csv,1150,d38a282985630c609e904f025f84e4e1175e25fb9ab796467a31cbf574fc6def
audits/phase2/stage12g/stage12g_tokyo_spring_test_summary_20261006.csv,377,aa5653cf344a580ed1408ab65d33587bba20227fb6765308c95cf0179e8220d1
audits/phase2/stage12g/stage12g_tokyo_spring_validation_20261006.csv,787,0e65678600177b5ea28e668ce122080b10d89bfec971e69e12e9f5072d548b8d
audits/phase2/stage12g/validation_20261005_phase2_stage12g_tohoku_schedule_merge.csv,670,a457c00679637f48d5ce0ac3bf4445b9c49967b60c8816f4526db8ddeb275700
audits/phase2/stage12h/stage12h_prefectural_structure_test_summary_20261006.csv,496,6b98cff37f272957e7425066687d52ac72a29250cc61ee8b0fe81f03d08daf00
audits/phase2/stage12h/stage12h_prefectural_structure_validation_20261006.csv,646,deba592028675518866523274fd45af647d55ccab4ced11ad8788aa7828f4367
audits/phase2/stage12i/stage12i_autumn_reconciliation_queue_20261006.csv,2493,dbf85f94d33695f72d955f544198588a0cf8be70d503a03a421b8b0d3bb7843f
audits/phase2/stage12i/stage12i_autumn_reconciliation_test_summary_20261006.csv,580,c9c07ab38d738402a233a300346f75976759e7f353b773c0b9c2b29113d0877c
audits/phase2/stage12i/stage12i_autumn_reconciliation_validation_20261006.csv,490,a64265fd0c6e6cd5ccfbe371c9748742cdfad491d6989832bade902a892916b2
audits/phase2/stage12i/stage12i_recheck_status_20261006.csv,3493,7fec17039490885b794bc29a7fb6333579610defe9a123a13724c52aed0ff208
audits/phase2/stage12i/stage12i_reconciliation_automation_test_summary_20261006.csv,515,d5d09492ce1f3cbe8c435b4e2abe93790b7225e90714499c4539d19dbdc83b16
audits/phase2/stage12i/stage12i_reconciliation_automation_validation_20261006.csv,598,14529f334e41a2cc1edd0c3a1d0e755dcc72659b513302b8895430e21ba87b91
audits/phase2/stage12j/stage12j_autumn_regional_recheck_queue_20261006.csv,945,ac2386bbf86f3cdc8581a3aa918896809e8e55e1c3cf2a94fb0de6b31478c5bc
audits/phase2/stage12j/stage12j_regional_calendar_test_summary_20261006.csv,564,bef415725cd502c8341f580feef90926c003f2c7f5f6fb01233f658e80334230
audits/phase2/stage12j/stage12j_regional_calendar_validation_20261006.csv,598,cb80d03b247230d64b1adae24871fc1d4d674d9747d71726ff4146ba85fea1b8
audits/phase2/stage12j/stage12j_spring_regional_calendar_audit_20261006.csv,1657,a54d1477c9050b135e23487b21a7bf7d7fede69797ab35ebbb3891605aabe8b5
audits/phase2/stage12k/stage12k_national_calendar_audit_20261006.csv,980,e57631f628ecc608fc235318271c8a2aff911c095087f270bc32386d50f9bf12
audits/phase2/stage12k/stage12k_national_dependency_audit_20261006.csv,750,3287b2db72aa41cb29ddba3f8949bd3db55316992d05cac14fe78475060b3739
audits/phase2/stage12k/stage12k_national_test_summary_20261006.csv,646,c838b0bfb4a1e9ea1596f174f1f8f1c6c50e15fd38cad4aa47bbc542c3c46b2b
audits/phase2/stage12k/stage12k_national_validation_20261006.csv,635,22b1ea0a7aa05494654a54e19d2b5d3b842ba24fc3801093e6822460f75fc9aa
audits/phase2/stage12l/stage12l_full_competition_calendar_audit_20261006.csv,30475,47f051024b2db423989b4f8538bfb223bbe09a9f4f0965d1140cc75b35c73494
audits/phase2/stage12l/stage12l_full_season_summary_20261006.csv,1199,ca51f0d29a017f367afeb7de53e5b002e176fe53e149b5a48b75874f64ff572c
audits/phase2/stage12l/stage12l_full_season_test_summary_20261006.csv,856,61dc6c0c9d62e2ceaa7eaac5868f373473faf022e88a3d60d1d78053b8e22bd9
audits/phase2/stage12l/stage12l_full_season_validation_20261006.csv,599,83f50967769b2194894c37d4e02abc0b8527617b773e1c5a8ed46520db08852b
audits/phase2/stage12l/stage12l_remaining_work_20261006.csv,632,cef785ed50bff901389484a8729629507d85514cc0c1cf667bcd3849a7e366ae
audits/phase2/stage12m/stage12m_hokkaido_tohoku_game_date_audit_20261006.csv,2413,28f025db78610f26d6a20d063c1892dde1d945d8efb9a41dd47a6a47be98685c
audits/phase2/stage12m/stage12m_hokkaido_tohoku_validation_20261006.csv,638,b8d178593f14f3ee5bbfa6f1eddd405983f31a012b1244821e988b8b88d63981
audits/phase2/stage12m/stage12m_kanto_game_date_audit_20261006.csv,2249,49bb6ef887c29b79af04fa5af933f8edd7ff303c7c2937f1d8efa492946b231e
audits/phase2/stage12m/stage12m_kanto_validation_20261006.csv,646,f706af6d8ad07f230ddd0887016b0faaea7b8547c3671f3240717230e6be2e58
audits/phase2/stage12m/stage12m_koshinetsu_hokuriku_game_date_audit_20261006.csv,1590,591634d2b54a1db65ef4f86d2780c7794d2cc473c4a1e2921d2005f2608085f6
audits/phase2/stage12m/stage12m_koshinetsu_hokuriku_validation_20261006.csv,688,5d3224cd180167d77b3a1c33e656eff72bb296449e0435b6e514cd5fb5d7aee1
audits/phase2/stage12m/stage12m_tokai_game_date_audit_20261006.csv,1170,cc9e28435c051f4471a55a921edbfd36e311c928d996bc641ad659f45a02b6bc
audits/phase2/stage12m/stage12m_tokai_validation_20261006.csv,670,cbb041934d170f9ea146b5dd4285d43fe2fd606b23a0b22269834a04d985b551
audits/phase2/stage12m/stage12m_kinki_game_date_audit_20261006.csv,1910,0e51cf370025b3417fd880a3a9da0f79622cbd932580bd2709e15cafed4c8bd8
audits/phase2/stage12m/stage12m_kinki_validation_20261006.csv,746,584a796776c26388c66e41e967e44d7f9f1bdd2d611f46cf5f0077a394ce7723
audits/phase2/stage12m/stage12m_chugoku_game_date_audit_20261006.csv,1368,718b22dd19c4725cdadc514c43e6f27aaaba17d29bc38785e060c875ea21bb3c
audits/phase2/stage12m/stage12m_chugoku_validation_20261006.csv,686,1cb744b5d2e536c9969ae736d66472ce04ba9cbbd042c36ba1d5423cd90401b2
audits/phase2/stage12m/stage12m_shikoku_game_date_audit_20261006.csv,1164,9470798552c9f27e6517dde626b964bed74528aabad10c0712a389ec2d00c9c3
audits/phase2/stage12m/stage12m_shikoku_validation_20261006.csv,652,362c1bc4fce13064b8b23b03ce683911f0a272e7fbaf02cc9e5294b094e281a4
audits/phase2/stage12m/stage12m_kyushu_okinawa_game_date_audit_20261006.csv,2409,38b6c23efdcdb634002ed7cfeb55b1294156f7de6bc4b106dbf7c8cb068c122d
audits/phase2/stage12m/stage12m_kyushu_okinawa_validation_20261006.csv,708,b0a989c2564fbc24cfe624a99f52530739eaecb19d2f08757eca2ed986254b3e
audits/phase2/stage2/phase2_stage2_manifest.csv,15359,d5aefebb1fb40206a61c7d3659842260fab7ae1f5e5ca11fb62d044864d3a700
audits/phase2/stage2/phase2_stage2_tohoku_branch_usage_audit.csv,4813,68a3030a5e3f7292955f8e090b3d171c99d1fd01cbf3a9a1fafa1833d4c5060d
audits/phase2/stage2/validation_20261004_phase2_stage2_tohoku_branch_usage.csv,1082,a449682208c77a1a1fea4d7da48042d72d884680ffe81213841bac5f88f5c6a7
audits/phase2/stage3/phase2_stage3_kanto_branch_usage_audit.csv,5844,104ff918cfaf4042e86b6cfc7ca5b8c7453a03f3da78ad67d9f6a429882496fc
audits/phase2/stage3/phase2_stage3_manifest.csv,15850,b63cc6e7ab97bb5415bc35415310f093e2224fe8c291721ceb4a9eeeda6c13ad
audits/phase2/stage3/validation_20261004_phase2_stage3_kanto_branch_usage.csv,1598,8bb5e3d6a169f6461b750bea455fcf5a8a89846dd0b8bea3e600aab674277c4e
audits/phase2/stage4/phase2_stage4_hokushinetsu_branch_usage_audit.csv,3852,ab15e2bb984ffe22a0d29a886ba46fc74c67438a2c46d0bba117e9fd1d669c8a
audits/phase2/stage4/phase2_stage4_manifest.csv,16205,de57e2e47d85bd010a3a406f5dbebb4b38305f66f73e40efc9f1fd80b6438b5d
audits/phase2/stage4/validation_20261004_phase2_stage4_hokushinetsu_branch_usage.csv,1709,25996c69c87c65c5a086560d519741674908f7e76c9c9eace627c0cb31ffa6f1
audits/phase2/stage5/phase2_stage5_manifest.csv,16546,a9f46a24c8360f85a411a98f0d60538ec35c9dc4c7b09162aeecb843794611a4
audits/phase2/stage5/phase2_stage5_tokai_branch_usage_audit.csv,4023,33c87a5a3f39175a46f6c1a53077d944173145a01754afd8f064f2c66da3b4e5
audits/phase2/stage5/validation_20261004_phase2_stage5_tokai_branch_usage.csv,2446,7e769eea37d33ac2efa086aa681baa05bd86206c139798187112901f010b712d
audits/phase2/stage6/phase2_stage6_kinki_branch_usage_audit.csv,3986,e7b717d536e90ef2c318a47a506f72db69e05a496db87f3f7abed5afedaed874
audits/phase2/stage6/phase2_stage6_manifest.csv,16726,8e2ce9bad470a9fd779af897b22662b8d6a5a81c08dace8cb629d61680554315
audits/phase2/stage6/validation_20261004_phase2_stage6_kinki_branch_usage.csv,5081,7f187fbeea00d300bad1d657fdf1f0b5b680e0ea243907702edebf8b851ae0a3
audits/phase2/stage7/phase2_stage7_chugoku_branch_usage_audit.csv,3608,c0f7e3794f96d9ad30562a6c9bbff828ed7ce24dbf0928b329bdcc0e714023bd
audits/phase2/stage7/phase2_stage7_manifest.csv,17068,715c480831a0ae5d6092f3f0cdf7be400954ae9b39aa2525ae80aefb31f08377
audits/phase2/stage7/validation_20261004_phase2_stage7_chugoku_branch_usage.csv,8620,c979e4d27912e07af5248961b357f796f5273b8121fd80b4b56c2ef58ec4ab77
audits/phase2/stage8/phase2_stage8_manifest.csv,17410,9dee67cbf9e855872ddbf1c9873d8ffa2bcf4affb97e3f6ca45b27ffe93de9f1
audits/phase2/stage8/phase2_stage8_shikoku_branch_usage_audit.csv,2999,648359c0d09d69057323e4921b0df23b5d2f451bc1b3b3cd8662c1a3d604fc36
audits/phase2/stage8/validation_20261004_phase2_stage8_shikoku_branch_usage.csv,4978,16fd5cdf033e36b616252b18824473a347ccc37bcc721095fae9f502cf041aee
audits/phase2/stage9/phase2_stage9_kyushu_branch_usage_audit.csv,6411,fd4f85405e2bfc2aacae7eb31565bbbb9f16dd8f201bebfaf12b3deb7c0dbeed
audits/phase2/stage9/phase2_stage9_manifest.csv,17920,472d3480d5e24d2611d0d78e51fd9cec5bd1c9c2969a0cf82f55fb73c04e83c3
audits/phase2/stage9/validation_20261004_phase2_stage9_kyushu_branch_usage.csv,6196,61c9c9be22b6df75048ab301812f19c9470d269bdb29437725b811799687f6bf
data/areas/area_branch_prefecture_status.csv,9978,265e9eb3241dd5388df39db21738bc591d64e9aae15ca83e581c6b68a8444053
data/areas/area_registration_2026_summer_all47.csv,8635,bbde5e536d4a1b7481b26982270a7a254a0a74f320736b6419ff6a871a0de9b5
data/areas/area_scheme_policy.csv,2911,21c63883266e626ba1a7ffe10b53db03a5b7172787340a090aa885437f1bb4d2
data/areas/area_schemes.csv,27215,c3c41f1c724aa41b6147eda15d2ad819125f277d77722810a9642952a5168ae1
data/areas/competition_areas.csv,39193,eb8d40889e95b1878f38b9720357f0afb0631438c7427c82985bdbf18e47ed09
data/areas/school_area_memberships.csv,1321110,30ef99895c9aedb56b8f86226907c4f94f309e7462021ab74c8fa2816bcb7bd2
data/competitions/baseball_regions.csv,387,1c7154e49605dee08a462b098b7b5020afccb69b11fb90b1538c58b18c93a85d
data/competitions/bracket_generation_policies.csv,42450,cc0bd1f03f2b2a61f1412c2b7561e31d8173309f1612f79b372f92947aee806e
data/competitions/competition_access_rules.csv,9226,b556df3d63c3e485e6fcf3d9ce7fc98d9cf1772276a05287b90a64572d9eb072
data/competitions/competition_seed_rules.csv,17954,fb2998e4a37128368f649d5e0caf9bcdeb41836c57e31ed3db68476e6607dc24
data/competitions/competition_stage_action_bindings.csv,16728,691c82e1c34d5b859af021fcd6e9c1f551934cf5c6adc97c0d135b09e139f010
data/competitions/competition_stage_format_assignments.csv,14870,fab39a70328d2fcb40bdff2a92d72ad3a12cafaa787920d2495c7690553c25de
data/competitions/competition_stage_format_models.csv,7112,dc6228f974533f942a53471768df019e302a727664a70d7b0c86f9cd1ea0d603
data/competitions/competition_stage_format_parameters.csv,41463,bf082a1834c75c2db8b49edbd8b75958085ebe2783dd0fe3c29c1e8e2e1d196b
data/competitions/competition_stage_format_phases.csv,10534,c4604c3027784afe7dd3b982e146445e6b77640022a0f79187a3f5a5fecbed26
data/competitions/competition_stage_group_format_overrides.csv,55027,ee4f7df9e10b828d8f77a81a7d1eecc9380a500732d77efa44c863950ba8a871
data/competitions/competition_stage_groups.csv,84608,af5563b8320d5490ca31f7d972308589c08f553e39706d76baf961fd771f5d56
data/competitions/competition_stage_internal_transitions.csv,4821,4be1419651e3a0506d274e10527299a5caf39b66b8157ddaba19e74956cebfb8
data/competitions/competition_stage_transitions.csv,14703,f2798496f6af195cb598f3a08bfa4b0a9e7520624628f2470765b6b5df46c5dc
data/competitions/competition_stages.csv,40149,e9fc13c04ca47adaf18b292c103b064c3f5916a6147a37269d24249aff24f5ed
data/competitions/competitions.csv,48364,e94c061b03fd8f5bd3cec7e3fd60e4196da586f95d929ff70ff43fb5caf78ab9
data/competitions/main_tournament_engine_policies.csv,57549,1fbc9c01850ab704fb973abfd8a01597e7429d4056197677d7d58425c638350b
data/competitions/prefectural_branch_usage_2026.csv,38789,86f02bfe3269eb4366779a3a870ca38d4e87bc8b7d33570e7e668d6657289b89
data/competitions/prefectural_competition_index_2026.csv,8699,cf1f00f2b257fb957cc81c159de1aa51aee32182a220a96fcdb8a06f10ba497f
data/competitions/prefecture_region_memberships.csv,5246,f277d1cfd14dfa2defacc96055233000d2f6dc13d7a90fd2f08fc28768aaf61f
data/competitions/qualification_rules.csv,8974,ce8f96dcf370fd9a273bdcef63d245e94c39309243616a6864370e54c80b9b45
data/competitions/regional_feeder_rules.csv,14745,22ba63e57d07b3aa7293bd82871645ddf30052d5979a1d70c9184572fd60c59a
data/competitions/regional_qualification_playoffs.csv,527,bc74cdd4638b1aed976a451c2c52dde1f5759c6a501954643e526c4ebf1307e5
data/competitions/selection_rules.csv,1317,d426a0dc648ccf129e362e22cf51d7f3df6d81002bd0b97684d22ee71488e248
data/competitions/stage12c3_structured_competition_execution.csv,1779,675f1f151b42a253b8f1d30e38e47c63c12e080247e083d2edcb9fd6a0f577cd
data/competitions/tokyo_autumn_preliminary_policies.csv,901,9e781c88d657b84524d7cc1a21ae86163c3c41c76e8f06fea4d7ee8637cde36c
data/master/baseball_programs.csv,601490,7c20a4b6b32c9d8e6eda00646822814070da56d4ef446b917f81bb329ed52245
data/master/prefectures.csv,1628,f74f8b127b92a06451a4d33fe26143c1ee8d90b4907019c96178cddb2b99b550
data/master/schools.csv,1303013,bd5f2a76758278cdf98432f9212a5bf9f09ad5a12181f2a663cfb368d3c4bfdd
data/master/sources.csv,123139,2efd0d85d05896ef67d96465b39f4456c0f5632f1fa6b85a059f2a7cc0f18a9a
data/schedules/2026/season_calendar.csv,52655,3deaf8a6782c84760f4602673ba31401434d6884b0f81130e1e50c0d64b04c2b
data/schedules/2026/stage12g_chugoku_match_days_20261006.csv,9739,93e7fa5ef230294d130f7062e8d448cfc8a4dec9a8156fa02576e2124ba935f8
data/schedules/2026/stage12g_hokushinetsu_match_days_20261005.csv,12899,70ac51a91e6c80c7d5ae22c19004894e59edaef1ffcbb8c4e17856ded1a7248d
data/schedules/2026/stage12g_kanto_match_days_20261005.csv,20106,34d8a39383befbc5cf02c927b798ca564e2dbad84254e4c9fde6dd59450d6609
data/schedules/2026/stage12g_kinki_match_days_20261005.csv,18467,3d258ee196dbcb60073c299e3585e41e1e7a6e0d217292cc775b74a1efb10f33
data/schedules/2026/stage12g_kyushu_okinawa_match_days_20261006.csv,28188,2467b23dc678bef348ef2dd6de25a65874dca9140ea0f89b9751f65d70ee2e3a
data/schedules/2026/stage12g_shikoku_match_days_20261006.csv,10892,1fd7625835dfcc415d7953a0952fccffa62cec8cacc1c8f3226617c17337f593
data/schedules/2026/stage12g_tohoku_match_days_20261005.csv,14155,746e3f71d1e3c961c61492630285f232679a587944618c3de47d55eee272a89a
data/schedules/2026/stage12g_tokai_match_days_20261005.csv,8984,d41804875d5da99423762e3cc355e7dc676622caad12b116183b7a4daf4f6c20
data/schedules/2026/stage12g_tokyo_spring_match_days_20261006.csv,2350,da7624c008d13533a912652722b216a4be391433cb9145390d76e0ee149355c6
data/sources/phase2_sources.csv,114245,6828cb2ad109906a6b63c68df37245560dcd2add56ea5308092cd29597e0599d
docs/BUILD_SUMMARY.json,555,db5dbdc0c35424e511afebd345e6927773c603424a1d30ab1a6c61533da60f21
docs/data_dictionary/phase2_rule_engine_dictionary.csv,9657,83790fd058beb4cd24615a0b69c6352572cffc02075baaec8a655b57c7cf4b71
docs/data_dictionary/phase2_table_dictionary.csv,14146,cbf4e9fca21e4fef51355a2ad52e75169f72f309818b219823da7cf5b591f748
docs/FILE_PLACEMENT_MAP.csv,23904,d8fca1c4348bcc4e0b387747b21519bc4588df88291e618dc29e34f5682e3357
docs/GITHUB_FIRST_PUSH.md,704,04749c1734a40540e03a5f448d53ea259bc8ce0b5ae5ae727b144b5d434307e7
docs/KNOWN_LEGACY_ARTIFACTS.md,506,54dd10a789be7845177ba0e2e80508da7a86ec6a873121921b121601363a97c1
docs/MIGRATION_REPORT.md,1817,c8092f060f36aa532dfbddf3088a1dda0d20e1ebeb7d8796bfeb63bff2073d2b
docs/phase1_completed.txt,538,3a087af9fb08d89aa7efce6d82060712b6a4d47d3267e97f62424827787ed9a9
docs/research/stage12g_chugoku_20261006.md,5835,59e75680660bf486f8ec3cede44488ec412f04b247f80e11402266cba563bd09
docs/research/stage12g_hokushinetsu_20261005.md,7043,858a0ff6588b0e72b35b045f205f8d1a2f386875b04355201f6a979323c314ba
docs/research/stage12g_kanto_20261005.md,9993,3031a48ca61fe7f9966ed8133b86acbcf957442fcba6b1ef7285e874627674bb
docs/research/stage12g_kinki_20261005.md,5217,053d6b37b5f22de0ebeaf5e06576377077150721c2852ad48d4e3dc69a921106
docs/research/stage12g_kyushu_okinawa_20261006.md,4666,7cced9016165370e332df1469a453dbf5a54a6f48363d4f4710400d01f15b452
docs/research/stage12g_shikoku_20261006.md,5900,4e2e77f42a5de6bbc2678de52bebbe519cae684f5363aa327043acc1a3ef259c
docs/research/stage12g_tokai_20261005.md,5945,779f1a0b1fdcdf95686c2d65e73d65f1b5955b60b2b5259b6a94c7e6721b1531
docs/research/stage12g_tokyo_spring_20261006.md,3992,4f90f4fe98b83d529190669d85f1e69ea80b2211d69572b8cc4b0d3a12903845
docs/research/stage12h_prefectural_structure_fixes_20261006.md,2495,5e7a7336de73715d6f653c146fcc0d84c379d49c7a2059e6c5f107023040c596
docs/research/stage12i_autumn_reconciliation_20261006.md,2433,1fc8ce4c42e20f76d25456a59673ba5d661de4725a8523d03f78f83f1a201499
docs/research/stage12i_reconciliation_automation_20261006.md,3001,aab46dd9746940df9e355ea5563b5cc36d8171806981209bca3f4fd044347e39
docs/research/stage12j_regional_calendar_audit_20261006.md,3837,f9d73264568d2640d3de4a7085cc84ce4f1f1a3a2cf47b99967ede2cc55ad346
docs/research/stage12k_national_calendar_dependency_audit_20261006.md,3814,7923bffbcbffc127c8e5263c7c1e728a61f4f4402d51e3700019e6e68249c203
docs/research/stage12l_full_season_integration_audit_20261006.md,5116,00804b74ffdf84848e765189842e59b209ee69a70c5e3767386e302d2250f72f
docs/research/stage12m_hokkaido_tohoku_game_dates_20261006.md,2963,462ac123b6e24068af64dd2b92b4cca435b48ab80b291a1f765ce02a52571135
docs/research/stage12m_kanto_game_dates_20261006.md,2590,c4e54b857df693c743daa3bc68ac8870dd1d291ee1373663b6299be1f12de257
docs/research/stage12m_koshinetsu_hokuriku_game_dates_20261006.md,2614,321461a9bbe99f73a8cdca033471c0d052f79736fbbb7d01d2734dc07d81860d
docs/research/stage12m_tokai_game_dates_20261006.md,2499,d8d0106f467250555e027e763f8485ff502364af906d87c11b69ac2cbe63bffc
docs/research/stage12m_kinki_game_dates_20261006.md,3123,1baec2f374a7a4fa1c7af36c8706d4176516108932835f078caf10c6032d2a13
docs/research/stage12m_chugoku_game_dates_20261006.md,2490,54521a5096b58d9130f202f35342c65ea194c50a0aafc3c382171c6e308f2f12
docs/research/stage12m_shikoku_game_dates_20261006.md,2706,ec9ae40558433e4a25b9ee52d0a8ae4119bf0b0f1f4ad53fb28284de2044ba05
docs/research/stage12m_kyushu_okinawa_game_dates_20261006.md,3365,b74b132f5352924594ffc6628414c7e00e04388a037caa5afea6016cac773447
docs/stage12c_engine.md,12301,c0ca1e49d3ee7f020f263ae83b988d9ea23dd4059f394c59dbace83b3289a790
docs/status/phase2_progress_summary.csv,17230,d332b53fc6625f227939b9b84e58244b7027afbbd7af76ffb9c6b68c3f59919f
examples/gifu_autumn_2026_demo.py,1126,0bd34a249587bbe49ee24d9e07f9c741e2932bbdac45808a858b2fba8d1df041
phase2_engine/__init__.py,5081,71ffd7a3df93b82e1899f1978bf14672d70423c39923a6b0f5614737d41f1681
phase2_engine/brackets.py,16927,4869ae1910c5e772914c43dc55ce5d576a696c8176bb595665bc92a8239ec05e
phase2_engine/cli.py,7542,800f0f41f5dfbb4d09faa82bba9ca074375aaf6910a4aac893607e57288042d1
phase2_engine/engine.py,77722,f56731237aa5c70d562cf6a72cd8f9adea8766240f05868bf429f84781c814bb
phase2_engine/main_tournament.py,19529,ef02c4f5b0ad9d4996812a98be80e16c0bdf52717722e542ed59db1cf72cd1de
phase2_engine/models.py,4603,e180e9f93efdb3eeb0f8389a15337ea688938ecab35c8a6cb7c0dbda93a67e79
phase2_engine/paths.py,2620,e9c4d47414c890d355b87b945f1354d149507f2703009eb85ad4e45003bc5ff2
phase2_engine/randomness.py,641,30ce70614024a357e08c8bf75b08deb840c5109149f5e421376049db3fe7b8b6
phase2_engine/reconciliation_cli.py,1063,ec857b705f840f18657e47f488b2b7f9c3381b6f4e4deb08639472cfc5431209
phase2_engine/reconciliation.py,4052,666e9dac0fa87cea1b923bc55217a2d790617e0ec5be1be069da3b7ae617426e
phase2_engine/repository.py,7545,5a92f3cfb382d13a2c804373d48045328f45d3356d15ade72074c8c4789b65e2
phase2_engine/results.py,9661,54ac0c734896d43a64753864e0e834a85f53b5c1db8d20c2901c99b10b33be73
phase2_engine/season_cli.py,1484,39663bb7c17830a56397a129d86ec1db2f4942790aca797c58e506580f56a44a
phase2_engine/season_results.py,3295,77ebae3cf434fe9f81aea54a744ff2b03c66d9c53d594b6395b6376dfc580816
phase2_engine/season.py,55988,6c5e42285f37ca3b8474177e7c071b3ad4c5331ec987e57482609488d211d48c
README.md,13512,060af17399044567654da8d19ed08da2c2e0dd95161e512a76e3683a098a8df5
tests/test_stage12c_engine.py,5145,d0efe085e2ba68c314f110095664a497dad6f51920749f192ff664f9b789ebc4
tests/test_stage12c2_engine.py,8335,684827f58e37182012e550c8504a4cd30e4bd43a3047330199a33bc18c00ad2f
tests/test_stage12c3_engine.py,7736,42795f83c6357e0787731b3031263a65b16b9ceb53567f9e76476897ac81066e
tests/test_stage12c4_main_engine.py,11319,9281120dbdec4fde96725bccf2ab61126e12846658afe436385ab9f9b2f07c98
tests/test_stage12d_season_engine.py,5346,b925a85216e6d0ceefed7daec6cbf773e840f2e61b4c521e6e79c176e860e7f0
tests/test_stage12e_regional_feeders.py,5456,d4db0ad820539b01fcd70601d36ba868344951963907f725737b388c309659ed
tests/test_stage12f_tokyo_preliminary.py,5467,e14994dbabb56da1655f502f103f0c230caa73bdc00de860c09e5b8c435a2d95
tests/test_stage12g_chugoku_schedule.py,3546,cd2a05eace8976cefa8db6b660177f09822d1444f6114d2f1d3b36539f55d044
tests/test_stage12g_hokushinetsu_schedule.py,2841,e074392a8707c08588531c288c688c045d2fdadf2f198a1f436961502872fcbc
tests/test_stage12g_kanto_schedule.py,2679,c50b09b303e3757924f1966d1da0917342e86552a96b25c3358af445e98ee119
tests/test_stage12g_kinki_schedule.py,3157,8efb1bfecafaa06b8b30ce0228675dff077cdebfaafe569eb4d79da77b283721
tests/test_stage12g_kyushu_okinawa_schedule.py,3578,2f8fd6afa70ea1e7a84c3e9467f2ea01d455a339bb0404294a1aa22392250302
tests/test_stage12g_shikoku_schedule.py,3418,f34e8cbf3866a0a9daa44b9e3b0f50cfbf2e1453ae5db4f96c9424b483608f2b
tests/test_stage12g_tohoku_schedule.py,1987,22b78719e15a0712914e7acd3e95d9396da32fb244293ac13ea3e022a507ce14
tests/test_stage12g_tokai_schedule.py,2952,88805c51179b6543d92e9d3bc13e1d90f5c5e862cec5bf0078f23350bdf59774
tests/test_stage12g_tokyo_spring_schedule.py,3008,02f3f89b7757c50907876d546e75b094e17a4dfe520896c2c05a6bfc69002106
tests/test_stage12h_prefectural_structure_fixes.py,5194,9546e38e493b0eedf9b9c19b4cc0c0fd1a6879dbb82fe78c64f8450438fd9b17
tests/test_stage12i_autumn_reconciliation.py,2626,ab2031c2f446a3b03d960aa017954e6def4982d98e08621b93cda9715ec99631
tests/test_stage12i_reconciliation_automation.py,4392,556152bd8e27dbdec0a0f11c47e996d13822880adc6ee8fadbff42dba9c52185
tests/test_stage12j_regional_calendar_audit.py,3799,4d3937d71986147d3271fe3951f0dc6e324b86bfc2ec46e178f4fabec14bc41f
tests/test_stage12k_national_calendar_dependency_audit.py,4888,fa26f89b447a58d9edc81366aed2f46024744ffd1e25b9fa67e3d06c380f4ce2
tests/test_stage12l_full_season_integration_audit.py,6341,510881d064dfa31e0d729b4317a815c3fe4a4e0a331a47c5d929c64ebceb5a3e
tests/test_stage12m_hokkaido_tohoku_game_dates.py,4630,8d4ad65ae698f9c8a116a7e04c54551c02fa21af69ed013a441066bcf65e9f37
tests/test_stage12m_kanto_game_dates.py,4666,fc74439709d46c768743e5b49c4406e10871fbef64d55ab505cc24edd9b585a3
tests/test_stage12m_koshinetsu_hokuriku_game_dates.py,3923,20394138796b178e4cd5815209b898a3144feece6959a349714bfdb4a894767f
tests/test_stage12m_tokai_game_dates.py,3783,81be9437455d841e13f405e005cc541794120b9b7d1906542effd09d53a3d330
tests/test_stage12m_kinki_game_dates.py,4476,cff3a138c1b75b7596dd8f819bec27cb051e3ec2a835ee7cbee7e7409eeab295
tests/test_stage12m_chugoku_game_dates.py,3502,8b1d56424660f9042d8ed1879a22f7524fa566a27880b04698f904765baf1f52
tests/test_stage12m_shikoku_game_dates.py,3338,6379cefa5da8ce8b7907c275925a8bb15ff8c499e5fe1f7d43c9f802c02e695b
tests/test_stage12m_kyushu_okinawa_game_dates.py,4854,0c41bb0d3be1f3b659d2acd8d9262e562ed471c52b1242418d5c24245ad77da0
audits/phase2/stage12ij/stage12i_autumn_reconciliation_queue_20261006_eod.csv,2560,99d54b6262a7f4df0e6aea959d8d7873b45225a5fbebc14a561112831343b61e
audits/phase2/stage12ij/stage12i_recheck_status_20261006_eod.csv,2748,b7fe5c57cfc1f8dac48c637c16c815fff5566762928abc5c15eb06270dee916b
audits/phase2/stage12ij/stage12j_autumn_regional_recheck_queue_20261006_eod.csv,950,9256a35dab99161f2e2bd0f3cadd1ae1f283073432d4b15c58e93f8d657a9353
audits/phase2/stage12ij/stage12ij_autumn_actualization_audit_20261006_eod.csv,928,7b0a70e33b919aad2cad379add4d2bca6a76337697c9103ef9bda01449c7ab18
audits/phase2/stage12ij/stage12ij_remaining_work_20261006_eod.csv,659,9deb6848708e0d15e3738da689a6bba87d4b38c508af1f4b1b6ad12076769425
audits/phase2/stage12ij/stage12ij_validation_20261006_eod.csv,523,4006b193890091698f72edb9b6aab4eb417752262dfbe78293d2a3172a7eb702
docs/research/stage12ij_autumn_recheck_20261006_eod.md,2509,e46aff7974be85533280294422238bd2d5aa5589480942ad938898822c875be7
tests/test_stage12ij_autumn_recheck_20261006_eod.py,3444,299a2dd58b7a7cb5baf8c7ffe3b821a27e846f2c06df416d2c60bac422d70466
data/schedules/2026/autumn_recheck_calendar.csv,7570,ab973a9090c5cc35808e0d6c99e49d3d8431c1e443576b21daef50030edd7935
data/schedules/2026/competition_stage_calendar.csv,12573,db7c807516f6ab1dcf6db63cc2e090bc2686f15712e1e930039ac170b829539a
audits/phase2/stage12n/stage12n_recheck_checkpoints_20261007.csv,4904,34e0f3fefce51765d383b3dec4bc78b293cfb936c05a5942d4adc9807045ddc6
audits/phase2/stage12n/stage12n_validation_20261007.csv,565,c09eb1dc851b24286c3faf78e4792cc02f67402e7f354b5683f4504096d187d5
docs/research/stage12n_autumn_recheck_calendar_20261007.md,2805,744732b7b8c209c58f89379463f713cf409cb47950d9e6faaeb57ce39dc8d923
tests/test_stage12n_autumn_recheck_calendar.py,2921,4d130e7f6f33eae7db6e310eb40908f27975871a5ad154a1539e8cae5c5c3e5b
phase2_engine/recheck_calendar.py,5378,e3fd779b561d33dee8f8d64b51c5fad62058c5f3e33a3a65869fa6f27a297a3d
phase2_engine/recheck_calendar_cli.py,1000,8cbe7c85930cf4ef8a662598c2de895a8070c2b362a033620aa59df93bd6993d
audits/phase2/stage12o/stage12o_due_queue_20261007.csv,1067,5d7481fe1e268db5f70e14f1159950e172d569859a807d2670f17ac7d7c975fc
audits/phase2/stage12o/stage12o_validation_20261007.csv,352,8dae6f449e039252fabb4d7be123332cdc80a58072173837238651f5b85e5caa
docs/research/stage12o_checkpoint_due_queue_20261007.md,1903,5dddcfd24c7302c5fdf47a50ed1a7768f964c9661ebdf09ab5d1cda0cfbee006
tests/test_stage12o_recheck_calendar.py,3431,da9c46847fc2f0f569a67b427006f055e9ec55e64f75b5a2c03a766bdc721e06
phase2_engine/result_view.py,10808,636d8999427cf1f01ea4a892bd9ae7772bb3f286bda3a9951b471152aeb17652
audits/phase2/stage12p/stage12p_validation_20261007.csv,894,3c48683341ca906658ef15f6d863230f91836bc1441cc802d4f8a750dcf48065
docs/research/stage12p_result_view_score_projection_20261007.md,2974,48d81305b5ee78beb412a9134cd306f6a061c5ce509aed0809651cf98171c923
tests/test_stage12p_result_view.py,6218,b99bdd475a78b68d4f07cea0d91a3d4a0f9c396206f78414da57a1adabba6732
phase2_engine/browse_views.py,18392,fb97f8427d528e4a661c063fe198f0c041e3af6392d3f76afa150dd10f8c773e
audits/phase2/stage12q/stage12q_validation_20261007.csv,950,f8a5f9857ac127beb7bb828f253b6179acfbc05eeeed2b63dfbe22f9d2a91d85
docs/research/stage12q_browse_read_models_20261007.md,3170,2b69c7ce90f1aecf7fc8004538efd29eae50e38497ceb963712b11609905832d
tests/test_stage12q_browse_views.py,10404,12ba16955d3fbec6466b487a4ae0258401a78157a4850814d4642b9e46de6185
phase2_engine/browse_repository.py,54211,c692808bb7d9881a2a134bf7d22cfcfafae82486ec8b64de857dcdb1b5b3583c
audits/phase2/stage12r/stage12r_validation_20261007.csv,1152,4daec9b3ec7d6faa2581e0956885861ede88afdb5041d5462785f037dfca5ee0
docs/research/stage12r_sqlite_browse_repository_20261007.md,3313,0596c08ee9ba73506fabd491342269fe0756a86c746244bc71aae536ae55133b
tests/test_stage12r_browse_repository.py,13950,1e017b28393526cd523a30c5aab53b9644461f38e590980fddb7a012a88c2b77
phase2_engine/browse_gui_model.py,13784,6604e93defe2d7205c3003783f07e0491460331a9bbd125146b920ecd7ec65d5
phase2_engine/browse_gui.py,19075,7b7d0dd0c10ff4e0a0d66eb6c4dcd7f99c7e904b078ebb9334efb0f129b65dfb
tests/test_stage12s_readonly_gui.py,10902,b674ad044c5488518dffa59e0b23aa33054749cf5521ad11a45cfc622b0f7831
examples/run_browse_gui.bat,128,1615c20b531833a844d35f1a2fefcb38543a0cc6f7f872e66676776372d131ef
audits/phase2/stage12s/stage12s_validation_20261007.csv,996,f02f1ce0919ecb149ce75ae1c85c50874c378bff6e210b342861349ab5b3be9e
docs/research/stage12s_readonly_gui_20261007.md,3879,6fd01fb0e6b7754fb80a7664cdfa555b42329835420ed32aae28b88be9fb73f9
phase2_engine/browse_gui_enhanced.py,22192,d2c8ad0f90fb8319dfda7db5e1d1655510c0eda6ab4b74e53d0f6dd6ce1635d7
tests/test_stage12t_gui_filters_bracket_navigation.py,11862,fcbad16916e3f53c71d8dae13ab8b25fb70bfb1505fa859826646dc986dc9cd9
audits/phase2/stage12t/stage12t_validation_20261007.csv,1550,355491fd75cc9b923d70c04806553cf27640b409b220f28269e44fb2871685b9
docs/research/stage12t_gui_filters_bracket_navigation_20261007.md,5090,562444ef9e045d115b528a55e59ccfbab801ed2f5412cc9c1e74ed6b274cc34b
phase2_engine/browse_gui_stage12u.py,36169,50fdb65bb2c11cf7a631278947d69b368ce9452ddb4a88eee001f233305f35ee
tests/test_stage12u_gui_home_filters.py,14758,d5cd1649565a37e0e97f3c6419178196541de01b5a39145d0ab983829853e332
audits/phase2/stage12u/stage12u_validation_20261007.csv,1550,040961589d7b577f3bcd195b019cabaefe30b6646563285f8d258a1469309f88
docs/research/stage12u_gui_home_filters_20261007.md,4827,fdb5219fc886a5098ad9df1b96165b8e8d87d2d278d6bd360a7600b51b3c33cb
game_core/__init__.py,76,222a69dbe4bb8796ba60241889a2da08e1daa16f1efe06e9214ed1aa91aec7d2
game_core/players.py,10556,04d8d2e81a60813948a90cbfa973265c4b36f2569e3f5ba317a1af5660e1b51b
game_core/player_cli.py,1527,eab1701445e3b710722384867aad7a8f6c48cedb45784a2493ee95c648854ddc
tests/test_stage13a_player_roster.py,7185,f01aeb6e2c8973656c84cba3ead3a2ef4f820f8cdab467754f4c27eea84cc96a
audits/phase3/stage13a/stage13a_validation_20261007.csv,1272,1b98e30bb6e29bb4e37666da421ee6ff46a8ff029345bfc323437ae9367155c6
docs/research/stage13a_player_roster_foundation_20261007.md,4216,8b2df4dc4515593d62dc0c8d66baa24438ecb3afbc09728d37e8da5b759e7a16
config/abilities/ability_catalog_v1.json,7360,54f75a0e627d4926dd5c8405984ff148b9d56937e6f7a573d3964c5bae631a29
config/abilities/ability_scale_v1.json,1084,68df919f8b8aad924ff05266c550edeaab6fb1804bb1f432636c79b0ca7794de
config/abilities/player_generation_v1.json,3262,d7d177b79c19cf4dfefcb931bcb2c309deb6f1ba113c565897be84d4065c4cca
config/abilities/team_strength_v1.json,3000,bf2bf44458cff6a9bed1694abc5107da685f5cf115eada6898ba7fb7e19842aa
config/abilities/README.md,1584,77f336145513b5804e64102d5aac58b14286c380522ecdc1b74666bc392a8d30
game_core/ability_config.py,19290,b597612629de7f59e1be559b8e4ad2d8f2cbb9cb166dc2d4a665bbccf84fd849
docs/design/player_ability_design.md,3021,ed8d1a5c553c3df521136d18928765c960dc62b745ed7a9f6952ef3a50f320e2
docs/design/player_ability_catalog.md,2207,2ac847aeaed680f8dde76b8ec652f7640ffa58d723c0a431b6b36896bc93ee8d
docs/design/team_strength_design.md,2117,bdac7f48082e3d07ebd645f5037716b55cc2989aea42fb2f3472aabf966deada
docs/design/ability_tuning_workflow.md,1738,c1f1fb574e0bfc6991a14db7d8bc2ab5ff1db5054915befc6ed9caa8a25aab15
docs/tuning/README.md,281,8e0bfa8498bb3359f0c317459c2270bf649919792d6cd1e397eb500b7a67b761
docs/adr/ADR-001-team-strength-derived-from-players.md,756,e261e063c202f136d9fbbabfddb5806931c8f92ccf489143a7a770fcca54d0d0
docs/adr/ADR-002-ability-scale-and-display.md,621,a69d31aa66c1b346556fad24448bedd5c4290a7b10d5ad59a0fdf70708612d89
docs/adr/ADR-003-ability-snapshot-separation.md,603,575381eeebf462fdb40bbea59f4417694207b9f381bc0c81a0fef3b823e77357
docs/adr/ADR-004-versioned-rng-namespaces.md,828,e26d2ccdab711c614fd31cdeed244696fef207f364d2e02229536fe0aa7b1add
docs/adr/ADR-005-config-not-code-for-tuning.md,736,940347997759057a9885a0cf4b55a284a213e841543f7fe5875d93486be63eb2
tests/test_stage13b1_ability_design_governance.py,9578,bf46b42274bd139ab2e0d4117a8205b26c1bb9c9b329ef3f77b0204643ab03fc
audits/phase3/stage13b1/stage13b1_validation_20261007.csv,1369,f092e203cd8d2bd15e0e4d01df1ff201e9fd755196916f42cbc2baa35002d185
docs/research/stage13b1_ability_design_governance_20261007.md,3193,f2eedbb0ecebd471d202b84aaa9d5ea82078949cb2713e00c8da6fbd18c38c02
game_core/abilities.py,19300,33829001585442ca392c006c5539c568661a060a62b7cba0abb256f02ddf2a98
game_core/ability_audit.py,6337,821161035454f67b3ee21e1e756c391a6fdd9e13bd8f92cb48f4c8d449768638
game_core/ability_cli.py,3873,297488c6935d098c0fbf0052e5d1f65f54c21483c6713372856fedd3a565585b
audits/phase3/stage13b2/golden_seed_v1.json,2043,bd24c67a50a4f64d257fa31d2e29dcfff173ef0447dc8a638ee6edab6f08188b
audits/phase3/stage13b2/stage13b2_distribution_summary_20261007.csv,5703,92b2a1009de3425d6836efbcd51f0ffa5e265fe953b0b5cc8968139d2de600d4
tests/test_stage13b2_player_ability_generation.py,12858,2531a259157bc6c13b3d1a34b5525469ce73264b72cfe7b21abdc10daaf35494
docs/design/player_ability_snapshot.md,3146,5a5956f54eddf047caaadeaa0f227786c4cd34db2bb0b592a58ebf493c37508f
docs/tuning/stage13b2_initial_distribution_audit_20261007.md,2841,d3ff6da6940bf0adde0ed03a57bb8369762bfb38597fddd899c29410d10e5de0
docs/research/stage13b2_player_ability_generation_20261007.md,2692,e2d6ac6c948b3518980ddb25f11de6b3fe1160b303064ba5982b17b715458dd6
audits/phase3/stage13b2/stage13b2_validation_20261007.csv,1449,fb4990bcb3390f23e3ed25da22790af2304da5c4a22f1aaecb97095433afcb02
audits/phase3/stage13b4/stage13b4_intake_team_distribution_20261007.csv,6082,c1727bb5e62f0d5004283d7aba43dde228919280db726df1d141809838cff905
audits/phase3/stage13b4/stage13b4_validation_20261007.csv,1017,2aae7f8640829f5764ea1247c2fae7687eb5958e8b5b6bd096a7f35bbd2bcd88
config/abilities/school_intake_v1.json,1641,92102322753fbca479737cb3a18f632af684e1605624704b3e197daa80728ef0
docs/adr/ADR-006-school-difference-through-player-intake.md,1421,53544907f8b153a39d891309b8114ad7820f4c97eef5c1ec9c1d57f1dbaeb8c4
docs/design/school_intake_model.md,3378,6ba39ca310f8846e5a0d43ad55a5c1245a7a62a02b7adc0842204a234478c704
docs/design/team_strength_snapshot.md,3802,24fbe7242df511c02cf8b3364b81d142f77f2a8455bacf83f63daa25b0088fbc
docs/research/stage13b4_school_intake_20261007.md,3906,f24e319aaec45ab714dc152a67b5bcd21ab2e4abf9c05e151bc1dd9a8f36f90d
docs/tuning/stage13b4_school_intake_audit_20261007.md,4328,5b9d71cbe8e187061e8dd2317a192e171f0d83c4b738c294bd900d8421aa1062
game_core/school_intake.py,9327,320aaf17b9a6a46db65f3fe9ccd0ceca3a3d4f2d0c960605f5c99a6633de0419
game_core/stage13b4_audit.py,7716,8a117f5c9b24315a141aead303b88c0e8798e35edea604bc1265631e923bf1e9
game_core/team_strength.py,26279,3ba98de1e3b341d268ae09fee8ce09204d4a6bb2081fa7ecd11d421eca27640b
game_core/team_strength_cli.py,4130,01405b0184116d9dd8130524e4c8489ee997916a4840bb17f05de8397cb043db
tests/test_stage13b4_school_intake.py,13552,26bcbf1de2d03b66d0a48c7d28a9065831ddc035a5164a1c74e7a7a62c1fa5b1
audits/phase3/stage13c1/stage13c1_validation_20261007.csv,1254,5c44b968eb5af6cf86c859bc4077113308340a6783ce3c5710500a76c82d8a7b
config/match/README.md,1610,dd19b50957f0db7512c0ea674ed3a3e79a8961c597143a639c9cd9c8d512974e
config/match/event_catalog_v1.json,2634,6e94bf90370b1f809aeaf540f09ce05197072e6266af5583b76d51743b2245c5
config/match/game_stats_contract_v1.json,1165,d22ace1475d81d8c5f1f0579c2b70126ae74685c3bd0b8cf4e1f7a379f604ec0
config/match/match_simulation_v1.json,3151,d31460eaf81aa04e00ba23562d461d76e3ea8cb7fcef0c32ab545bf7179e5d72
docs/adr/ADR-007-match-simulator-owns-winner.md,1150,d8617f72f6a3f191be55d7c6f854ff8603fb1d1f3ba53307d7eeaf31108553f2
docs/adr/ADR-008-event-stats-reconciliation.md,1096,c9d81a3b54cdb83648d0806a84ad9cc1c664c1a2c51b9f2ce41052b8c1f7980d
docs/design/game_event_stats_contract.md,3418,1f872e48b52987899474d84fdd79fd032b581a28fb15cc916119896d3e3b0b5a
docs/design/match_simulation_contract.md,3769,0a91758ba4bb9364b5286166ceb7dc7c31599cc4a31f58b54f2bfd00bfc87446
docs/research/stage13c1_match_contract_20261007.md,3602,3dfeb28375d0b56e58f340646bbd144a13fb9770d2f10905a034436bc69a39b4
game_core/match_config.py,14688,34fdf705ad65af3338b0543140c59320102212d259ff6fea47a6630bf4f2e43f
game_core/match_contract.py,23981,7b22684ad3f7ce64cd0ce21543c8db14c8c3c4816d5dc6255a2e951ce99141f1
tests/test_stage13c1_match_contract.py,15235,71338f54377ef9a071d14c75886a4b8207ccb73fb85691ad0195c00b5303bc18
audits/phase3/stage13c2/stage13c2_match_distribution_20261007.csv,1023,04d3560ff869b7d98a3eb67f18568b24c4372fc1f8c468dcea214102ee6c2d8c
audits/phase3/stage13c2/stage13c2_validation_20261007.csv,1465,2f072932776e41ea95774a7c289996f93d7bd7e4ee722fb4bcf7eecfd57fd914
docs/adr/ADR-009-score-from-events.md,1731,9fd8f11b2d1b9f823a7978ce09c4074b9e1893fa1e17955a4b8a665ae7833561
docs/design/match_simulator_v1.md,4728,f99137ef7840d810836db90cf306ae0dea103a8fcd732057193f10e84cd9ba15
docs/research/stage13c2_match_simulator_20261007.md,4182,0571ec4570199ce36b9f792765d3dfc4c43b5b071f945ee1dc2ecca66b2f70d4
docs/tuning/stage13c2_initial_match_audit_20261007.md,5026,ec9705e850554c9b792878fa1f79eca6e7d6e2871b40682e12679d970d2e2138
game_core/match_simulator.py,34862,51284cc60e839356cd1000de400bb710b7568aba508f36ec5f4e2cd01cb42873
game_core/stage13c2_audit.py,12026,07c0737429f6040d8f02b902dce373ff2ea738b892d6d3564a371821a6b13057
tests/test_stage13c2_match_simulator.py,13963,2499bc504b8167b924d91e3772464e52cf592314d6c7abe935467d5fc8b3996f
audits/phase3/stage13c3/stage13c3_validation_20261007.csv,1521,3c5a6b1d966af82130c66f86424a99feeab07dd8a226f9cdc579a276aabc118a
docs/adr/ADR-010-tournament-match-resolution-boundary.md,1736,90cdd3abccd79dfd85b153fc5b91d064340a8b3f397d10277e170fdce247dbac
docs/design/tournament_ability_integration.md,4462,e9eb32a72c23fe06f3348b02ad1375ef49d38c67007e67a3602ce6612579b607
docs/research/stage13c3_tournament_integration_20261007.md,2781,46bb2ad8f9b311f68b7de2426bb9b52cee692c48d11c0f84f0e90914ee35d77b
game_core/tournament_bridge.py,6860,2f248a004a0aa0ca08f3b4b43e25c7b39ed9992d7446ba21cec8009491affda9
tests/test_stage13c3_tournament_integration.py,10133,0edfe63c6fa16f8cf00eed8593fe74550f60f00e456e8e915c36b40b0af0c8f9
audits/phase3/stage13c4/stage13c4_validation_20261007.csv,1562,267f770e1d7f077fc63ecfc134bcd64df976b1bdd83f10aa24bf9cfdb127b615
docs/adr/ADR-011-premain-match-resolution.md,1276,10ffa716ea6b1f521aaf9fa2f2aeb5525937b07d806ecafcc9a20ba07a56cf46
docs/adr/ADR-012-gamestats-sqlite.md,1128,581ddd3fcde57c9e29fbb1b64de3d3d5657a2efe5e2abfeb4466180e9e7fc1c9
docs/design/stage13c4_premain_season_sqlite.md,4476,62923bda6e34411dc16a1d4f4dde9cddd85e7caddb827533e21a052ee3c03500
docs/research/stage13c4_premain_season_sqlite_20261007.md,2514,bbcbdfcc75b828b691334a24cf9078cebe30e3b77930220ecb1f477008ebca9e
tests/test_stage13c4_premain_season_sqlite.py,13247,9f819c9ff47af2f27aa1d8b06e5c7559710bd7eae1dd872f40f6d753cff49ddd
audits/phase3/stage13d1/stage13d1_validation_20261007.csv,1424,a9e0189ea763cc97a7dfe0394ff4d23de3ddec9d1e463dc1a2966d9ba54ebf44
config/stats/README.md,690,b2fcb7c330d7b8b52494d76aac6e905801e93882000e6e8d4963189c1dc45f53
config/stats/player_rankings_v1.json,1293,382ed2e276713b96cf4d975f52f9a1c3d92fb8e1e77419a2bebd098aba6c9601
docs/adr/ADR-013-derived-player-rate-stats.md,1271,128bca0a44cbb748d56a8b67e7234de08f225f49bdb59bd4d058c921a3c0ad34
docs/design/player_stats_read_model.md,4136,d28c2694e95c9e1c10bf4903594c73cdd6ed3649c9c77d6b3b9dbf4e3924e40e
docs/research/stage13d1_player_stats_read_model_20261007.md,2189,0d4bb1e92f5f981cd78d082725ee6a24d48bff9672c3365e71334b537bcc4af9
phase2_engine/player_stats_read_model.py,20133,9e3092d385996a5a041b481c295329e5ccdc99679956b209adc457f209606fa5
tests/test_stage13d1_player_stats_read_model.py,16133,e35e52803f39fdda2da273f6d9a12785b730360dec6da65777cdee2bd881b8ae
audits/phase3/stage13d2/stage13d2_validation_20261007.csv,1218,244524c1ea1ec434c424575ad2f4684e68cb7dd5f9d9eb501b4d559099ae9008
docs/adr/ADR-014-separate-match-and-player-seeds.md,1767,a7b83e1a4bc11697bde04db47ea483f2fc326d29b46b14a2827fd8c14afa24ed
docs/adr/ADR-015-player-master-normalization.md,1108,975c1fcff7674383e351359d9b8e670188245be16f3aedaae444915b47896671
docs/design/player_master_gui_contract.md,4685,924939378daa80bec1371ee37239f979d91f05a30fe28a227f09ca0fc7c98c9e
docs/research/stage13d2_player_master_gui_contract_20261007.md,2728,8c423482bb7d9d95be7406b1d70157cc034b513fd9ca93cbcf45bde1ff99b177
tests/test_stage13d2_player_master_gui_contract.py,12432,01e86087bb415c52b2fe1f36b8a5354701d1c1e49a5f6badfc382decfd25eb1b
audits/phase3/stage13d3/stage13d3_validation_20261008.csv,1049,756800d949752bd84b8333404f35f4267e191911575b15aa48d9d97064f87951
docs/design/stage13d3_readonly_gui_player_stats.md,2784,758fd323a654e79489614bb9c98cb125994ed3ea2d56575277a482c6145bae61
docs/research/stage13d3_gui_manual_checklist_20261008.md,2640,3da8c94f1d36d2b1a018b9252708437331411c741cb050e222d25c93dd9502ae
docs/research/stage13d3_readonly_gui_player_stats_20261008.md,2979,b868caa8fabe114c8408917f888ea8bdfa99d5054a5c6794388ac672c2b2ebb8
phase2_engine/browse_gui_stage13d3.py,28385,bb15baca5317bbf97591fd10438912aa1555942806bd38d97a96b35c28721b03
tests/test_stage13d3_readonly_gui_player_stats.py,4484,feb89ec975919562f61d959dd6a5609ee0ac80808ff464d36846515d3b2f199c
audits/phase3/stage13e1/stage13e1_validation_20261008.csv,1272,c35f594270a097ac4473790da1b637e7d8a828d1dbc7815dd954fc5a2502748f
docs/adr/ADR-016-season-runtime-before-resumable-engine.md,1577,a6d0525e37e4c418bd5cbe9aed206aaeddc3f19de76c4b2128cba9233f49ca69
docs/design/season_runtime_state.md,4027,47336554d3e86ac51e0b858e6605d3ec9ada5e73dde811bccdcd2110c960ccd5
docs/research/stage13e1_season_runtime_state_20261008.md,2804,a3d11fde545507cae42326a0f5a26e39afadcd18dd960498f818f4dcb49d28bc
phase2_engine/season_runtime.py,21375,face68b3fb3e0468d247db9b25cce128bd20a0baca4ec061601c1b0b2b7134e1
tests/test_stage13e1_season_runtime_state.py,11893,4ed62133b093230f73980e5643fb3db36a4d4bc38be508c885313b3d40ff5bea
audits/phase3/stage13e2/stage13e2_validation_20261008.csv,1317,85512b618de623b2640d99deac8c0b3466c060a7e76ab1f7752c8c7d94a61b2c
docs/adr/ADR-017-resumable-main-bracket.md,1476,76897123da94c43802387e2353ed2d6ece1ecdca8fc58c81701058bd151bf2af
docs/design/resumable_main_tournament.md,4171,5682039ada086f3f240a5adac32b2c56e6864abcb94e09aaa6b6865b54522bd0
docs/research/stage13e2_resumable_main_tournament_20261008.md,1964,03d4de1cf6fd70fef75718f137cf6523f3e498257dd53fc21e730975e4afb5e4
phase2_engine/tournament_runtime.py,38042,91c5c396158375214c485844196e88523303322381124e3c6fac230d9a8a5d2c
tests/test_stage13e2_resumable_main_tournament.py,12155,90915f9cf8c0cd75beb30c44d54b7237480256a3c693a56330bb1654ef8a9001
audits/phase3/stage13e3a/stage13e3a_validation_20261008.csv,1127,eed9359e8ef55a741448b26f74cd1f19e6bd3da10e1da7a84c2bc15731a59ac9
docs/adr/ADR-018-premain-runtime-staged-migration.md,1313,1ae8c7f952bf284bd4d2c155910a67f471613b9da5629c501245f13b8f364b89
docs/design/premain_runtime_stage13e3a.md,2772,4d6bf841d35b4d5a74a03e8dce79aa7fc9154521744eea960c45ba1eb4efd4c0
docs/research/stage13e3a_premain_runtime_20261008.md,1471,298ebb579896e1a3b5d00934d79fca3437d0fd200d0e63a8a29e1f0cc161c5c8
phase2_engine/premain_runtime_common.py,3123,1d0a479ef7594bb56a6f4d9e4208a6a1854dc772546166dcb6d65de9d63d5b76
phase2_engine/premain_runtime_single_elim.py,9412,f85c2c9c080b0e1a56cfb1f2189638179a72b2ec354c4a11e945c1723f7e0a7e
phase2_engine/premain_runtime_gate.py,5385,54c63778715555477f60b423c4cfb188f54427868b620887c0e7a3bd13260f70
phase2_engine/premain_runtime_round_robin.py,6018,ad8f35603b4fab8f6a58e6b0f62900085bbed233671c0b59f6c0cfa0cce4fbce
phase2_engine/premain_runtime_forest.py,6171,82428a52314bea05c06e77d84ec676ed75843bb260847db7d530f7351ece7d0b
phase2_engine/premain_competition_runtime.py,31427,bfeb28192aff52ff678b0ce9c2a2c731fdf898bef5da24fba1dddee54b3fdc62
tests/test_stage13e3a_premain_runtime.py,11661,bd59da2a33d925d0d82eeb7aa5080102c4b65a4765c40dac912d310bb2cc8544
audits/phase3/stage13e3b1/stage13e3b1_validation_20261008.csv,1326,c0c895d33d9069663946a480f1bd82534cb894e14f781c0a1deb371a48096274
audits/phase3/stage13e3b2/stage13e3b2_validation_20261008.csv,2074,e2936973dcee41ff4f41937eaacaa34ea4d604445512879f67bb6236cc7b810b
audits/phase3/stage13e3b3/stage13e3b3_validation_20261008.csv,1907,316cddac18c9b189ca9caba836423861490bba35f97fe2e66deb2dffbfce5ede
audits/phase3/stage13e3c/stage13e3c_validation_20261008.csv,1649,5bc6fdce3774bc1903d650fddcbe524ebab8170af8f87f7da709837ab1860b21
audits/phase3/stage13e3d1/stage13e3d1_validation_20261008.csv,1576,e3dee4e42a0c83b785d84a8f2d8e55c793063a42837fbe165b2e2b873092dae4
audits/phase3/stage13e3d2/stage13e3d2_validation_20261008.csv,2050,25e0c29fb42e2ae38c6e0d77f9046d99af1f0f21079e01f7e088c8c5fb5e9436
audits/phase3/stage13e3d3/stage13e3d3_validation_20261008.csv,2018,039f5915f37391d9bafe6872636721eb4bdf7547a8cc8faa34b020bd0fd7b4aa
audits/phase3/stage13e3e1/stage13e3e1_validation_20261008.csv,2047,16bc4ec5a706191c06a82e30f0b94bb7e6d336bc0207f31c405297070b02285d
audits/phase3/stage13e3e2/stage13e3e2_validation_20261008.csv,1910,fa947239cf6ab732b8da3e991e2eb080cdcd3399088de056bac57629ad6b5269
audits/phase3/stage13e3e3/stage13e3e3_validation_20261008.csv,2276,d16007581bad2159f4202276e990dc3ecef359a96ee7230826c7f2d5b2610102
audits/phase3/stage13e3f1/stage13e3f1_validation_20261008.csv,3029,ef2c80c43554962ea0328ffc63cd106b7aadc71c290565009f757c6d3ae7b879
docs/adr/ADR-019-lazy-dependent-phase-activation.md,1155,ada4356709e213bb7717e15d98e15f93cd8e70f7789b7a97dc11f56621ecaad2
docs/adr/ADR-020-lazy-composite-premain-phases.md,1888,a310245f152cc6fbc40f55cc0b7aa69de8e609de94f5b98ed8c5f7934a9d5959
docs/adr/ADR-021-lazy-seed-event-stage-activation.md,1772,52182198a997dc7d2dfd76dd97ad63a53861e80ab86b1f87ae8cd7b3922969a1
docs/adr/ADR-022-ready-frontier-live-scheduling.md,1892,5dca345caa93607cbedc01ceae419be31cf438dc407620632eea4c6796a57ae0
docs/adr/ADR-023-source-result-release-date.md,2043,a1339a63e7cf65a662e2f8e2904316d8aec979782f41b79813d9d0a67d645656
docs/adr/ADR-024-fanin-dependency-materialization.md,2108,303125530979146e1d23e7620c094d35b86702baa3386d7a214a2bd27f90ef88
docs/adr/ADR-025-deferred-structural-materialization.md,2311,21d7776fdfe3b89549658ff6d3ae5625b0c2dfaa5e033474eadf931d6eefe12a
docs/adr/ADR-026-deterministic-replay-save.md,2960,42b91085d304a83bff3670cdbf8c5f45c489d0ca983e0305ad6050402aaa1dea
docs/adr/ADR-027-manual-autosave-slot-chains.md,2384,62d818dd2f5a5a37bd45ff6576b4cce977d2e9e3c35b5f62e4a04421c5a60166
docs/adr/ADR-028-slot-metadata-recovery-migration.md,2528,7e6cf75a599210f597558e71700d6dba91e82381a9740efaf3fdf8917b84d7f4
docs/adr/ADR-029-blocker-priority-by-dependency-impact.md,2340,e9918cc2bcaa3015a654f6450bb0772729a3bf9cd80f7e0eec190d5f12e524c8
docs/design/premain_runtime_fmt006_stage13e3b1.md,2487,6aeac27f5a47e8410125eeeec18f1cf44a08a44b0a4e2a4b793fc210c59ebe0a
docs/design/premain_runtime_composite_stage13e3b2.md,4486,fb60e3fb86e316331fa7758c5ebd51a03cf92c2d7cb84ac141ba46da54c5f72d
docs/design/premain_runtime_seed_event_stage13e3b3.md,3528,49b011a356bb9fa7454654f90f062492b6ca7315742148f6880c3e4225e445c8
docs/design/live_season_schedule_stage13e3c.md,5204,56804a01f9e9bb3c3e7eaac37a9e3c55a51b4b7f67fd8a6be07da00c7af4008a
docs/design/live_dependency_stage_calendar_stage13e3d1.md,5134,ec86bc51e6cbcd358a544bce56830d34a043228ba34d7efebf2f58cfd11710da
docs/design/live_qualification_regional_stage13e3d2.md,5855,f683ec80537b7ac0e5f244d54510212c85cd1e8023a75ec10f19ee627588eb9e
docs/design/full_season_live_graph_planner_stage13e3d3.md,6384,3ced5d261fc4260852cdd1ffce25b3b97c20df2ce08d04a21a19f58ad40fc2e2
docs/design/full_season_save_load_stage13e3e1.md,6953,b3c640d6d6b2372ffd02587b316a5d80251e4151e99435101acc3742fa5d1255
docs/design/save_slots_game_service_stage13e3e2.md,6805,eb3f898ff18bf33003bf61dba4a62967a3d943644a669b2014544322e948ac3b
docs/design/cli_metadata_recovery_migration_stage13e3e3.md,7315,10f2c85597d664ccdb7286cdb18e23e499cd462cded3e188a7aa223bf81e56c8
docs/design/full_season_live_blocker_audit_stage13e3f1.md,6450,6f72601551298b420abef80a925403ff83de1463e2ebbe9350781f6955c59ebb
docs/research/stage13e3b1_fmt006_runtime_20261008.md,1574,de2360d861738512fcaf033f7c8cb3e9aad0a0d6374044aa7c25366b16151ddb
docs/research/stage13e3b2_composite_runtime_20261008.md,3662,d9cfd8792b15fdb92f16ccb72028c179a3cb7d168946f1ddaafd4638470
docs/research/stage13e3b3_seed_event_runtime_20261008.md,2632,108143e49114287bd90e094bc260811bbb32f5bb6d716e4be93c5fd8fe843556
docs/research/stage13e3c_live_season_schedule_20261008.md,2922,546dfeaa120272180bd9de3ad09792168c91ee236bdfc4cf9e796c27cc12d804
docs/research/stage13e3d1_live_dependency_calendar_20261008.md,3139,57dbd3751efe744f2e76c1ae5eb2cd9b3585db2a6188947ec23066381acb0fd5
docs/research/stage13e3d2_qualification_regional_20261008.md,2719,b4d92b3af82980714c40975c456e95ac2ab48bddd6e53225532727ae1167120b
docs/research/stage13e3d3_full_season_planner_20261008.md,2648,0a63935bd86d13219e53a6470e4c38d9cc9f79c15f9e85070050af41f1d123df
docs/research/stage13e3e1_full_season_save_load_20261008.md,2565,5cf34db1fdf77aa5387e7c406df6b551fbea8a84093cb9fd275dbd8d4501217d
docs/research/stage13e3e2_save_slots_game_service_20261008.md,2414,9da42198e44c350fd25cb80d7ba444113d13fca7a14ab1e5db028257fdb6ef5b
docs/research/stage13e3e3_cli_metadata_recovery_20261008.md,2406,1b5058fe081c385dbd97155a1546939c31dc373ca346e5998081a931850e9b4c
docs/research/stage13e3f1_full_season_blocker_audit_20261008.md,2501,21ad4c348604ba4b4d4d8115b4a051e265c64b56ba514ef0d3116ad903b32f4e
phase2_engine/premain_runtime_fmt006.py,13475,e28ee5c6b3c71d8d54b06702963df39417b100b7d41a6c91ec9a5bb8a2826d3f
phase2_engine/premain_runtime_composite.py,46717,4959fe00b769d52decd42fd733d46c263db870d01b0971372f8e0c4c4dc9690f
phase2_engine/premain_runtime_seed_event.py,42392,3faf04d7d338e634b1c119c090eeee31176bb4abf6250d9fa9bf4fe81a3a16bd
phase2_engine/premain_graph_runtime.py,20514,1bc16356380a5090ee226d92dcdc43a54c9e720ad06e55a35aa697455eaa27d6
phase2_engine/competition_schedule_runtime.py,17947,2386e0c1905ef9a5d1830be42affa715cbfc7506014d544f5180e8cc5597f93a
phase2_engine/live_season_runtime.py,15796,1858b55164cac90bf833467af6c8b283e1d8a5a67da3bddee0b7a4aba0011e56
phase2_engine/stage_calendar.py,5416,15031e5af37edccac47839f143c717cb3b9a765163cc56e75e16ca7c8cd9e6a8
phase2_engine/live_season_dependency.py,56265,f4f25979d40c98bfebe051f01c4831d42265292d7787155b433590fd8218b09d
phase2_engine/live_season_planner.py,31562,96dc60a18fc53b02fe59b5a1f5e1ffc30154b83fff36c27a46a1c3ffd3448bc2
phase2_engine/live_season_save.py,16927,e72cb44e11cc2680857feeca6b76ee456bbd762bc4b8646e5b5c305f01f10ec0
phase2_engine/save_migrations.py,3780,46086672e192678649c663d1c9378292955c6b3719342e4e4d1e767e21388ae4
phase2_engine/save_slots.py,22009,e3ffc43a0ecce04ff92f6e3adf9da7329c3e017effba74f33baa32c3a3d83d39
phase2_engine/live_game_service.py,8915,b3701895916685e4f258baa000fe570d9c181750fc573588c6e4984caa49c8fa
phase2_engine/full_season_live_audit.py,33013,bb2ce64287e733f39def0748761c3194b8b89014ea83ac1b30d67255d1bc3826
phase2_engine/full_season_live_audit_cli.py,1527,1a3187e05c1146532b19519f52f393347c69508b594e391405cb8a3cd2d587bc
phase2_engine/live_game_cli.py,8611,6466d156560a523766d93a3bf66909a1f6460d6dde1af18c23f08d5faff9c54d
tests/test_stage13e3b1_fmt006_runtime.py,7368,77fe1f9f5f50accb62cd851e3f61ed29e6b4e24341a296995df1f288a7fc05e5
tests/test_stage13e3b2_composite_runtime.py,9319,bb0d93ef5293c8813786b60ae10c5cac1742bb789ae697b33eed4fb530648926
tests/test_stage13e3b3_seed_event_runtime.py,13353,66372110992062d20aa9538c1dbf6007d859d8edb8ec28a4dfa030f2d3169706
tests/test_stage13e3c_live_season_schedule.py,16939,189e57e4444ca53fec278a6bd6a14b7e0269ed4a192db65cbdb561b13f3c64c6
tests/test_stage13e3d1_live_dependency_calendar.py,15983,516e43a68f9a045f5a4aebfe2ef551e805a5c9a6b0830bd510ea12dbb9133048
tests/test_stage13e3d2_qualification_regional.py,16772,93b2b8fdcfb159a0e38cacbea3b91ffe87143e36780d554015c2faf3762e276f
tests/test_stage13e3d3_full_season_planner.py,9682,acaebe3eb7709437c00a1141699c352c17cf3b937087f857e785b9cbc9b1f8f4
tests/test_stage13e3e1_full_season_save_load.py,12596,698146a2ef51b12180bf9eaf8141486ad14b78938939b89c3fbb310e2cb22100
tests/test_stage13e3e2_save_slots_game_service.py,12717,ded420dcf6d99913f101ee62a36311c4643dbdade29ad6b439402e54487cfe25
tests/test_stage13e3e3_cli_metadata_migration.py,15381,9ce253c2214ac66f24ee7d51b70fc8fcc4125fa37b875c2435bf2569d69de165
tests/test_stage13e3f1_full_season_blocker_audit.py,14448,b53e7963c5beda5677257c9fdfefa741fd01697a2139e2909546ee6c7e443b2a
