observed_name,proposed_master_official_name,prefecture_code,reference_year,founder_category,publication_alias_url,school_authority_url,decision,proof_scope
五日市,広島県立五日市高等学校,34,2026,prefectural,https://www.sportsonline.jp/reportv2/PublisherFull/Rally.aspx?ParentID=RX%5DSZ,https://www.pref.hiroshima.lg.jp/site/kyouiku/14map-koukoumap-fr-tiku.html,reviewed_official_name_candidate_only,not_2026_federation_draw_confirmation
修道,修道高等学校,34,2026,private,https://www.sportsonline.jp/reportv2/PublisherFull/Rally.aspx?ParentID=RX%5DSZ,https://www.pref.hiroshima.lg.jp/soshiki/44/jugyouryoukeigen.html,reviewed_official_name_candidate_only,not_2026_federation_draw_confirmation
基町,広島市立基町高等学校,34,2026,municipal,https://www.sportsonline.jp/reportv2/PublisherFull/Rally.aspx?ParentID=RX%5DSZ,https://www.city.hiroshima.lg.jp/kikaku/houki/reiki_int/reiki_honbun/r500RG00000672.html,reviewed_official_name_candidate_only,not_2026_federation_draw_confirmation
大竹,広島県立大竹高等学校,34,2026,prefectural,https://www.sportsonline.jp/reportv2/PublisherFull/Rally.aspx?ParentID=RX%5DSZ,https://www.pref.hiroshima.lg.jp/site/kyouiku/14map-koukoumap-fr-tiku.html,reviewed_official_name_candidate_only,not_2026_federation_draw_confirmation
崇徳,崇徳高等学校,34,2026,private,https://www.sportsonline.jp/reportv2/PublisherFull/Rally.aspx?ParentID=RX%5DSZ,https://www.pref.hiroshima.lg.jp/soshiki/44/jugyouryoukeigen.html,reviewed_official_name_candidate_only,not_2026_federation_draw_confirmation
広島井口,広島県立広島井口高等学校,34,2026,prefectural,https://www.sportsonline.jp/reportv2/PublisherFull/Rally.aspx?ParentID=RX%5DSZ,https://www.pref.hiroshima.lg.jp/site/kyouiku/14map-koukoumap-fr-tiku.html,reviewed_official_name_candidate_only,not_2026_federation_draw_confirmation
広島観音,広島県立広島観音高等学校,34,2026,prefectural,https://www.sportsonline.jp/reportv2/PublisherFull/Rally.aspx?ParentID=RX%5DSZ,https://www.pref.hiroshima.lg.jp/site/kyouiku/14map-koukoumap-fr-tiku.html,reviewed_official_name_candidate_only,not_2026_federation_draw_confirmation
廿日市,広島県立廿日市高等学校,34,2026,prefectural,https://www.sportsonline.jp/reportv2/PublisherFull/Rally.aspx?ParentID=RX%5DSZ,https://www.pref.hiroshima.lg.jp/site/kyouiku/14map-koukoumap-fr-tiku.html,reviewed_official_name_candidate_only,not_2026_federation_draw_confirmation
廿日市西,広島県立廿日市西高等学校,34,2026,prefectural,https://www.sportsonline.jp/reportv2/PublisherFull/Rally.aspx?ParentID=RX%5DSZ,https://www.pref.hiroshima.lg.jp/site/kyouiku/14map-koukoumap-fr-tiku.html,reviewed_official_name_candidate_only,not_2026_federation_draw_confirmation
美鈴が丘,広島市立美鈴が丘高等学校,34,2026,municipal,https://www.sportsonline.jp/reportv2/PublisherFull/Rally.aspx?ParentID=RX%5DSZ,https://www.city.hiroshima.lg.jp/kikaku/houki/reiki_int/reiki_honbun/r500RG00000672.html,reviewed_official_name_candidate_only,not_2026_federation_draw_confirmation
舟入,広島市立舟入高等学校,34,2026,municipal,https://www.sportsonline.jp/reportv2/PublisherFull/Rally.aspx?ParentID=RX%5DSZ,https://www.city.hiroshima.lg.jp/kikaku/houki/reiki_int/reiki_honbun/r500RG00000672.html,reviewed_official_name_candidate_only,not_2026_federation_draw_confirmation
