review_id,document_year,season,district_code,stage_group_id,transition_id,school_display_name,from_match_id,to_match_id,observed_outcome,transition_kind,from_zone_scope,to_zone_scope,official_document_url,from_official_match_number,to_official_match_number,official_from_number_locator,official_to_number_locator,official_arrow_locator,official_arrow_verified,official_independent_reviewer,official_review_status,review_priority,live_runtime_enabled
HEVR2026001,2026,autumn,west,SGR000144,HPTR20260072,広島井口,HT20260175,HT20260173,winner,WIN_PRIMARY_TO_PRIMARY,A,A,https://drive.google.com/file/d/1VxVW_r_L5MwnP3hkqZToGe3o5StK5NQ-/view?usp=sharing,,,,,,no,,requires_high_resolution_official_number_arrow_review,other_observed_continuation,no
HEVR2026002,2026,autumn,west,SGR000144,HPTR20260073,広島井口,HT20260173,HT20260172,loser,LOSS_PRIMARY_TO_REPECHAGE,A,A,https://drive.google.com/file/d/1VxVW_r_L5MwnP3hkqZToGe3o5StK5NQ-/view?usp=sharing,,,,,,no,,requires_high_resolution_official_number_arrow_review,primary_loser_to_repechage,no
HEVR2026003,2026,autumn,west,SGR000144,HPTR20260074,広島井口,HT20260172,HT20260035,winner,WIN_REPECHAGE_TO_REPECHAGE,A,A,https://drive.google.com/file/d/1VxVW_r_L5MwnP3hkqZToGe3o5StK5NQ-/view?usp=sharing,,,,,,no,,requires_high_resolution_official_number_arrow_review,other_observed_continuation,no
HEVR2026004,2026,autumn,west,SGR000144,HPTR20260075,宮島工,HT20260176,HT20260068,winner,WIN_PRIMARY_TO_PRIMARY,A,A,https://drive.google.com/file/d/1VxVW_r_L5MwnP3hkqZToGe3o5StK5NQ-/view?usp=sharing,,,,,,no,,requires_high_resolution_official_number_arrow_review,other_observed_continuation,no
HEVR2026005,2026,autumn,west,SGR000144,HPTR20260076,宮島工,HT20260068,HT20260035,loser,LOSS_PRIMARY_TO_REPECHAGE,A,A,https://drive.google.com/file/d/1VxVW_r_L5MwnP3hkqZToGe3o5StK5NQ-/view?usp=sharing,,,,,,no,,requires_high_resolution_official_number_arrow_review,primary_loser_to_repechage,no
HEVR2026006,2026,autumn,west,SGR000144,HPTR20260170,広島商,HT20260173,HT20260068,winner,WIN_PRIMARY_TO_PRIMARY,A,A,https://drive.google.com/file/d/1VxVW_r_L5MwnP3hkqZToGe3o5StK5NQ-/view?usp=sharing,,,,,,no,,requires_high_resolution_official_number_arrow_review,other_observed_continuation,no
HEVR2026007,2026,autumn,west,SGR000144,HPTR20260171,山陽,HT20260178,HT20260069,winner,WIN_PRIMARY_TO_PRIMARY,B,B,https://drive.google.com/file/d/1VxVW_r_L5MwnP3hkqZToGe3o5StK5NQ-/view?usp=sharing,,,,,,no,,requires_high_resolution_official_number_arrow_review,other_observed_continuation,no
HEVR2026008,2026,autumn,west,SGR000144,HPTR20260172,基町,HT20260181,HT20260069,winner,WIN_PRIMARY_TO_PRIMARY,B,B,https://drive.google.com/file/d/1VxVW_r_L5MwnP3hkqZToGe3o5StK5NQ-/view?usp=sharing,,,,,,no,,requires_high_resolution_official_number_arrow_review,other_observed_continuation,no
HEVR2026009,2026,autumn,west,SGR000144,HPTR20260173,基町,HT20260069,HT20260070,loser,LOSS_PRIMARY_TO_REPECHAGE,B,B,https://drive.google.com/file/d/1VxVW_r_L5MwnP3hkqZToGe3o5StK5NQ-/view?usp=sharing,,,,,,no,,requires_high_resolution_official_number_arrow_review,primary_loser_to_repechage,no
HEVR2026010,2026,autumn,west,SGR000144,HPTR20260174,舟入,HT20260181,HT20260179,loser,LOSS_PRIMARY_TO_REPECHAGE,B,B,https://drive.google.com/file/d/1VxVW_r_L5MwnP3hkqZToGe3o5StK5NQ-/view?usp=sharing,,,,,,no,,requires_high_resolution_official_number_arrow_review,primary_loser_to_repechage,no
HEVR2026011,2026,autumn,west,SGR000144,HPTR20260175,舟入,HT20260179,HT20260177,winner,WIN_REPECHAGE_TO_REPECHAGE,B,B,https://drive.google.com/file/d/1VxVW_r_L5MwnP3hkqZToGe3o5StK5NQ-/view?usp=sharing,,,,,,no,,requires_high_resolution_official_number_arrow_review,other_observed_continuation,no
HEVR2026012,2026,autumn,west,SGR000144,HPTR20260176,舟入,HT20260177,HT20260070,winner,WIN_REPECHAGE_TO_REPECHAGE,B,B,https://drive.google.com/file/d/1VxVW_r_L5MwnP3hkqZToGe3o5StK5NQ-/view?usp=sharing,,,,,,no,,requires_high_resolution_official_number_arrow_review,other_observed_continuation,no
HEVR2026013,2026,autumn,west,SGR000144,HPTR20260177,広島国泰寺,HT20260189,HT20260071,winner,WIN_PRIMARY_TO_PRIMARY,C,C,https://drive.google.com/file/d/1VxVW_r_L5MwnP3hkqZToGe3o5StK5NQ-/view?usp=sharing,,,,,,no,,requires_high_resolution_official_number_arrow_review,other_observed_continuation,no
HEVR2026014,2026,autumn,west,SGR000144,HPTR20260178,修大協創,HT20260187,HT20260071,winner,WIN_PRIMARY_TO_PRIMARY,C,C,https://drive.google.com/file/d/1VxVW_r_L5MwnP3hkqZToGe3o5StK5NQ-/view?usp=sharing,,,,,,no,,requires_high_resolution_official_number_arrow_review,other_observed_continuation,no
HEVR2026015,2026,autumn,west,SGR000144,HPTR20260179,修大協創,HT20260071,HT20260182,loser,LOSS_PRIMARY_TO_REPECHAGE,C,C,https://drive.google.com/file/d/1VxVW_r_L5MwnP3hkqZToGe3o5StK5NQ-/view?usp=sharing,,,,,,no,,requires_high_resolution_official_number_arrow_review,primary_loser_to_repechage,no
HEVR2026016,2026,autumn,west,SGR000144,HPTR20260180,広島工大,HT20260187,HT20260185,loser,LOSS_PRIMARY_TO_REPECHAGE,C,C,https://drive.google.com/file/d/1VxVW_r_L5MwnP3hkqZToGe3o5StK5NQ-/view?usp=sharing,,,,,,no,,requires_high_resolution_official_number_arrow_review,primary_loser_to_repechage,no
HEVR2026017,2026,autumn,west,SGR000144,HPTR20260181,広島工大,HT20260185,HT20260182,winner,WIN_REPECHAGE_TO_REPECHAGE,C,C,https://drive.google.com/file/d/1VxVW_r_L5MwnP3hkqZToGe3o5StK5NQ-/view?usp=sharing,,,,,,no,,requires_high_resolution_official_number_arrow_review,other_observed_continuation,no
HEVR2026018,2026,autumn,west,SGR000144,HPTR20260182,広島工大,HT20260182,HT20260072,winner,WIN_REPECHAGE_TO_REPECHAGE,C,C;D,https://drive.google.com/file/d/1VxVW_r_L5MwnP3hkqZToGe3o5StK5NQ-/view?usp=sharing,,,,,,no,,requires_high_resolution_official_number_arrow_review,runnerup_C_D_cross_gate,no
HEVR2026019,2026,autumn,west,SGR000144,HPTR20260183,広島城北,HT20260188,HT20260073,winner,WIN_PRIMARY_TO_PRIMARY,D,D,https://drive.google.com/file/d/1VxVW_r_L5MwnP3hkqZToGe3o5StK5NQ-/view?usp=sharing,,,,,,no,,requires_high_resolution_official_number_arrow_review,other_observed_continuation,no
HEVR2026020,2026,autumn,west,SGR000144,HPTR20260184,広島城北,HT20260073,HT20260183,loser,LOSS_PRIMARY_TO_REPECHAGE,D,D,https://drive.google.com/file/d/1VxVW_r_L5MwnP3hkqZToGe3o5StK5NQ-/view?usp=sharing,,,,,,no,,requires_high_resolution_official_number_arrow_review,primary_loser_to_repechage,no
HEVR2026021,2026,autumn,west,SGR000144,HPTR20260185,広島城北,HT20260183,HT20260072,winner,WIN_REPECHAGE_TO_REPECHAGE,D,C;D,https://drive.google.com/file/d/1VxVW_r_L5MwnP3hkqZToGe3o5StK5NQ-/view?usp=sharing,,,,,,no,,requires_high_resolution_official_number_arrow_review,runnerup_C_D_cross_gate,no
HEVR2026022,2026,autumn,west,SGR000144,HPTR20260186,崇徳,HT20260186,HT20260073,winner,WIN_PRIMARY_TO_PRIMARY,D,D,https://drive.google.com/file/d/1VxVW_r_L5MwnP3hkqZToGe3o5StK5NQ-/view?usp=sharing,,,,,,no,,requires_high_resolution_official_number_arrow_review,other_observed_continuation,no
HEVR2026023,2026,autumn,west,SGR000144,HPTR20260255,大竹,HT20260175,HT20260174,loser,LOSS_PRIMARY_TO_REPECHAGE,A,A,https://drive.google.com/file/d/1VxVW_r_L5MwnP3hkqZToGe3o5StK5NQ-/view?usp=sharing,,,,,,no,,requires_high_resolution_official_number_arrow_review,primary_loser_to_repechage,no
HEVR2026024,2026,autumn,west,SGR000144,HPTR20260256,大竹,HT20260174,HT20260172,winner,WIN_REPECHAGE_TO_REPECHAGE,A,A,https://drive.google.com/file/d/1VxVW_r_L5MwnP3hkqZToGe3o5StK5NQ-/view?usp=sharing,,,,,,no,,requires_high_resolution_official_number_arrow_review,other_observed_continuation,no
HEVR2026025,2026,autumn,west,SGR000144,HPTR20260257,廿日市西,HT20260176,HT20260174,loser,LOSS_PRIMARY_TO_REPECHAGE,A,A,https://drive.google.com/file/d/1VxVW_r_L5MwnP3hkqZToGe3o5StK5NQ-/view?usp=sharing,,,,,,no,,requires_high_resolution_official_number_arrow_review,primary_loser_to_repechage,no
HEVR2026026,2026,autumn,west,SGR000144,HPTR20260258,修道,HT20260180,HT20260178,winner,WIN_PRIMARY_TO_PRIMARY,B,B,https://drive.google.com/file/d/1VxVW_r_L5MwnP3hkqZToGe3o5StK5NQ-/view?usp=sharing,,,,,,no,,requires_high_resolution_official_number_arrow_review,other_observed_continuation,no
HEVR2026027,2026,autumn,west,SGR000144,HPTR20260259,修道,HT20260178,HT20260177,loser,LOSS_PRIMARY_TO_REPECHAGE,B,B,https://drive.google.com/file/d/1VxVW_r_L5MwnP3hkqZToGe3o5StK5NQ-/view?usp=sharing,,,,,,no,,requires_high_resolution_official_number_arrow_review,primary_loser_to_repechage,no
HEVR2026028,2026,autumn,west,SGR000144,HPTR20260260,広島観音,HT20260180,HT20260179,loser,LOSS_PRIMARY_TO_REPECHAGE,B,B,https://drive.google.com/file/d/1VxVW_r_L5MwnP3hkqZToGe3o5StK5NQ-/view?usp=sharing,,,,,,no,,requires_high_resolution_official_number_arrow_review,primary_loser_to_repechage,no
HEVR2026029,2026,autumn,west,SGR000144,HPTR20260261,美鈴が丘,HT20260186,HT20260184,loser,LOSS_PRIMARY_TO_REPECHAGE,D,D,https://drive.google.com/file/d/1VxVW_r_L5MwnP3hkqZToGe3o5StK5NQ-/view?usp=sharing,,,,,,no,,requires_high_resolution_official_number_arrow_review,primary_loser_to_repechage,no
HEVR2026030,2026,autumn,west,SGR000144,HPTR20260262,美鈴が丘,HT20260184,HT20260183,winner,WIN_REPECHAGE_TO_REPECHAGE,D,D,https://drive.google.com/file/d/1VxVW_r_L5MwnP3hkqZToGe3o5StK5NQ-/view?usp=sharing,,,,,,no,,requires_high_resolution_official_number_arrow_review,other_observed_continuation,no
HEVR2026031,2026,autumn,west,SGR000144,HPTR20260263,廿日市,HT20260188,HT20260184,loser,LOSS_PRIMARY_TO_REPECHAGE,D,D,https://drive.google.com/file/d/1VxVW_r_L5MwnP3hkqZToGe3o5StK5NQ-/view?usp=sharing,,,,,,no,,requires_high_resolution_official_number_arrow_review,primary_loser_to_repechage,no
HEVR2026032,2026,autumn,west,SGR000144,HPTR20260264,五日市,HT20260189,HT20260185,loser,LOSS_PRIMARY_TO_REPECHAGE,C,C,https://drive.google.com/file/d/1VxVW_r_L5MwnP3hkqZToGe3o5StK5NQ-/view?usp=sharing,,,,,,no,,requires_high_resolution_official_number_arrow_review,primary_loser_to_repechage,no
