observed_name,school_id,verification_stage,reference_year,verification_basis
五日市,SCH001793,stage39,2026,ci_verified_unique_2026_active_hardball_master
修大協創,SCH001859,stage38,2026,ci_verified_unique_2026_active_hardball_master
修道,SCH001769,stage39,2026,ci_verified_unique_2026_active_hardball_master
基町,SCH001779,stage39,2026,ci_verified_unique_2026_active_hardball_master
大竹,SCH001805,stage39,2026,ci_verified_unique_2026_active_hardball_master
宮島工,SCH001810,stage38,2026,ci_verified_unique_2026_active_hardball_master
山陽,SCH001774,stage37,2026,ci_verified_unique_2026_active_hardball_master
崇徳,SCH001775,stage39,2026,ci_verified_unique_2026_active_hardball_master
広島井口,SCH001814,stage39,2026,ci_verified_unique_2026_active_hardball_master
広島商,SCH001815,stage38,2026,ci_verified_unique_2026_active_hardball_master
広島国泰寺,SCH001816,stage38,2026,ci_verified_unique_2026_active_hardball_master
広島城北,SCH001777,stage37,2026,ci_verified_unique_2026_active_hardball_master
広島工大,SCH001778,stage38,2026,ci_verified_unique_2026_active_hardball_master
広島観音,SCH001818,stage39,2026,ci_verified_unique_2026_active_hardball_master
廿日市,SCH001825,stage39,2026,ci_verified_unique_2026_active_hardball_master
廿日市西,SCH001824,stage39,2026,ci_verified_unique_2026_active_hardball_master
美鈴が丘,SCH001783,stage39,2026,ci_verified_unique_2026_active_hardball_master
舟入,SCH001784,stage39,2026,ci_verified_unique_2026_active_hardball_master
