ordinal,school_id,prefecture_code,fixture_kind,notes
1,SCH003600,01,structural_bootstrap,selection_rules quotaを満たすdeterministic structural fixture。実際の2026選抜出場校リストではない。
2,SCH002223,06,structural_bootstrap,selection_rules quotaを満たすdeterministic structural fixture。実際の2026選抜出場校リストではない。
3,SCH002225,06,structural_bootstrap,selection_rules quotaを満たすdeterministic structural fixture。実際の2026選抜出場校リストではない。
4,SCH002247,06,structural_bootstrap,selection_rules quotaを満たすdeterministic structural fixture。実際の2026選抜出場校リストではない。
5,SCH003360,14,structural_bootstrap,selection_rules quotaを満たすdeterministic structural fixture。実際の2026選抜出場校リストではない。
6,SCH002067,11,structural_bootstrap,selection_rules quotaを満たすdeterministic structural fixture。実際の2026選抜出場校リストではない。
7,SCH000086,09,structural_bootstrap,selection_rules quotaを満たすdeterministic structural fixture。実際の2026選抜出場校リストではない。
8,SCH003230,14,structural_bootstrap,selection_rules quotaを満たすdeterministic structural fixture。実際の2026選抜出場校リストではない。
9,SCH000883,13,structural_bootstrap,selection_rules quotaを満たすdeterministic structural fixture。実際の2026選抜出場校リストではない。
10,SCH000178,15,structural_bootstrap,selection_rules quotaを満たすdeterministic structural fixture。実際の2026選抜出場校リストではない。
11,SCH002586,16,structural_bootstrap,selection_rules quotaを満たすdeterministic structural fixture。実際の2026選抜出場校リストではない。
12,SCH001412,23,structural_bootstrap,selection_rules quotaを満たすdeterministic structural fixture。実際の2026選抜出場校リストではない。
13,SCH000384,24,structural_bootstrap,selection_rules quotaを満たすdeterministic structural fixture。実際の2026選抜出場校リストではない。
14,SCH001555,23,structural_bootstrap,selection_rules quotaを満たすdeterministic structural fixture。実際の2026選抜出場校リストではない。
15,SCH003563,28,structural_bootstrap,selection_rules quotaを満たすdeterministic structural fixture。実際の2026選抜出場校リストではない。
16,SCH001342,26,structural_bootstrap,selection_rules quotaを満たすdeterministic structural fixture。実際の2026選抜出場校リストではない。
17,SCH002429,25,structural_bootstrap,selection_rules quotaを満たすdeterministic structural fixture。実際の2026選抜出場校リストではない。
18,SCH003115,27,structural_bootstrap,selection_rules quotaを満たすdeterministic structural fixture。実際の2026選抜出場校リストではない。
19,SCH002448,25,structural_bootstrap,selection_rules quotaを満たすdeterministic structural fixture。実際の2026選抜出場校リストではない。
20,SCH003491,28,structural_bootstrap,selection_rules quotaを満たすdeterministic structural fixture。実際の2026選抜出場校リストではない。
21,SCH002639,35,structural_bootstrap,selection_rules quotaを満たすdeterministic structural fixture。実際の2026選抜出場校リストではない。
22,SCH001793,34,structural_bootstrap,selection_rules quotaを満たすdeterministic structural fixture。実際の2026選抜出場校リストではない。
23,SCH001157,36,structural_bootstrap,selection_rules quotaを満たすdeterministic structural fixture。実際の2026選抜出場校リストではない。
24,SCH002322,37,structural_bootstrap,selection_rules quotaを満たすdeterministic structural fixture。実際の2026選抜出場校リストではない。
25,SCH000467,46,structural_bootstrap,selection_rules quotaを満たすdeterministic structural fixture。実際の2026選抜出場校リストではない。
26,SCH002336,41,structural_bootstrap,selection_rules quotaを満たすdeterministic structural fixture。実際の2026選抜出場校リストではない。
27,SCH000612,40,structural_bootstrap,selection_rules quotaを満たすdeterministic structural fixture。実際の2026選抜出場校リストではない。
28,SCH000520,40,structural_bootstrap,selection_rules quotaを満たすdeterministic structural fixture。実際の2026選抜出場校リストではない。
29,SCH002328,41,structural_bootstrap,selection_rules quotaを満たすdeterministic structural fixture。実際の2026選抜出場校リストではない。
30,SCH000091,09,structural_bootstrap,selection_rules quotaを満たすdeterministic structural fixture。実際の2026選抜出場校リストではない。
31,SCH002035,11,structural_bootstrap,selection_rules quotaを満たすdeterministic structural fixture。実際の2026選抜出場校リストではない。
32,SCH003139,27,structural_bootstrap,selection_rules quotaを満たすdeterministic structural fixture。実際の2026選抜出場校リストではない。
