rule_id,source_competition_id,destination_competition_id,source_result,resolved_school_ids,expected_count,date_status,status,notes
QRL000001,CMP000023,CMP000002,winner,SCH003677,1,PASS,PASS,
QRL000002,CMP000024,CMP000002,winner,SCH003623,1,PASS,PASS,
QRL000003,CMP000025,CMP000002,winner,SCH000038,1,PASS,PASS,
QRL000004,CMP000026,CMP000002,winner,SCH002817,1,PASS,PASS,
QRL000005,CMP000027,CMP000002,winner,SCH001944,1,PASS,PASS,
QRL000006,CMP000028,CMP000002,winner,SCH002248,1,PASS,PASS,
QRL000007,CMP000029,CMP000002,winner,SCH001900,1,PASS,PASS,
QRL000008,CMP000030,CMP000002,winner,SCH001629,1,PASS,PASS,
QRL000009,CMP000031,CMP000002,winner,SCH002884,1,PASS,PASS,
QRL000010,CMP000032,CMP000002,winner,SCH000076,1,PASS,PASS,
QRL000011,CMP000033,CMP000002,winner,SCH002943,1,PASS,PASS,
QRL000012,CMP000034,CMP000002,winner,SCH002008,1,PASS,PASS,
QRL000013,CMP000035,CMP000002,winner,SCH000952,1,PASS,PASS,
QRL000014,CMP000036,CMP000002,winner,SCH000669,1,PASS,PASS,
QRL000015,CMP000037,CMP000002,winner,SCH000817,1,PASS,PASS,
QRL000016,CMP000038,CMP000002,winner,SCH003329,1,PASS,PASS,
QRL000017,CMP000039,CMP000002,winner,SCH000150,1,PASS,PASS,
QRL000018,CMP000040,CMP000002,winner,SCH001664,1,PASS,PASS,
QRL000019,CMP000041,CMP000002,winner,SCH000202,1,PASS,PASS,
QRL000020,CMP000042,CMP000002,winner,SCH002555,1,PASS,PASS,
QRL000021,CMP000043,CMP000002,winner,SCH001526,1,PASS,PASS,
QRL000022,CMP000044,CMP000002,winner,SCH000276,1,PASS,PASS,
QRL000023,CMP000045,CMP000002,winner,SCH000411,1,PASS,PASS,
QRL000024,CMP000046,CMP000002,winner,SCH002573,1,PASS,PASS,
QRL000025,CMP000047,CMP000002,winner,SCH001762,1,PASS,PASS,
QRL000026,CMP000048,CMP000002,winner,SCH002283,1,PASS,PASS,
QRL000027,CMP000049,CMP000002,winner,SCH002441,1,PASS,PASS,
QRL000028,CMP000050,CMP000002,winner,SCH001363,1,PASS,PASS,
QRL000029,CMP000051,CMP000002,winner,SCH003140,1,PASS,PASS,
QRL000030,CMP000052,CMP000002,winner,SCH003468,1,PASS,PASS,
QRL000031,CMP000053,CMP000002,winner,SCH002160,1,PASS,PASS,
QRL000032,CMP000054,CMP000002,winner,SCH001190,1,PASS,PASS,
QRL000033,CMP000055,CMP000002,winner,SCH001092,1,PASS,PASS,
QRL000034,CMP000056,CMP000002,winner,SCH001842,1,PASS,PASS,
QRL000035,CMP000057,CMP000002,winner,SCH000298,1,PASS,PASS,
QRL000036,CMP000058,CMP000002,winner,SCH000341,1,PASS,PASS,
QRL000037,CMP000059,CMP000002,winner,SCH002661,1,PASS,PASS,
QRL000038,CMP000060,CMP000002,winner,SCH002300,1,PASS,PASS,
QRL000039,CMP000061,CMP000002,winner,SCH001165,1,PASS,PASS,
QRL000040,CMP000062,CMP000002,winner,SCH001230,1,PASS,PASS,
QRL000041,CMP000063,CMP000002,winner,SCH003020,1,PASS,PASS,
QRL000042,CMP000064,CMP000002,winner,SCH000524,1,PASS,PASS,
QRL000043,CMP000065,CMP000002,winner,SCH002337,1,PASS,PASS,
QRL000044,CMP000066,CMP000002,winner,SCH002705,1,PASS,PASS,
QRL000045,CMP000067,CMP000002,winner,SCH002197,1,PASS,PASS,
QRL000046,CMP000068,CMP000002,winner,SCH001297,1,PASS,PASS,
QRL000047,CMP000069,CMP000002,winner,SCH002374,1,PASS,PASS,
QRL000048,CMP000070,CMP000002,winner,SCH000436,1,PASS,PASS,
QRL000049,CMP000071,CMP000002,winner,SCH002779,1,PASS,PASS,
QRL000050,CMP000013,CMP000003,winner,SCH003701,1,PASS,PASS,
QRL000051,CMP000014,CMP000003,winner,,1,PASS,BLOCKED,source competition is not executable in current season graph
QRL000052,CMP000015,CMP000003,winner,,1,PASS,BLOCKED,source competition is not executable in current season graph
QRL000053,CMP000016,CMP000003,winner,SCH000881,1,PASS,PASS,
QRL000054,CMP000017,CMP000003,winner,,1,PASS,BLOCKED,source competition is not executable in current season graph
QRL000055,CMP000018,CMP000003,winner,,1,PASS,BLOCKED,source competition is not executable in current season graph
QRL000056,CMP000019,CMP000003,winner,,1,PASS,BLOCKED,source competition is not executable in current season graph
QRL000057,CMP000020,CMP000003,winner,,1,PASS,BLOCKED,source competition is not executable in current season graph
QRL000058,CMP000021,CMP000003,winner,,1,PASS,BLOCKED,source competition is not executable in current season graph
QRL000059,CMP000022,CMP000003,winner,,1,PASS,BLOCKED,source competition is not executable in current season graph
