source_id,source_type,publisher_name,source_title,url,content_format,published_date,reference_year,retrieved_at,notes
P2SRC001,national_federation,公益財団法人 日本高等学校野球連盟,令和8年度春季地区大会日程,https://jhbf.or.jp/topics/info/260406_1.html,html,2026-04-06,2026,2026-10-04T09:10:00+09:00,春季9地区大会の開催県・会期・会場・参加校数。
P2SRC002,national_federation,公益財団法人 日本高等学校野球連盟,令和8年度 秋季地区大会開催日程,https://www.jhbf.or.jp/topics/detail/621,html,2026-09-15,2026,2026-10-04T09:10:00+09:00,秋季10地区（東京含む）の会期・会場・参加校数・抽選日。
P2SRC003,national_federation,公益財団法人 日本高等学校野球連盟,第108回全国高等学校野球選手権地方大会開催日程,https://www.jhbf.or.jp/topics/info/260610_1.html,html,2026-06-10,2026,2026-10-04T09:10:00+09:00,49地方大会の会期・主会場・抽選日。
P2SRC004,national_federation,公益財団法人 日本高等学校野球連盟,第108回全国高等学校野球選手権大会 開催要項,https://www.jhbf.or.jp/sensyuken/2026/guidance/,html,,2026,2026-10-04T09:10:00+09:00,全国大会8月5日～22日、49代表、地方大会・全国大会ともトーナメント方式。
P2SRC005,national_federation,公益財団法人 日本高等学校野球連盟,第98回選抜高等学校野球大会 大会要項,https://www.jhbf.or.jp/senbatsu/2026/guidance/,html,,2026,2026-10-04T09:10:00+09:00,選抜大会3月19日から13日間。予選ではなく秋季大会結果等を基に選考。
P2SRC006,national_federation,公益財団法人 日本高等学校野球連盟,第98回選抜高校野球大会 地区別選出校数・入場行進曲が決定,https://www.jhbf.or.jp/topics/detail/560,html,2026-01-16,2026,2026-10-04T09:10:00+09:00,一般選考30校の地区別選出校数と21世紀枠2校。九州5校には神宮大会枠1校を含む。
P2SRC007,student_baseball_association,公益財団法人 日本学生野球協会,明治神宮外苑創建百年記念 第五十七回 明治神宮野球大会 開催要項,https://student-baseball.or.jp/game/jingu/2026/2026jingu.html,html,,2026,2026-10-04T09:10:00+09:00,2026年11月19日～24日、明治神宮野球場。高校の部は10地区代表。
P2SRC008,student_baseball_association,公益財団法人 日本学生野球協会,明治神宮野球大会 大会概要,https://student-baseball.or.jp/game/jingu/jingu_outline.html,html,,2026,2026-10-04T09:10:00+09:00,高校の部は秋季地区大会優勝校9校と東京都秋季大会優勝校が出場。
P2SRC009,prefectural_federation,青森県高等学校野球連盟,令和8年度 春季地区ブロック大会 組合せ・結果,https://www.aomori-kouyaren.com/wp-content/uploads/2026/05/00_haru_block.pdf,pdf,,2026,2026-10-04T16:25:00+09:00,青森・弘前・八戸・五所川原・十和田・むつ各地区のブロック大会。県大会シード決定用であることを明記。
P2SRC010,prefectural_federation,青森県高等学校野球連盟,令和8年度 秋季地区ブロック大会 組合せ・結果,https://www.aomori-kouyaren.com/wp-content/uploads/2026/08/e6c5fbb29415a9410341548bbd125a43.pdf,pdf,,2026,2026-10-04T16:25:00+09:00,各地区ブロック大会の1～3位等を県大会シード校として明示。地区大会は県大会出場資格の絞り込みではない。
P2SRC011,prefectural_federation,岩手県高等学校野球連盟,第73回春季東北地区高等学校野球岩手県大会 組合せ,https://www.iwate-koyaren.com/cms/wp-content/uploads/2026/05/%E2%97%8F73%E6%98%A5%E7%9C%8C%E3%82%84%E3%81%90%E3%82%89%E3%80%90%E5%8B%9D%E3%81%A1%E4%B8%8A%E3%81%8C%E3%82%8A%E3%80%910515.pdf,pdf,,2026,2026-10-04T16:25:00+09:00,県大会24枠の出場校に盛岡・花北・県南・沿岸・県北の地区表記。地区別ラベルを集計して進出枠を確定。
P2SRC012,prefectural_federation,岩手県高等学校野球連盟,第79回秋季東北地区高等学校野球岩手県大会 組合せ,https://www.iwate-koyaren.com/cms/wp-content/uploads/2026/09/%E2%97%8F79%E7%A7%8B%E7%9C%8C%E3%82%84%E3%81%90%E3%82%89%E3%80%90%E5%8B%9D%E3%81%A1%E4%B8%8A%E3%81%8C%E3%82%8A%E3%80%910927.pdf,pdf,,2026,2026-10-04T16:25:00+09:00,県大会22枠の出場校に5地区表記と地区第一・第二代表表示。地区別ラベルを集計して進出枠を確定。
P2SRC013,prefectural_federation,宮城県高等学校野球連盟,第20回春季宮城県高等学校野球地区大会 県大会出場校一覧,https://www.miyagi-kouyaren.com/files/1778041602.pdf,pdf,,2026,2026-10-04T16:25:00+09:00,南部6・中部8・東部6・北部5、計25校（チーム枠）の県大会進出数を公式表で明示。
P2SRC014,prefectural_federation,宮城県高等学校野球連盟,令和8年度 秋季宮城県高等学校野球地区大会 県大会出場校一覧,https://www.miyagi-kouyaren.com/files/1788353180.pdf,pdf,,2026,2026-10-04T16:25:00+09:00,南部7・中部7・東部7・北部6の地区予選27枠。第108回選手権出場の仙台育英は地区予選免除で県大会から出場し、県大会は計28校。
P2SRC015,prefectural_federation,秋田県高等学校野球連盟,第74回春季東北地区高等学校野球秋田県大会 組合せ,https://www.akita-koyaren.com/05/R08_01%E6%98%A5/74tounament.pdf,pdf,,2026,2026-10-04T16:25:00+09:00,35チームの県大会トーナメントを県単位で編成。県北・中央・県南の地区別県大会進出枠は設定されていない。
P2SRC016,prefectural_federation,秋田県高等学校野球連盟,令和8年度 大会日程（硬式）,https://www.akita-koyaren.com/menu005.html,html,,2026,2026-10-04T16:25:00+09:00,春季県大会・秋季県大会を県内複数球場で実施する年間日程。秋季も3地区別の県大会進出予選としては編成されていない。
P2SRC017,prefectural_federation,秋田県高等学校野球連盟,令和8年度 秋田県高等学校野球連盟 事業計画,https://www.akita-koyaren.com/index/%E4%BB%A4%E5%92%8C%EF%BC%98%E5%B9%B4%E5%BA%A6%E4%BA%8B%E6%A5%AD%E8%A8%88%E7%94%BB%EF%BC%88%E7%A1%AC%E5%BC%8F%EF%BC%89.pdf,pdf,,2026,2026-10-04T16:25:00+09:00,4月の各地区春季リーグ戦と5月の春季県大会を別事業として掲載。地区リーグを県大会出場資格予選とはしていない。
P2SRC018,official_data_partner,山形県高等学校野球連盟 / Omyu Technology株式会社,山形県高等学校野球連盟 2026年度大会一覧,https://baseball.omyutech.com/leagueCup.action?leagueId=206,html,,2026,2026-10-04T16:25:00+09:00,2026年の春季・秋季県大会と、それぞれの「シード決定ブロック大会」を別大会として掲載。
P2SRC019,official_data_partner,山形県高等学校野球連盟 / Omyu Technology株式会社,第73回春季東北地区高等学校野球山形県大会,https://baseball.omyutech.com/CupHomePageTop.action?cupId=20260010430,html,,2026,2026-10-04T16:25:00+09:00,主催=山形県高等学校野球連盟。県大会は37チーム参加で、第1・第2シードを明示。
P2SRC020,official_data_partner,山形県高等学校野球連盟 / Omyu Technology株式会社,第73回春季東北地区高等学校野球山形県大会 シード決定ブロック大会,https://baseball.omyutech.com/CupHomePageTournament.action?cupId=20260009011,html,,2026,2026-10-04T16:25:00+09:00,県内横断のシード決定ブロック大会。Phase 1の村山・置賜・最北・庄内4地区別の予選ではない。
P2SRC021,official_data_partner,山形県高等学校野球連盟 / Omyu Technology株式会社,第79回秋季東北地区高等学校野球山形県大会,https://baseball.omyutech.com/CupHomePageMain.action?cupId=20260001364,html,,2026,2026-10-04T16:25:00+09:00,2026年秋季県大会の日程・結果。県大会本体を県単位で実施。
P2SRC022,official_data_partner,山形県高等学校野球連盟 / Omyu Technology株式会社,第79回秋季東北地区高等学校野球山形県大会 シード決定ブロック大会,https://baseball.omyutech.com/CupHomePageTournament.action?cupId=20260024256,html,,2026,2026-10-04T16:25:00+09:00,秋季県大会前の県内横断シード決定ブロック大会。4地区別の県大会進出予選ではない。
P2SRC023,prefectural_federation,福島県高等学校野球連盟,第78回春季東北地区高等学校野球福島県大会 組合せ表（今年度大会記録）,https://fks-kouyaren.com/taikai/konnendo_kiroku/konnendo_kiroku.pdf,pdf,,2026,2026-10-04T16:25:00+09:00,公式表に支部大会チーム数と県大会参加数を併記。県北6・県中5・県南5・会津5・いわき5・相双2、計28。
P2SRC024,prefectural_federation,福島県高等学校野球連盟,第78回秋季東北地区高等学校野球福島県大会 組合せ表,https://www.fks-kouyaren.com/taikai/kumiawase.pdf,pdf,,2026,2026-10-04T16:25:00+09:00,公式組合せ表の支部別表から県北7・県中6・県南6・会津5・いわき5・相双2=31枠を確認。特別枠1校を加え県大会32校。URLは年度内で差し替えられる可変URL。
P2SRC025,regional_media,株式会社いわき民報社,春のセンバツに続く戦い 秋季高校野球県大会の組み合わせ決定,https://iwaki-minpo.co.jp/news/2026/09/314347/,html,2026-09-10,2026,2026-10-04T16:25:00+09:00,2026秋は4年ぶりに支部予選を実施。夏の甲子園出場校・東日大昌平は支部予選免除の特別枠で、計32チーム。
P2SRC026,secondary_tournament_report,高校野球ドットコム,2026春季茨城県大会 出場校一覧,https://www.hb-nippon.com/articles/12453?page=2,html,2026-04-15,2026,2026-10-04T16:25:00+09:00,地区予選31校＋昨秋4強4校。水戸8・県北8・県南8・県西7を確認。
P2SRC027,secondary_tournament_report,高校野球ドットコム,2026秋季茨城県大会 出場校一覧,https://www.hb-nippon.com/articles/17199?page=2,html,2026-09-14,2026,2026-10-04T16:25:00+09:00,水戸9・県北8・県南9・県西8、計34校の県大会出場校を地区別に掲載。
P2SRC028,secondary_tournament_database,高校野球ドットコム,第79回 春季栃木県高等学校野球大会,https://www.hb-nippon.com/tournaments/1257,html,,2026,2026-10-04T16:25:00+09:00,県大会を50チームの県単位トーナメントとして掲載。北部・中部・南部の地区別県大会進出予選なし。
P2SRC029,secondary_tournament_database,高校野球ドットコム,第79回 秋季栃木県高等学校野球大会,https://www.hb-nippon.com/tournaments/1942,html,,2026,2026-10-04T16:25:00+09:00,県大会を49チームの県単位トーナメントとして掲載。北部・中部・南部の地区別県大会進出予選なし。
P2SRC030,prefectural_federation,群馬県高等学校野球連盟,令和8年度 県内大会情報,https://www.gunma-hbf.com/,html,,2026,2026-10-04T16:25:00+09:00,春季・秋季とも「県予選」として県大会を実施。東毛・中毛・西毛の地区別県大会進出予選を大会体系に置かない。
P2SRC031,secondary_tournament_report,高校野球ドットコム,2026春季埼玉県大会 出場校一覧,https://www.hb-nippon.com/articles/12476?page=2,html,2026-04-16,2026,2026-10-04T16:25:00+09:00,昨秋ベスト8は予選免除。地区予選は東部9・西部11・南部12・北部8、計40枠。
P2SRC032,secondary_tournament_report,高校野球ドットコム,2026秋季埼玉県大会 出場校一覧,https://www.hb-nippon.com/articles/17207?page=2,html,2026-09-14,2026,2026-10-04T16:25:00+09:00,地区予選から東部10・西部11・南部11・北部8、計40校が県大会へ出場。
P2SRC033,secondary_tournament_report,高校野球ドットコム,2026春季千葉県大会 出場校一覧,https://www.hb-nippon.com/articles/12319?page=2,html,2026-04-09,2026,2026-10-04T16:25:00+09:00,予選突破40校＋予選免除8校を掲載。40校をPhase 1の8ブロック所属へ再集計。
P2SRC034,secondary_tournament_report,高校野球ドットコム,2026秋季千葉県大会 出場校一覧,https://www.hb-nippon.com/articles/16902?page=2,html,2026-09-04,2026,2026-10-04T16:25:00+09:00,甲子園出場の拓大紅陵1校、予選突破28校、敗者復活19校の計48校を掲載。47校をPhase 1の8ブロック所属へ再集計。
P2SRC035,secondary_tournament_report,高校野球ドットコム,2026秋季千葉県大会予選 敗者復活戦,https://www.hb-nippon.com/articles/16697,html,2026-08-28,2026,2026-10-04T16:25:00+09:00,敗者復活戦を19ブロックで実施し19校が県大会へ進むことを確認。
P2SRC036,prefectural_federation,神奈川県高等学校野球連盟,令和8年度神奈川県高等学校野球春季大会 出場校一覧,https://kanagawa-hbf.sakura.ne.jp/wp/wp-content/uploads/2026/03/%E4%BB%A4%E5%92%8C8%E5%B9%B4%E5%BA%A6%E7%A5%9E%E5%A5%88%E5%B7%9D%E7%9C%8C%E9%AB%98%E7%AD%89%E5%AD%A6%E6%A0%A1%E9%87%8E%E7%90%83%E6%98%A5%E5%AD%A3%E5%A4%A7%E4%BC%9A%E5%87%BA%E5%A0%B4%E6%A0%A1%E4%B8%80%E8%A6%A7.pdf,pdf,2026-03-28,2026,2026-10-04T16:25:00+09:00,推薦横浜1校、川崎・横浜北23、横浜南・横須賀23、湘南・西湘18、北相17を公式一覧で明示。
P2SRC037,prefectural_federation,神奈川県高等学校野球連盟,令和8年度（2026年）春季大会地区予選,https://kanagawa-hbf.sakura.ne.jp/preliminary/%E4%BB%A4%E5%92%8C%EF%BC%98%E5%B9%B4%E5%BA%A62026%E5%B9%B4%E6%98%A5%E5%AD%A3%E5%A4%A7%E4%BC%9A%E5%9C%B0%E5%8C%BA%E4%BA%88%E9%81%B8/,html,,2026,2026-10-04T16:25:00+09:00,4地区（川崎・横浜北、横浜南・横須賀、湘南・西湘、北相）の地区予選を公式掲載。
P2SRC038,prefectural_federation,神奈川県高等学校野球連盟,令和8年度（2026年度）秋季大会地区予選,https://kanagawa-hbf.sakura.ne.jp/preliminary/%E4%BB%A4%E5%92%8C8%E5%B9%B4%E5%BA%A6%EF%BC%882026%E5%B9%B4%E5%BA%A6%EF%BC%89%E7%A7%8B%E5%AD%A3%E5%A4%A7%E4%BC%9A%E5%9C%B0%E5%8C%BA%E4%BA%88%E9%81%B8/,html,,2026,2026-10-04T16:25:00+09:00,4地区の2026秋季大会地区予選を公式掲載。
P2SRC039,secondary_tournament_report,高校野球ドットコム,2026秋季神奈川県大会 出場校一覧,https://www.hb-nippon.com/articles/16548?page=2,html,2026-08-21,2026,2026-10-04T16:25:00+09:00,推薦横浜1、川崎・横浜北23、横浜南・横須賀23、湘南・西湘17、北相17、計81校を掲載。
P2SRC040,official_data_partner,山梨県高等学校野球連盟 / Omyu Technology株式会社,第78回春季関東地区高等学校野球 山梨県大会,https://baseball.omyutech.com/CupHomePageTop.action?cupId=20260007204,html,,2026,2026-10-04T16:25:00+09:00,速報配信責任者=山梨県高等学校野球連盟。県大会本体は31チーム参加で県単位実施。
P2SRC041,official_data_partner,山梨県高等学校野球連盟 / Omyu Technology株式会社,第79回秋季関東地区高等学校野球 山梨県大会,https://baseball.omyutech.com/CupHomePageMain.action?cupId=20260000331,html,,2026,2026-10-04T16:25:00+09:00,速報配信責任者による2026秋季山梨県大会の日程・結果。A～G地区別の県大会進出予選を置かず県大会本体を実施。
P2SRC042,prefectural_federation,新潟県高等学校野球連盟,各種大会（令和8年度 春季・秋季新潟県大会）,https://niigata-hbf.jp/tournamentlist/,html,,2026,2026-10-04T16:25:00+09:00,春季・秋季とも「新潟県大会 1〜2回戦」から始まる県単位大会として公式掲載。北・南支部の県大会進出予選を置かない。
P2SRC043,secondary_tournament_database,高校野球ドットコム,第154回 北信越地区高等学校野球 新潟県大会,https://www.hb-nippon.com/tournaments/1391,html,,2026,2026-10-04T16:25:00+09:00,2026春季新潟県大会は62チーム参加の県単位トーナメント。
P2SRC044,secondary_tournament_database,高校野球ドットコム,第155回 北信越地区高等学校野球 新潟県大会,https://www.hb-nippon.com/tournaments/1922,html,,2026,2026-10-04T16:25:00+09:00,2026秋季新潟県大会は63チーム参加の県単位トーナメント。
P2SRC045,prefectural_federation,一般財団法人 長野県高等学校野球連盟,第154回 北信越地区高等学校野球長野県大会 支部予選会 結果,https://www.nagano-hbf.jp/news/15472/,html,2026-05-10,2026,2026-10-04T16:25:00+09:00,春季は北信・東信・中信・南信の各支部から4校ずつ、計16校が県大会へ進出。
P2SRC046,prefectural_federation,一般財団法人 長野県高等学校野球連盟,第155回 北信越地区高等学校野球長野県大会 支部予選会 結果,https://www.nagano-hbf.jp/news/16675/,html,2026-09-13,2026,2026-10-04T16:25:00+09:00,秋季は北信・東信・中信・南信の各支部から6校ずつ、計24校が県大会へ進出。
P2SRC047,prefectural_federation,富山県高等学校野球連盟,令和8年度 富山県高等学校野球連盟 行事計画（案）,https://www.toyama-hbf.jp/wp-content/uploads/2026/04/60db9d2e1771485fc92c43a75cd1449f.pdf,pdf,2026-04-15,2026,2026-10-04T16:25:00+09:00,春季・秋季とも県大会本体を1回戦から実施。新川・富山・高岡・砺波地区別の県大会進出予選は設定されていない。
P2SRC048,prefectural_federation,富山県高等学校野球連盟,第98回春季富山県高等学校野球大会,https://www.toyama-hbf.jp/?p=5753,html,2026-05-01,2026,2026-10-04T16:25:00+09:00,2026春季富山県大会を県営富山野球場ほかで県単位実施。
P2SRC049,secondary_tournament_database,高校野球ドットコム,第79回 秋季富山県高等学校野球大会,https://www.hb-nippon.com/tournaments/1919,html,,2026,2026-10-04T16:25:00+09:00,2026秋季富山県大会は36チーム参加の県単位トーナメント。
P2SRC050,prefectural_federation,石川県高等学校野球連盟,第154回北信越地区高等学校野球石川県大会 星稜が優勝,https://ishikawa-hbf.jp/?p=3662,html,2026-05-06,2026,2026-10-04T16:25:00+09:00,2026春季石川県大会を県大会本体として実施。加賀・金沢・能登地区は県大会進出予選として使用していない。
P2SRC051,prefectural_federation,石川県高等学校野球連盟,第155回北信越地区高等学校野球石川県大会 小松大谷が優勝,https://ishikawa-hbf.jp/?p=4066,html,2026-09-27,2026,2026-10-04T16:25:00+09:00,2026秋季石川県大会を9月5日開幕の県大会本体として実施。加賀・金沢・能登地区別の県大会進出予選なし。
P2SRC052,secondary_tournament_database,高校野球ドットコム,第154回 北信越地区高等学校野球 石川県大会,https://www.hb-nippon.com/tournaments/1357,html,,2026,2026-10-04T16:25:00+09:00,2026春季石川県大会は41チーム参加の県単位トーナメント。
P2SRC053,secondary_tournament_database,高校野球ドットコム,第155回 北信越地区高等学校野球 石川県大会（令和8年度秋季）,https://www.hb-nippon.com/tournaments/1920,html,,2026,2026-10-04T16:25:00+09:00,2026秋季石川県大会は41チーム参加の県単位トーナメント。
P2SRC054,prefectural_federation,福井県高等学校野球連盟,2026年（令和8年度）大会等日程等,https://291fki.sakura.ne.jp/wp2019/wp-content/uploads/2026/04/R8%E5%A4%A7%E4%BC%9A%E6%97%A5%E7%A8%8B-1.pdf,pdf,2026-04,2026,2026-10-04T16:25:00+09:00,春季県大会・秋季県大会とも1回戦から県単位実施。福井・坂井奥越・丹南・嶺南の地域大会は県大会進出予選として設定されていない。
P2SRC055,official_data_partner,福井県高等学校野球連盟 / Omyu Technology株式会社,第154回北信越地区高等学校野球福井県大会（令和8年春季）,https://baseball.omyutech.com/CupHomePageTournament.action?cupId=20260008284,html,,2026,2026-10-04T16:25:00+09:00,2026春季福井県大会の組合せ・出場校を県大会として掲載。
P2SRC056,secondary_tournament_database,高校野球ドットコム,第155回 北信越地区高等学校野球 福井県大会（令和8年秋季）,https://www.hb-nippon.com/tournaments/1935,html,,2026,2026-10-04T16:25:00+09:00,2026秋季福井県大会は26チーム参加の県単位トーナメント。
P2SRC057,prefectural_federation,岐阜県高等学校野球連盟,第73回春季東海地区高等学校野球岐阜県大会出場校について,https://ghbf.asfsite.jp/news/entry-6429.html,html,2026-03-31,2026,2026-10-04T17:29:00+09:00,春季県大会24校の内訳を公式掲載。前年秋季ベスト4の4校と、岐阜8・西濃4・中濃飛騨5・東濃3の地区代表20校。
P2SRC058,prefectural_federation,岐阜県高等学校野球連盟,令和8年度 岐阜県高等学校野球連盟事業計画（硬式の部）,https://ghbf.asfsite.jp/archives/095/202604/%E4%BB%A4%E5%92%8C%EF%BC%98%E5%B9%B4%E5%BA%A6%E9%AB%98%E9%87%8E%E9%80%A3%E4%BA%8B%E6%A5%AD%E8%A8%88%E7%94%BB%EF%BC%88140409%29-02.pdf,pdf,2026-04-03,2026,2026-10-04T17:29:00+09:00,秋季は「各地区シード戦」68校、秋季岐阜県大会も68校。地区戦は県大会出場校を絞らずシード決定に使用。
P2SRC059,prefectural_federation,静岡県高等学校野球連盟,2026年 春季県大会予選 試合情報,https://shizuoka-hbf.com/schedule?section=1,html,,2026,2026-10-04T17:29:00+09:00,第73回春季静岡県大会の予選・敗者復活・順位決定戦を公式掲載。県大会進出を決める予選が存在。
P2SRC060,secondary_tournament_database,高校野球ドットコム,2026年春季静岡県大会出場校（順位確定）,https://www.hb-nippon.com/articles/12350?page=2,html,2026-04-11,2026,2026-10-04T17:29:00+09:00,春季静岡県大会出場39校を一覧掲載。39校をPhase 1のASM000051所属へ再集計し東部12・中部13・西部14を確認。
P2SRC061,prefectural_federation,静岡県高等学校野球連盟,2026年 秋季県大会 試合情報,https://shizuoka-hbf.com/schedule,html,,2026,2026-10-04T17:29:00+09:00,第79回秋季静岡県大会の県大会本戦を公式掲載。聖隷クリストファーを含む県大会本戦を確認。
P2SRC062,secondary_tournament_database,高校野球ドットコム,2026年秋季静岡県大会出場校（上位校確定）,https://www.hb-nippon.com/articles/16978?page=2,html,2026-09-07,2026,2026-10-04T17:29:00+09:00,甲子園出場の聖隷クリストファーを別枠で掲示し、予選突破・敗者復活の39校を列挙。39校をASM000051へ再集計し東部13・中部11・西部15。
P2SRC063,prefectural_federation,愛知県高等学校野球連盟,第76回愛知県高等学校優勝野球大会,https://www.aichi-kouyaren.com/pastgame_spring/entry-3836.html,html,2026-05-02,2026,2026-10-04T17:29:00+09:00,春季県大会49校。選抜出場の中京大学附属中京1校と、名古屋16・東三河6・西三河11・知多5・尾張10の地区予選上位48校を公式明記。
P2SRC064,official_data_partner,愛知県高等学校野球連盟 / Omyu Technology株式会社,第79回愛知県高等学校野球選手権大会 出場選手・チーム一覧,https://baseball.omyutech.com/CupHomePagePlayers.action?cupId=20270000001,html,,2026,2026-10-04T17:29:00+09:00,秋季県大会の出場49チームを掲載。全49校をASM000049へ再集計し名古屋17・東三河6・西三河11・知多5・尾張10を確認。
P2SRC065,secondary_tournament_database,高校野球ドットコム,第79回愛知県高等学校野球選手権大会 名古屋地区二次予選 決勝トーナメント,https://www.hb-nippon.com/tournaments/1856,html,,2026,2026-10-04T17:29:00+09:00,夏甲子園出場校の享栄が名古屋地区二次予選に参加していることを確認。秋季県大会への甲子園出場校直接枠は設定しない。
P2SRC066,official_data_partner,三重県高等学校野球連盟 / Omyu Technology株式会社,第73回春季東海地区高等学校野球三重県大会,https://baseball.omyutech.com/CupHomePageTop.action?cupId=20260007525,html,,2026,2026-10-04T17:29:00+09:00,主催・速報配信責任者が三重県高野連で、県大会参加26チームを掲載。出場校一覧をPhase 1地域へ再集計。
P2SRC067,prefectural_federation,三重県高等学校野球連盟,第73回春季東海地区高等学校野球三重県大会 南地区予選,https://mie-kouyaren.com/wp-content/uploads/2026/04/da5d55beaba6df36f21961ce2bbf2ce8-3.pdf,pdf,,2026,2026-10-04T17:29:00+09:00,三重高校は第98回選抜出場により県大会出場決定と公式資料に明記。通常地区枠から分離する直接出場1枠。
P2SRC068,prefectural_federation,三重県高等学校野球連盟,第79回秋季東海地区高等学校野球三重県大会 シード決め北地区予選,https://mie-kouyaren.com/2026/08/15/%EF%BC%888%EF%BC%8F15-%E6%9B%B4%E6%96%B0%EF%BC%89%E7%AC%AC79%E5%9B%9E%E7%A7%8B%E5%AD%A3%E6%9D%B1%E6%B5%B7%E5%9C%B0%E5%8C%BA%E9%AB%98%E7%AD%89%E5%AD%A6%E6%A0%A1%E9%87%8E%E7%90%83%E4%B8%89%E9%87%8D/,html,2026-08-15,2026,2026-10-04T17:29:00+09:00,北地区大会を公式に「シード決め」と表記。県大会出場校を選抜する地区予選ではない。
P2SRC069,prefectural_federation,三重県高等学校野球連盟,第79回秋季東海地区高等学校野球三重県大会 シード決め中地区予選 最終結果,https://mie-kouyaren.com/2026/08/22/%EF%BC%88%E6%9C%80%E7%B5%82%E7%B5%90%E6%9E%9C%EF%BC%89%E7%AC%AC79%E5%9B%9E%E7%A7%8B%E5%AD%A3%E6%9D%B1%E6%B5%B7%E5%9C%B0%E5%8C%BA%E9%AB%98%E7%AD%89%E5%AD%A6%E6%A0%A1%E9%87%8E%E7%90%83%E4%B8%89-2/,html,2026-08-22,2026,2026-10-04T17:29:00+09:00,中地区大会を公式に「シード決め」と表記。
P2SRC070,prefectural_federation,三重県高等学校野球連盟,第79回秋季東海地区高等学校野球三重県大会 南地区シード決めトーナメント表,https://mie-kouyaren.com/wp-content/uploads/2026/08/16e592c1f882482803b3266154f772de.pdf,pdf,2026-08-16,2026,2026-10-04T17:29:00+09:00,南地区は「シード決め」。三重高校は第108回選手権三重大会優勝のため秋季県大会出場決定と明記。
P2SRC071,official_data_partner,三重県高等学校野球連盟 / Omyu Technology株式会社,第79回秋季東海地区高等学校野球三重県大会,https://baseball.omyutech.com/CupHomePageTop.action?cupId=20260024982,html,,2026,2026-10-04T17:29:00+09:00,主催・速報配信責任者が三重県高野連で、秋季県大会参加53チームを掲載。
P2SRC072,secondary_local_media,夕刊三重 YoMotto,昴、松阪、松阪商が2回戦へ 開幕戦14校で6試合,https://yomotto.jp/sports/260817%E7%A7%8B%E7%9C%8C%E5%8D%97/,html,2026-08-17,2026,2026-10-04T17:29:00+09:00,前年大会から秋季県大会を全校参加とし、北・中・南の地区大会をシード校決定大会へ変更した運用を説明。三重は夏優勝により秋県大会シード確定。
P2SRC073,prefectural_federation,一般財団法人 京都府高等学校野球連盟,令和8(2026)年度 年間行事計画,https://kyoto-hsbf.sakura.ne.jp/khsbf/about/event/,html,,2026,2026-10-04T17:29:00+09:00,春季京都府大会は市部・北部別の一次戦を実施し、その後に二次戦を行うことを公式日程で確認。
P2SRC074,prefectural_federation,一般財団法人 京都府高等学校野球連盟,令和8(2026)年度 大会情報,https://kyoto-hsbf.sakura.ne.jp/khsbf/tournament/,html,,2026,2026-10-04T17:29:00+09:00,春は一次戦→二次戦、秋は1回戦から府内一括開催であることを公式大会ページで確認。
P2SRC075,prefectural_federation,一般財団法人 京都府高等学校野球連盟,R8春_大会組み合わせ（HP）,https://drive.google.com/file/d/1JdI8TJRa3UJXXBbUEkn-NPjiFk8NMw4m/preview,pdf,,2026,2026-10-04T17:29:00+09:00,京都府高野連公式大会ページ埋め込みの春季組合せPDF。一次戦16ゾーンをPhase 1の所属へ再集計し、市部13・北部3を確認。
P2SRC076,secondary_tournament_database,高校野球ドットコム,令和8年度 春季京都府高等学校野球大会 1次戦 M～Pブロック,https://www.hb-nippon.com/tournaments/1282,html,,2026,2026-10-04T17:29:00+09:00,M～Pブロックの学校構成を補助照合。Mは市部、N～Pは北部で、公式組合せPDFの16ゾーン再集計（市部13・北部3）を補強。
P2SRC077,prefectural_federation,兵庫県高等学校野球連盟,県下5地区区分と春季・秋季県大会出場校決定制度,https://www.hyogo-koyaren.or.jp/index.php,html,,2026,2026-10-04T17:29:00+09:00,平成25年度以降、阪神・神戸・播淡・西播・但丹の5地区で春秋県大会出場校を決定すると公式に明記。
P2SRC078,secondary_local_media,神戸新聞NEXT,＜大会展望＞春季県高校野球 36チーム栄冠狙う 登録メンバー紹介 18日開幕,https://www.kobe-np.co.jp/news/sports/koya/news/202604/0020252711.shtml,html,2026-04-17,2026,2026-10-04T17:29:00+09:00,2026春は5地区を勝ち抜いた33チーム＋前年秋季近畿大会出場3校（神戸国際大付・市尼崎・東洋大姫路）の推薦＝36チームと確認。
P2SRC079,secondary_local_media,神戸新聞NEXT,26年春季県地区大会 成績一覧,https://www.kobe-np.co.jp/news/sports/koya/game/1140/,html,,2026,2026-10-04T17:29:00+09:00,地区代表決定戦のブロック数を確認。阪神8・神戸8・播淡7・西播6・但丹4＝33地区枠。
P2SRC080,secondary_tournament_database,高校野球ドットコム,秋季兵庫県大会出場54チーム決定,https://www.hb-nippon.com/articles/16735?page=2,html,2026-08-29,2026,2026-10-04T17:29:00+09:00,2026秋の県大会出場校を地区別に全件掲載。阪神13・神戸13・播淡12・西播9・但丹6＝53、甲子園出場の社1校を加え54。
P2SRC081,secondary_local_media,神戸新聞NEXT,26年秋 秋季県高校野球 展望,https://www.kobe-np.co.jp/news/sports/koya/news/2026/autumn/,html,2026-09-10,2026,2026-10-04T17:29:00+09:00,県内5地区から53チーム＋推薦校の社＝54チームと確認する補助資料。
P2SRC082,official_live_results,奈良県高校野球速報,令和8年 春季近畿地区高校野球 奈良県大会,https://nara.hsbflash.jp/tournament.php?sel=12,html,,2026,2026-10-04T17:29:00+09:00,2026春は奈良県大会として4月11日から直接実施され、1～4区別の県大会進出予選を置かない。
P2SRC083,official_live_results,奈良県高校野球速報,令和8年 秋季近畿地区高校野球 奈良県大会,https://nara.hsbflash.jp/,html,,2026,2026-10-04T17:29:00+09:00,2026秋は8月29日から奈良県大会として直接実施され、1～4区別の県大会進出予選を置かない。
P2SRC084,prefectural_federation,一般財団法人 滋賀県高等学校野球連盟,令和8年度春季近畿地区高等学校野球滋賀県大会,https://www.biwa.ne.jp/~shigafed/,html,,2026,2026-10-04T17:29:00+09:00,Phase 1のno_branch判定を補助確認。県単位の春季滋賀県大会を直接実施。
P2SRC085,prefectural_federation,大阪府高等学校野球連盟,令和8年度 年度大会スケジュール,https://osaka-hbf.omyutech.com/,html,,2026,2026-10-04T17:29:00+09:00,Phase 1のno_branch判定を補助確認。春秋とも府内一括の大阪府予選として実施。
P2SRC086,prefectural_federation,和歌山県高等学校野球連盟,令和8年度 和歌山県高野連（硬式部）主な行事予定,https://www.whbf.jp/uploads/20260413072101_y8RG.pdf,pdf,2026-04-13,2026,2026-10-04T17:29:00+09:00,Phase 1のno_branch判定を補助確認。春は県予選、秋の一次・二次は県内大会の段階名称であり恒常的な地理支部ではない。
P2SRC087,prefectural_federation,鳥取県高等学校野球連盟,2026年度 鳥取県高等学校野球連盟行事予定（硬式の部）,https://tottori-hbf.jp/calendar-koushiki.html,html,,2026,2026-10-04T18:50:00+09:00,Phase 1のno_branch判定を再確認。春季は県大会を県単位で直接実施し、恒常地理支部による県大会進出予選なし。
P2SRC088,prefectural_federation,島根県高等学校野球連盟,令和8年度 島根県高等学校野球連盟 年間行事計画【硬式部】,https://shimanehbf.sakura.ne.jp/wp/wp-content/uploads/2025/04/R8gyouji-kousiki.pdf,pdf,,2026,2026-10-04T18:50:00+09:00,春秋県大会は一次・二次・三次の県内一括方式。松江・出雲・石見の地区大会は春季県大会後の別大会として掲載。
P2SRC089,prefectural_federation,一般財団法人 岡山県高等学校野球連盟,〔硬式〕令和8年度 春季地区予選結果および県大会出場校,https://www.okayama-hbf.com/information/article/279,html,2026-04-19,2026,2026-10-04T18:50:00+09:00,春季県大会は秋季ベスト8＋東部7・西部7・北部2。地区予選枠16、予選免除8を確定。
P2SRC090,prefectural_federation,一般財団法人 岡山県高等学校野球連盟,〔硬式〕令和8年度 秋季地区予選結果および県大会出場校決定について,https://www.okayama-hbf.com/information/article/314,html,2026-09-13,2026,2026-10-04T18:50:00+09:00,秋季県大会出場校は東部9・西部8・北部3の計20校。
P2SRC091,prefectural_federation,一般財団法人 広島県高等学校野球連盟,硬式部 各種大会（令和8年度春季・秋季広島県高校野球大会）,https://www.hhbf1950.or.jp/%E5%A4%A7%E4%BC%9A%E9%96%A2%E9%80%A3/%E7%A1%AC%E5%BC%8F%E9%83%A8%E5%90%84%E7%A8%AE%E5%A4%A7%E4%BC%9A,html,,2026,2026-10-04T18:50:00+09:00,春は県大会32校を各地区予選で決定。秋は32チーム＝西部7・北部6・南部10・東部9を大会要項に明記。
P2SRC092,official_data_partner,山口県高等学校野球連盟 / OmyuTech,令和8年度 山口県高等学校野球連盟 年間行事予定（硬式）,https://safe-api.omyutech.com/webdata/league/235/hp/0_20260217_095158.pdf,pdf,,2026,2026-10-04T18:50:00+09:00,春季は4/11～19を4会場で実施後、4/24～28に県決勝大会。秋季も地区段階と県決勝大会を分離して実施。
P2SRC093,official_data_partner,山口県高等学校野球連盟 / OmyuTech,令和8年度春季山口県高等学校野球大会 組み合わせ,https://safe-api.omyutech.com/webdata/league/235/hp/0_20260402_073338.pdf,pdf,2026-04-02,2026,2026-10-04T18:50:00+09:00,49チームの地区予選から8校が「県決勝」へ進出。A/Bシードはあるが地区予選を免除する直接出場ではない。
P2SRC094,prefectural_government,山口県,令和8年度 山口県スポーツ大会 高等学校の部 高校野球競技（硬式）,https://www.pref.yamaguchi.lg.jp/uploaded/attachment/242207.pdf,pdf,,2026,2026-10-04T18:50:00+09:00,秋季は地区予選9/12～20、県決勝9/25～29。「周防・長門各地区」で組合せを決定し地区代表8校を選出と明記。
P2SRC095,prefectural_federation,山口県高等学校野球連盟,2026年 秋季大会 試合情報,https://yamaguchi-hbf.com/schedule/3,html,,2026,2026-10-04T18:50:00+09:00,9/20の地区予選3回戦8試合の勝者が県決勝8校となることを学校単位で確認する補助根拠。
P2SRC096,prefectural_federation,徳島県高等学校野球連盟,徳島県高校野球連盟 令和8年度行事・大会一覧,https://www.tk2.nmt.ne.jp/~tokushimakoyaren/,html,,2026,2026-10-04T19:20:00+09:00,春季県大会、総体協賛ブロック大会、新人ブロック大会・新人中央大会、秋季県大会を別大会として掲載。
P2SRC097,prefectural_federation,徳島県高等学校野球連盟,第79回徳島県高等学校野球春季大会 日程および試合結果,https://www.tk2.nmt.ne.jp/~tokushimakoyaren/R8_haru.html,html,,2026,2026-10-04T19:20:00+09:00,3月20日から県大会1回戦を直接実施していることを確認。
P2SRC098,prefectural_federation,徳島県高等学校野球連盟,令和8年度徳島県高校野球新人ブロック大会 日程および試合結果,https://www.tk2.nmt.ne.jp/~tokushimakoyaren/R8_shinjinbrokku_tyuo.html,html,,2026,2026-10-04T19:20:00+09:00,南部・中央・西部の新人ブロック体系から新人中央大会へつながる大会実績の公式根拠。
P2SRC099,prefectural_federation,徳島県高等学校野球連盟,令和8年度徳島県高等学校新人中央大会 日程および試合結果,https://www.tk2.nmt.ne.jp/~tokushimakoyaren/R8shinjintyuo.html,html,,2026,2026-10-04T19:20:00+09:00,新人中央大会8校と2回戦（準決勝）進出4校を公式結果で確認。
P2SRC100,secondary_local_media,徳島新聞,センバツ狙い27チーム熱戦 県秋季高校野球対戦決まる 12日開幕,https://www.topics.or.jp/articles/-/1489451,html,2026-09-05,2026,2026-10-04T19:20:00+09:00,新人中央大会2回戦進出4校が秋季県大会の第1～第4シード抽選を行ったことを明記。
P2SRC101,prefectural_federation,香川県高等学校野球連盟,2026年 春季県大会 試合情報,https://www.kagawa-hbf.com/schedule?gamedate=20260329&section=1,html,,2026,2026-10-04T19:20:00+09:00,令和8年度春季香川県大会を県大会として直接実施。Phase 1の恒常支部なし判定の大会側再確認。
P2SRC102,official_data_partner,日本高等学校野球連盟 / OmyuTech,2026年 高校野球 地区大会一覧（四国・春秋県大会）,https://baseball.omyutech.com/HomePageMain.action?catalog=H&date=2026&subCatalog=R,html,,2026,2026-10-04T19:20:00+09:00,香川・愛媛・高知を含む2026春秋県大会がそれぞれ県単位大会として掲載。香川秋の大会存在も再確認。
P2SRC103,prefectural_federation,愛媛県高等学校野球連盟,令和8年度（第79回）春季四国地区高等学校野球大会 愛媛県大会,https://www.ehimehbb.jp/taikai/kousiki/2026_R08/haru/haru2026.html,html,,2026,2026-10-04T19:20:00+09:00,3月20日から県大会を複数球場で直接実施する2026春季大会公式ページ。
P2SRC104,prefectural_federation,愛媛県高等学校野球連盟,大会関係 令和8年度硬式大会一覧,https://www.ehimehbb.jp/taikai.html,html,,2026,2026-10-04T19:20:00+09:00,地区別高等学校新人大会と秋季四国地区高等学校野球大会を別項目として掲載。
P2SRC105,secondary_tournament_report,高校野球ドットコム,秋季県大会シード決定！ 愛媛秋季地区別新人戦,https://www.hb-nippon.com/articles/16541?page=2,html,2026-08-20,2026,2026-10-04T19:20:00+09:00,2026秋のシード校を東予5・中予4・南予3と夏甲子園出場の新田1校として明記。地区新人大会はシード決定に使用。
P2SRC106,secondary_tournament_database,令和高校野球 日程と結果,2026年 秋季愛媛大会 予選,https://www.reiwa-hb-sch-and-res-gatr-fod.com/ehime/2026autumn/first-round/,html,,2026,2026-10-04T19:20:00+09:00,秋季大会内の県内一括予選で異なるPhase 1地区所属校が対戦し、16校が本選へ進むことを確認する補助根拠。
P2SRC107,secondary_tournament_database,公立応援団,愛媛2026年春季大会のトーナメント表,https://kouritsu-ouendan.com/prefectures/ehime/2026-spring,html,,2026,2026-10-04T19:20:00+09:00,春季県大会の初期ラウンドから東予・中予・南予をまたぐ対戦を含む県内一括トーナメントであることの補助根拠。
P2SRC108,official_data_partner,高知県高等学校野球連盟 / OmyuTech,第79回 春季四国地区高等学校野球大会高知県予選 出場校,https://baseball.omyutech.com/CupHomePageTeams.action?cupId=20260005017,html,,2026,2026-10-04T19:20:00+09:00,2026春季高知県予選を県単位の本大会として掲載。Phase 1の恒常支部なし判定を再確認。
P2SRC109,official_data_partner,高知県高等学校野球連盟 / OmyuTech,第79回 秋季四国地区高等学校野球大会高知県予選 組み合わせ,https://baseball.omyutech.com/CupHomePageTournament.action?cupId=20260001222,html,,2026,2026-10-04T19:20:00+09:00,2026秋季高知県予選を県単位の本大会として掲載。Phase 1の恒常支部なし判定を再確認。
P2SRC110,prefectural_federation,福岡県高等学校野球連盟,令和8年度年間行事予定表,https://fukuoka-hbf.jp/relays/download/65/327/688//?file=%2Ffiles%2Flibs%2F3871%2F202603161340079032.pdf,pdf,,2026,2026-10-04T18:50:00+09:00,春は第158回福岡南北大会→県大会、秋は第159回福岡南北大会→県大会として別段階で実施する年間日程の公式根拠。
P2SRC111,secondary_tournament_database,部活ガンバ,2026 第158回九州地区高校野球 福岡北部大会,https://www.bukatsuganba.com/hard_baseball/baseball/fukuoka/11600,html,,2026,2026-10-04T18:50:00+09:00,北部大会の県大会出場校4校（希望が丘・東筑・飯塚・八幡南）を明示。福岡県高野連資料への参照あり。
P2SRC112,secondary_tournament_database,部活ガンバ,2026 第158回九州地区高校野球 福岡南部大会,https://www.bukatsuganba.com/hard_baseball/baseball/fukuoka/11601,html,,2026,2026-10-04T18:50:00+09:00,南部大会の県大会出場校4校（久留米商業・城南・祐誠・大牟田）を明示。
P2SRC113,secondary_tournament_database,部活ガンバ,2026 第159回九州地区高校野球 福岡北部大会,https://www.bukatsuganba.com/hard_baseball/baseball/fukuoka/12260,html,,2026,2026-10-04T18:50:00+09:00,秋の北部大会でA～Hの県大会出場校8校を明示。
P2SRC114,secondary_tournament_database,部活ガンバ,2026 第159回九州地区高校野球 福岡南部大会,https://www.bukatsuganba.com/hard_baseball/baseball/fukuoka/12261,html,,2026,2026-10-04T18:50:00+09:00,秋の南部大会でA～Hの県大会出場校8校を明示。
P2SRC115,prefectural_federation,佐賀県高等学校野球連盟,佐賀県高等学校野球連盟 令和8年度年間行事・大会情報,https://kouyaren-saga.jp/,html,,2026,2026-10-04T18:50:00+09:00,九州地区佐賀大会と県内5地区大会を別大会として掲載。
P2SRC116,secondary_tournament_database,高校野球ドットコム,第158回 九州地区高等学校野球 佐賀大会,https://www.hb-nippon.com/tournaments/1170,html,,2026,2026-10-04T18:50:00+09:00,春季佐賀大会は35チームの県内一括トーナメント。
P2SRC117,secondary_tournament_database,高校野球ドットコム,第159回 九州地区高等学校野球 佐賀大会,https://www.hb-nippon.com/tournaments/1951,html,,2026,2026-10-04T18:50:00+09:00,秋季佐賀大会は37チームの県内一括トーナメント。
P2SRC118,prefectural_federation,長崎県高等学校野球連盟,2026年 春季大会 試合情報,https://nagasaki-kouyaren.com/schedule/1?section=7,html,,2026,2026-10-04T18:50:00+09:00,2026春季長崎県大会を県大会本体として掲載。
P2SRC119,prefectural_federation,長崎県高等学校野球連盟,2026年 秋季大会 試合情報,https://nagasaki-kouyaren.com/schedule/3?section=3,html,,2026,2026-10-04T18:50:00+09:00,2026秋季長崎県大会を県大会本体として掲載。
P2SRC120,prefectural_federation,長崎県高等学校野球連盟,2026年 会長杯地区予選,https://nagasaki-kouyaren.com/schedule/7,html,,2026,2026-10-04T18:50:00+09:00,Phase 1の長崎・中・佐世保地区は会長杯地区予選で使用され、春秋九州地区県大会とは別系統であることの公式根拠。
P2SRC121,secondary_tournament_database,高校野球ドットコム,第158回 九州地区高等学校野球 長崎県大会,https://www.hb-nippon.com/tournaments/1187,html,,2026,2026-10-04T18:50:00+09:00,春季長崎県大会は42チームの県内一括トーナメント。
P2SRC122,secondary_tournament_database,高校野球ドットコム,第159回 九州地区高等学校野球 長崎県大会,https://www.hb-nippon.com/tournaments/1955,html,,2026,2026-10-04T18:50:00+09:00,秋季長崎県大会は45チームの県内一括トーナメント。
P2SRC123,prefectural_federation,熊本県高等学校野球連盟,令和8年度 年間行事予定,https://www.kumamoto-kouyaren.com/schedule/,html,,2026,2026-10-04T18:50:00+09:00,3/20に第158回熊本大会、9/12に第159回熊本大会を開始する県単位日程。
P2SRC124,prefectural_federation,熊本県高等学校野球連盟,その他の大会（NHK旗等）,https://www.kumamoto-kouyaren.com/tournament-other/,html,,2026,2026-10-04T18:50:00+09:00,Phase 1の熊本市内・城北・城南地区予選はNHK旗等の別大会で使用されることを確認。
P2SRC125,secondary_tournament_database,高校野球ドットコム,第158回 九州地区高等学校野球 熊本大会,https://www.hb-nippon.com/tournaments/1177,html,,2026,2026-10-04T18:50:00+09:00,春季熊本大会は50チームの県内一括トーナメント。
P2SRC126,secondary_tournament_database,高校野球ドットコム,第159回 九州地区高等学校野球 熊本大会,https://www.hb-nippon.com/tournaments/1950,html,,2026,2026-10-04T18:50:00+09:00,秋季熊本大会は52チームの県内一括トーナメント。
P2SRC127,prefectural_federation,大分県高等学校野球連盟,2026年度 大会情報・試合速報,https://www.oita-kouyaren.com/,html,,2026,2026-10-04T18:50:00+09:00,第158回・第159回九州地区大分県予選と第149回・第150回大分県選手権を別大会として掲載。
P2SRC128,secondary_tournament_database,高校野球ドットコム,第158回 九州地区高等学校野球大会 大分県予選,https://www.hb-nippon.com/tournaments/1169,html,,2026,2026-10-04T18:50:00+09:00,春季九州地区大分県予選は39チームの県内一括トーナメント。
P2SRC129,prefectural_federation,大分県高等学校野球連盟,第149回大分県高等学校野球選手権大会 支部予選 結果,https://www.oita-kouyaren.com/news/news_3.html,html,2026-05-10,2026,2026-10-04T18:50:00+09:00,県北・久大2、別杵1、大分3、県南・豊肥1＋推薦1の支部予選を明記。ただし九州地区県予選ではなく別の県選手権大会。
P2SRC130,prefectural_federation,大分県高等学校野球連盟,第159回九州地区高等学校野球大会 大分県予選 試合速報,https://www.oita-kouyaren.com/news/news_1.html,html,,2026,2026-10-04T18:50:00+09:00,秋季九州地区大分県予選を9/19から県内一括で実施。
P2SRC131,prefectural_federation,宮崎県高等学校野球連盟,2026年 秋季県大会 試合情報,https://miyazaki-hbf.jp/schedule/3,html,,2026,2026-10-04T18:50:00+09:00,第159回九州地区高等学校野球大会宮崎県予選を県大会として実施。
P2SRC132,secondary_tournament_database,高校野球ドットコム,宮崎県 2026年大会情報一覧,https://www.hb-nippon.com/prefectures/miyazaki/tournaments,html,,2026,2026-10-04T18:50:00+09:00,春の九州地区県大会と春季宮崎県選手権地区予選、夏の新人3地区大会、秋の九州地区県大会を別大会として掲載。
P2SRC133,secondary_tournament_report,高校野球ドットコム,宮崎新人大会地区予選 8ブロック1位校一覧,https://www.hb-nippon.com/articles/16631?page=2,html,2026-08-23,2026,2026-10-04T18:50:00+09:00,県北2・県央3・県南3の計8ブロック1位校を列挙。
P2SRC134,secondary_tournament_report,高校野球ドットコム,秋季宮崎県大会 組み合わせ・シード8校,https://www.hb-nippon.com/articles/17033,html,2026-09-10,2026,2026-10-04T18:50:00+09:00,秋季宮崎県大会のシード8校が新人大会地区予選の8ブロック1位校と一致することを確認。
P2SRC135,prefectural_federation,鹿児島県高等学校野球連盟,令和8年度秋季地区大会 最終結果・秋季県予選シード校,https://www.kagoshima-kouyaren.jp/page1,html,2026-08-29,2026,2026-10-04T18:50:00+09:00,7地区大会の結果により第159回鹿児島県予選のシード8校を決定すると公式に明記。
P2SRC136,secondary_tournament_database,高校野球ドットコム,第158回 九州地区高等学校野球大会 鹿児島予選,https://www.hb-nippon.com/tournaments/1182,html,,2026,2026-10-04T18:50:00+09:00,春季鹿児島県予選は58チームの県内一括トーナメント。
P2SRC137,prefectural_federation,沖縄県高等学校野球連盟,2026年 春季・秋季大会情報,https://www.kouyaren-okinawa.jp/,html,,2026,2026-10-04T18:50:00+09:00,第73回春季大会、第53回新人大会、第76回秋季大会を別大会として掲載。
P2SRC138,prefectural_federation,沖縄県高等学校野球連盟,第73回沖縄県高等学校野球春季大会 大会要項,https://www.kouyaren-okinawa.jp/yoko/haru/73/01_73haru_yoko.pdf,pdf,2026-02-10,2026,2026-10-04T18:50:00+09:00,春季大会を県単位大会として実施する公式要項。
P2SRC139,secondary_tournament_report,高校野球ドットコム,沖縄新人中央大会 ベスト4が秋季大会シード権獲得,https://www.hb-nippon.com/articles/16145,html,2026-08-11,2026,2026-10-04T18:50:00+09:00,新人中央大会ベスト4（沖縄尚学・KBC・コザ・ウェルネス沖縄）が秋季大会シード権を獲得したと明記。
P2SRC140,secondary_tournament_database,高校野球ドットコム,第76回 沖縄県高等学校野球秋季大会,https://www.hb-nippon.com/tournaments/1938,html,,2026,2026-10-04T18:50:00+09:00,秋季大会は51チームの県内一括トーナメント。地区からの県大会進出枠による絞り込みではない。
P2SRC141,prefectural_federation,北海道高等学校野球連盟,令和8年度 春季北海道高等学校野球大会 支部予選速報（5月17日）,https://www.hokkaido-hbf.jp/hp/newsflash_1_20260517.html,html,2026-05-17,2026,2026-10-04T20:00:00+09:00,函館・札幌・小樽・空知・旭川・名寄・北見・十勝・釧根等の支部予選決勝・代表決定を公式速報で確認。
P2SRC142,school_official,北照高等学校,センバツ帰りの野球部の初戦は、大会2日目VS小樽桜陽高校！,https://www.hokusho.ed.jp/news/2026/05/2vs.html,html,2026-05-01,2026,2026-10-04T20:00:00+09:00,北照はセンバツ出場校のため春季北海道大会出場が支部予選前から決定済みと学校公式が明記。
P2SRC143,secondary_tournament_database,一球速報.com / OmyuTech,第65回春季北海道高等学校野球大会 出場校,https://baseball.omyutech.com/CupHomePageTeams.action?cupId=20260007593,html,,2026,2026-10-04T20:00:00+09:00,全道大会出場16校を確認。支部所属と照合し支部代表15校＋北照推薦1校を検証。
P2SRC144,prefectural_federation,北海道高等学校野球連盟,令和8年度 秋季北海道高等学校野球大会 支部予選速報（9月26日）,https://www.hokkaido-hbf.jp/hp/newsflash_1_20260926.html,html,2026-09-26,2026,2026-10-04T20:00:00+09:00,函館支部A/Bブロック代表など、複数支部の秋季支部予選代表決定を公式速報で確認。
P2SRC145,prefectural_federation,北海道高等学校野球連盟,令和8年度 秋季北海道高等学校野球大会 支部予選速報（9月30日）,https://www.hokkaido-hbf.jp/hp/newsflash_1_20260930.html,html,2026-09-30,2026,2026-10-04T20:00:00+09:00,札幌支部の最終代表決定日を公式速報で確認。札幌支部は7代表。
P2SRC146,secondary_tournament_report,高校野球ドットコム,2026年秋季北海道大会 全道大会出場20校一覧,https://www.hb-nippon.com/articles/17872?page=2,html,2026-09-30,2026,2026-10-04T20:00:00+09:00,全道20校を支部別に列挙。札幌7、函館2、室蘭2、小樽1、空知1、旭川2、名寄1、北見1、十勝2、釧根1を確認。
P2SRC147,prefectural_federation,岐阜県高等学校野球連盟,第79回秋季東海地区高等学校野球岐阜県大会 シード校決定,https://ghbf.asfsite.jp/news/entry-8164.html,html,2026-08-22,2026,2026-10-04T20:00:00+09:00,地区大会終了後の1位シード4校・2位シード4校・その他シード8校を公式明記。シード16校は県大会2次トーナメントから出場。
P2SRC148,secondary_tournament_report,高校野球ドットコム,2026春季神奈川県大会 出場校・横浜推薦枠,https://www.hb-nippon.com/index.php/articles/12127?page=2,html,2026-04-01,2026,2026-10-04T20:00:00+09:00,センバツ出場の横浜を推薦枠として春季県大会へ登録していることを確認。P2SRC036の公式推薦1枠と組み合わせて動的条件を特定。
P2SRC149,secondary_tournament_report,高校野球ドットコム,2026秋季神奈川県大会 出場校・甲子園出場推薦枠,https://www.hb-nippon.com/articles/16548,html,2026-08-21,2026,2026-10-04T20:00:00+09:00,県大会予選突破80校に「甲子園出場の推薦枠・横浜」を加え81校と明記。夏代表を秋季地区予選免除とする動的条件を確認。
P2SRC150,prefectural_federation,愛知県高等学校野球連盟,令和8年度 春季地区予選 尾張地区（一次予選・二次予選）,https://www.aichi-kouyaren.com/owariArea/spring/,html,2026-04-04,2026,2026-10-04T21:16:00+09:00,尾張地区春季が一次予選の後に二次トーナメントを行う構造を公式ページで確認。
P2SRC151,prefectural_federation,千葉県高等学校野球連盟,令和8年度第79回秋季千葉県高等学校野球大会予選について,https://chbf.or.jp/archives/oshirase2/%E4%BB%A4%E5%92%8C%EF%BC%98%E5%B9%B4%E5%BA%A6%E7%AC%AC%EF%BC%97%EF%BC%99%E5%9B%9E%E7%A7%8B%E5%AD%A3%E5%8D%83%E8%91%89%E7%9C%8C%E9%AB%98%E7%AD%89%E5%AD%A6%E6%A0%A1%E9%87%8E%E7%90%83%E5%A4%A7%E4%BC%9A,html,2026-08-24,2026,2026-10-04T21:16:00+09:00,秋季一次予選は161校140チームによる県内一括予選として公式掲載。
P2SRC152,prefectural_federation,千葉県高等学校野球連盟,令和8年度第79回秋季千葉県高等学校野球大会予選敗者復活戦について,https://chbf.or.jp/archives/oshirase2/%E4%BB%A4%E5%92%8C%EF%BC%98%E5%B9%B4%E5%BA%A6%E7%AC%AC%EF%BC%97%EF%BC%99%E5%9B%9E%E7%A7%8B%E5%AD%A3%E5%8D%83%E8%91%89%E7%9C%8C%E9%AB%98%E7%AD%A6%E6%A0%A1%E9%87%8E%E7%90%83%E5%A4%A7%E4%BC%9A-2,html,2026-08-25,2026,2026-10-04T21:16:00+09:00,一次予選非通過チームを対象とする敗者復活戦を別抽選で実施。133校112チーム。
P2SRC153,prefectural_federation,千葉県高等学校野球連盟,第1地区 令和8年度春季大会地区予選 組合せ,https://chbf.or.jp/wp-content/uploads/2026/02/R%EF%BC%98%E6%98%A5%E5%AD%A3%E5%9C%B0%E5%8C%BA%E4%BA%88%E9%81%B8%EF%BC%88%E6%97%A5%E7%A8%8B%E5%85%A5%E3%82%8A%EF%BC%89.pdf,pdf,2026-02-01,2026,2026-10-04T21:16:00+09:00,春季は地区単位の複数代表ブロック型トーナメント。第1地区26チームから複数代表を決定する公式組合せ。
P2SRC154,prefectural_federation,岡山県高等学校野球連盟,令和8年度 春季地区予選組合せ,https://www.okayama-hbf.com/information/article/278,html,2026-04-04,2026,2026-10-04T21:16:00+09:00,春季地区予選はトーナメント方式で各地区代表校を決定すると公式明記。
P2SRC155,prefectural_federation,広島県高等学校野球連盟,令和8年度 硬式部各種大会・春秋県大会要項,https://hiroshima.hhbf1950.or.jp/%E5%A4%A7%E4%BC%9A%E9%96%A2%E9%80%A3/%E7%A1%AC%E5%BC%8F%E9%83%A8%E5%90%84%E7%A8%AE%E5%A4%A7%E4%BC%9A,html,,2026,2026-10-04T21:16:00+09:00,春秋県大会の各地区枠・大会方式を公式掲載。地区予選結果との突合用。
P2SRC156,prefectural_federation,愛知県高等学校野球連盟,令和8年度 秋季地区予選 各地区更新一覧,https://www.aichi-kouyaren.com/,html,2026-08-15,2026,2026-10-04T21:16:00+09:00,名古屋・尾張・西三河・東三河・知多の一次/二次予選更新を公式サイトで確認。
P2SRC157,prefectural_federation,岐阜県高等学校野球連盟,第79回秋季東海地区高等学校野球岐阜県大会 1次・2次トーナメント,https://ghbf.asfsite.jp/event/schedule/entry-6248.html,html+pdf,2026-08-25,2026,2026-10-04T21:16:00+09:00,1次トーナメント42チームを21試合で21校へ絞り、16シード校と合流して2次トーナメント37校となる公式組合せを確認。
P2SRC158,prefectural_federation,宮城県高等学校野球連盟,第79回秋季東北地区高等学校野球大会 組み合わせ,https://www.miyagi-kouyaren.com/files/1790777632.pdf,pdf,2026-09-30,2026,2026-10-05T02:00:00+09:00,2026秋東北18校。組合せに青森・岩手・宮城・秋田・山形・福島の各1位～3位が掲載され、各県上位3校を確認。
P2SRC159,prefectural_federation,愛知県高等学校野球連盟,第73回春季東海地区高等学校野球大会,https://www.aichi-kouyaren.com/past_record/past_record_stokai/entry-3932.html,html,2026-05-26,2026,2026-10-05T02:00:00+09:00,2026春東海は東海地区各県上位2校、計8校と公式明記。
P2SRC160,prefectural_federation,愛知県高等学校野球連盟,秋季東海大会 大会要項・過去記録,https://www.aichi-kouyaren.com/past_record/past_record_atokai/,html,,2026,2026-10-05T02:00:00+09:00,秋季東海は12校、東海地区各県上位3校の方式を公式記録で確認。2026日本高野連の12校総数と整合。
P2SRC161,prefectural_federation,愛媛県高等学校野球連盟,秋季大会 県大会・四国大会代表校記録,https://ehimehbb.jp/kiroku/kousiki/akikiroku_kou.pdf,pdf,,2026,2026-10-05T02:00:00+09:00,秋季四国大会の愛媛県代表が継続して県上位3校であることを公式記録で確認。日本高野連2026の12校総数と合わせ各県3校。
P2SRC162,secondary_tournament_record,福岡の高校野球,九州地区高校野球大会出場校,https://fk-kokoyakyu.com/record/kyushu-chiku/,html,,2026,2026-10-05T02:00:00+09:00,秋季九州は近年各県2校ずつ計16校。2026春は選抜推薦6校＋各県枠の実出場校一覧も確認。
P2SRC163,prefectural_federation,一般財団法人 東京都高等学校野球連盟,令和8(2026)年度秋季東京都高等学校野球大会一次予選の本日(27日)の試合結果について,https://www.tokyo-hbf.com/news.php?nid=8a6a578b511fe501d231db97fc339d8c,html,2026-09-27,2026,2026-10-05T01:18:00+09:00,一次予選が9月27日に終了し、翌28日に本大会抽選を行うことを公式確認。
P2SRC164,prefectural_federation,一般財団法人 東京都高等学校野球連盟,令和8(2026)年度秋季東京都高等学校野球大会本大会の抽選結果について,https://www.tokyo-hbf.com/news.php?nid=698911b36f088be1ecf510d397c05fc4,html,2026-09-28,2026,2026-10-05T01:18:00+09:00,一次予選後に本大会抽選を実施したことを公式確認。
P2SRC165,school_official,東京都立板橋高等学校,令和8年度秋季大会本大会 抽選結果について,https://www.metro.ed.jp/itabashi-h/activities/2026/09/8_3.html,html,2026-09-29,2026,2026-10-05T01:18:00+09:00,2026秋は参加260校・232チーム、本大会64校と記載。連合を含む学校数と競技チーム単位を区別する根拠。
P2SRC166,secondary_tournament_report,高校野球ドットコム,明星が紅葉川を圧倒してコールド勝ち！永田監督はノーミスの守備力を評価【東京都】,https://www.hb-nippon.com/articles/18039,html,2026-10-04,2026,2026-10-05T01:18:00+09:00,2026本大会は一次予選突破62校＋夏の東西東京代表2校（予選免除）＝64校と記載。
P2SRC167,school_official,東京都立町田高等学校,東京都秋季高校野球大会1次ブロック予選,https://www.metro.ed.jp/machida-h/activities/2026/09/1_1.html,html,2026-09-14,2026,2026-10-05T01:18:00+09:00,第31ブロックA代表決勝の表記を確認。31番号ブロックがA/B代表枠を持つ構造の2026実例。
P2SRC168,team_official,帝京高校野球部OB会,ブロック予選突破！東京都本大会へ！,https://teikyo-obc.com/posts/news_archive.html,html,2026-09-29,2026,2026-10-05T01:18:00+09:00,2026秋一次予選で帝京が第31ブロックB代表と記載。第31ブロックA/Bの2代表構造を補強。
P2SRC169,prefectural_federation,青森県高等学校野球連盟,第73回春季東北地区高等学校野球青森県大会 日程・結果資料,https://www.aomori-kouyaren.com/schedule/,html,,2026,2026-10-05T21:03:00+09:00,Stage 12G東北県大会日程確定で使用。県高野連年間日程で会期を確認し、公開試合結果で実施日を照合
P2SRC170,prefectural_federation,岩手県高等学校野球連盟,第73回春季東北地区高等学校野球岩手県大会 日程・結果資料,https://www.iwate-koyaren.com/cms/wp-content/uploads/2026/05/%E2%97%8F73%E6%98%A5%E7%9C%8C%E3%82%84%E3%81%90%E3%82%89%E3%80%90%E5%8B%9D%E3%81%A1%E4%B8%8A%E3%81%8C%E3%82%8A%E3%80%910517.pdf,pdf,,2026,2026-10-05T21:03:00+09:00,Stage 12G東北県大会日程確定で使用。岩手県高野連の2026春季県大会公式勝ち上がり表
P2SRC171,prefectural_federation,宮城県高等学校野球連盟,第73回春季東北地区高等学校野球宮城県大会 日程・結果資料,https://www.miyagi-kouyaren.com/news.cgi?id=230791778472619,html,,2026,2026-10-05T21:03:00+09:00,Stage 12G東北県大会日程確定で使用。宮城県高野連公式大会記事・詳細結果リンク
P2SRC172,prefectural_federation,宮城県高等学校野球連盟,第79回秋季東北地区高等学校野球宮城県大会 日程・結果資料,https://www.miyagi-kouyaren.com/news.cgi?id=213521788502014,html,,2026,2026-10-05T21:03:00+09:00,Stage 12G東北県大会日程確定で使用。宮城県高野連公式大会記事・詳細結果リンク
P2SRC173,official_data_partner,秋田県高等学校野球連盟 / Omyu Technology株式会社,第74回春季東北地区高等学校野球秋田県大会 日程・結果資料,https://baseball.omyutech.com/CupHomePageTop.action?cupId=20260010462,html,,2026,2026-10-05T21:03:00+09:00,Stage 12G東北県大会日程確定で使用。主催・主管・速報責任者=秋田県高野連の委託速報ページと県高野連球場日程
P2SRC174,prefectural_federation,山形県高等学校野球連盟,第73回春季東北地区高等学校野球山形県大会 日程・結果資料,https://www.yamagata-hbf.org/schedule/1?gamedate=20260517&section=18,html,,2026,2026-10-05T21:03:00+09:00,Stage 12G東北県大会日程確定で使用。山形県高野連公式試合情報の大会日付タブ
P2SRC175,prefectural_federation,福島県高等学校野球連盟,第78回秋季東北地区高等学校野球福島県大会 日程・結果資料,https://fks-kouyaren.com/taikai/shiaishousai.pdf,pdf,,2026,2026-10-05T21:03:00+09:00,Stage 12G東北県大会日程確定で使用。福島県高野連公式・秋季大会試合詳細PDF
P2SRC176,prefectural_federation,茨城県高等学校野球連盟,第78回春季関東地区高等学校野球茨城県大会 日程・結果資料,https://www.ibaraki-hbf.com/schedule?gamedate=20260502&section=2,html,,2026,2026-10-05T22:04:00+09:00,Stage 12G関東。県高野連公式試合情報で春季県大会本体の日程を確認。
P2SRC177,official_data_partner,茨城県高等学校野球連盟 / Omyu Technology株式会社,第79回秋季関東地区高等学校野球茨城県大会 日程・結果資料,https://baseball.omyutech.com/CupHomePageMain.action?cupId=20260002415,html,,2026,2026-10-05T22:04:00+09:00,Stage 12G関東。県大会日程・結果を公式データ協力先で確認。
P2SRC178,official_data_partner,栃木県高等学校野球連盟 / Omyu Technology株式会社,第79回春季栃木県高等学校野球大会 日程・結果資料,https://baseball.omyutech.com/CupHomePageMain.action?cupId=20260007203,html,,2026,2026-10-05T22:04:00+09:00,Stage 12G関東。速報配信責任者=栃木県高野連の大会ページ。
P2SRC179,official_data_partner,栃木県高等学校野球連盟 / Omyu Technology株式会社,第79回秋季栃木県高等学校野球大会 日程・結果資料,https://baseball.omyutech.com/CupHomePageMain.action?cupId=20260000766,html,,2026,2026-10-05T22:04:00+09:00,Stage 12G関東。県大会日程・結果を公式データ協力先で確認。
P2SRC180,official_data_partner,群馬県高等学校野球連盟 / Omyu Technology株式会社,第78回春季関東地区高等学校野球大会 群馬県予選 日程・結果資料,https://baseball.omyutech.com/CupHomePageMain.action?cupId=20260007202,html,,2026,2026-10-05T22:04:00+09:00,Stage 12G関東。速報配信責任者=群馬県高野連の大会ページ。
P2SRC181,official_data_partner,群馬県高等学校野球連盟 / Omyu Technology株式会社,第79回秋季関東地区高等学校野球大会 群馬県予選 日程・結果資料,https://baseball.omyutech.com/CupHomePageMain.action?cupId=20260000167,html,,2026,2026-10-05T22:04:00+09:00,Stage 12G関東。中止・順延を含む大会日程を公式データ協力先で確認。
P2SRC182,official_data_partner,埼玉県高等学校野球連盟 / Omyu Technology株式会社,令和8年度 春季埼玉県高等学校野球大会 日程・結果資料,https://baseball.omyutech.com/CupHomePageMain.action?cupId=20260009418,html,,2026,2026-10-05T22:04:00+09:00,Stage 12G関東。県高野連大会データで県大会本体を確認。
P2SRC183,official_data_partner,埼玉県高等学校野球連盟 / Omyu Technology株式会社,令和8年度 秋季埼玉県高等学校野球大会 日程・結果資料,https://baseball.omyutech.com/CupHomePageMain.action?cupId=20260000502,html,,2026,2026-10-05T22:04:00+09:00,Stage 12G関東。2026-10-05時点で準決勝終了、10/6決勝予定を公式トーナメントで確認。
P2SRC184,official_data_partner,千葉県高等学校野球連盟 / Omyu Technology株式会社,令和8年度 第79回春季千葉県高等学校野球大会 日程・結果資料,https://baseball.omyutech.com/leagueCup.action?leagueId=212,html,,2026,2026-10-05T22:04:00+09:00,Stage 12G関東。千葉県高野連大会データと公開結果を照合。
P2SRC185,prefectural_federation,一般財団法人 千葉県高等学校野球連盟,令和8年度第79回秋季千葉県高等学校野球大会について,https://chbf.or.jp/,html,,2026,2026-10-05T22:04:00+09:00,Stage 12G関東。県高野連公式で9/19〜10/5・雨天順延・全日程終了を確認。
P2SRC186,prefectural_federation,神奈川県高等学校野球連盟,2026年度 春季大会試合結果,https://kanagawa-hbf.sakura.ne.jp/2026/?result-hard_=prefecture-spring,html,,2026,2026-10-05T22:04:00+09:00,Stage 12G関東。県高野連公式結果ページで4/4〜5/3の実施日を確認。
P2SRC187,prefectural_federation,神奈川県高等学校野球連盟,2026年度 秋季大会試合結果,https://kanagawa-hbf.sakura.ne.jp/2026/?result-hard_=prefecture-autumn,html,,2026,2026-10-05T22:04:00+09:00,Stage 12G関東。県高野連公式結果ページと10/1大会終了記事を確認。
P2SRC188,official_data_partner,山梨県高等学校野球連盟 / Omyu Technology株式会社,第78回春季関東地区高等学校野球山梨県大会 日程・結果資料,https://baseball.omyutech.com/CupHomePageMain.action?cupId=20260007204,html,,2026,2026-10-05T22:04:00+09:00,Stage 12G関東。大会期間と完了試合日を照合。
P2SRC189,official_data_partner,山梨県高等学校野球連盟 / Omyu Technology株式会社,第79回秋季関東地区高等学校野球山梨県大会 日程・結果資料,https://baseball.omyutech.com/CupHomePageMain.action?cupId=20260000331,html,,2026,2026-10-05T22:04:00+09:00,Stage 12G関東。中止・継続を区別し完了試合日を構造化。
P2SRC190,prefectural_federation,新潟県高等学校野球連盟,第154回北信越地区高等学校野球新潟県大会（令和8年度春季） 日程・結果資料,https://niigata-hbf.jp/2026/05/11/%E6%96%B0%E6%BD%9F%E6%98%8E%E8%A8%93%E9%AB%98%E6%A0%A1%E3%81%8C%EF%BC%93%E5%AD%A3%E3%81%B6%E3%82%8A16%E5%9B%9E%E7%9B%AE%E3%81%AE%E5%84%AA%E5%8B%9D%E3%82%92%E6%B1%BA%E3%82%81%E3%81%BE%E3%81%97%E3%81%9F/,html,,2026,2026-10-05T23:12:00+09:00,Stage 12G北信越。新潟県高野連公式の大会終了記事と全試合結果案内を基準に、公開結果で雨天順延後の実施日を照合
P2SRC191,prefectural_federation,新潟県高等学校野球連盟,第155回北信越地区高等学校野球新潟県大会（令和8年度秋季） 日程・結果資料,https://niigata-hbf.jp/breakingnews/,html,,2026,2026-10-05T23:12:00+09:00,Stage 12G北信越。新潟県高野連公式速報・大会記事と公開全試合結果を照合
P2SRC192,official_data_partner,富山県高等学校野球連盟 / Omyu Technology株式会社,第98回春季富山県高等学校野球大会 日程・結果資料,https://www.toyama-hbf.jp/?p=5753,html,,2026,2026-10-05T23:12:00+09:00,Stage 12G北信越。富山県高野連公式大会記事・行事計画と公開結果を照合
P2SRC193,official_data_partner,富山県高等学校野球連盟 / Omyu Technology株式会社,第79回秋季富山県高等学校野球大会 日程・結果資料,https://baseball.omyutech.com/leagueCup.action?leagueId=218,html,,2026,2026-10-05T23:12:00+09:00,Stage 12G北信越。富山県高野連の大会データ協力先と公開全試合結果を照合
P2SRC194,prefectural_federation,石川県高等学校野球連盟,第154回北信越地区高等学校野球石川県大会 日程・結果資料,https://ishikawa-hbf.jp/?p=3662,html,,2026,2026-10-05T23:12:00+09:00,Stage 12G北信越。石川県高野連公式大会終了記事・日程変更記事と公式データ協力先を照合
P2SRC195,prefectural_federation,石川県高等学校野球連盟,第155回北信越地区高等学校野球石川県大会 日程・結果資料,https://ishikawa-hbf.jp/?p=4066,html,,2026,2026-10-05T23:12:00+09:00,Stage 12G北信越。石川県高野連公式の大会終了記事と公開全試合結果を照合
P2SRC196,official_data_partner,福井県高等学校野球連盟 / Omyu Technology株式会社,第154回北信越地区高等学校野球福井県大会（令和8年春季） 日程・結果資料,https://baseball.omyutech.com/leagueCup.action?leagueId=220,html,,2026,2026-10-05T23:12:00+09:00,Stage 12G北信越。福井県高野連の大会データ協力先と公開全試合結果を照合
P2SRC197,official_data_partner,福井県高等学校野球連盟 / Omyu Technology株式会社,第155回北信越地区高等学校野球福井県大会 日程・結果資料,https://baseball.omyutech.com/leagueCup.action?leagueId=220,html,,2026,2026-10-05T23:12:00+09:00,Stage 12G北信越。福井県高野連の大会データ協力先と公開全試合結果を照合
P2SRC198,prefectural_federation,一般財団法人 長野県高等学校野球連盟,第154回北信越地区高等学校野球長野県大会 日程・結果資料,https://www.nagano-hbf.jp/tresults_koshiki/r_koshiki/spring/,html,,2026,2026-10-05T23:12:00+09:00,Stage 12G北信越。長野県高野連公式県大会結果を基準に公開全試合結果を照合
P2SRC199,prefectural_federation,一般財団法人 長野県高等学校野球連盟,第155回北信越地区高等学校野球長野県大会 日程・結果資料,https://www.nagano-hbf.jp/tresults_koshiki/r_koshiki/autumn/prefectural-autumn/,html,,2026,2026-10-05T23:12:00+09:00,Stage 12G北信越。長野県高野連公式県大会結果・公式戦日程を照合
P2SRC200,prefectural_federation,岐阜県高等学校野球連盟,第73回春季東海地区高等学校野球岐阜県大会 日程・結果資料,https://ghbf.asfsite.jp/event/schedule/entry-6245.html,html,,2026,2026-10-05T23:12:00+09:00,Stage 12G東海。岐阜県高野連公式大会ページの結果報告書日付と大会終了記事を照合
P2SRC201,prefectural_federation,岐阜県高等学校野球連盟,第79回秋季東海地区高等学校野球岐阜県大会 日程・結果資料,https://ghbf.asfsite.jp/event/schedule/entry-6248.html,html,,2026,2026-10-05T23:12:00+09:00,Stage 12G東海。岐阜県高野連公式大会ページの各日結果報告書と9/27大会終了記事を照合
P2SRC202,prefectural_federation,一般財団法人 静岡県高等学校野球連盟,第73回春季東海地区高等学校野球静岡県大会 日程・結果資料,https://shizuoka-hbf.com/schedule?section=2,html,,2026,2026-10-05T23:12:00+09:00,Stage 12G東海。静岡県高野連の春季県大会情報と大会結果データを照合
P2SRC203,prefectural_federation,一般財団法人 静岡県高等学校野球連盟,第79回秋季東海地区高等学校野球静岡県大会 日程・結果資料,https://shizuoka-hbf.com/schedule,html,,2026,2026-10-05T23:12:00+09:00,Stage 12G東海。静岡県高野連公式試合情報に明示された秋季県大会6日と9/26最終結果を採用
P2SRC204,prefectural_federation,一般財団法人 愛知県高等学校野球連盟,第76回愛知県高等学校優勝野球大会 日程・結果資料,https://www.aichi-kouyaren.com/pastgame_spring/,html,,2026,2026-10-05T23:12:00+09:00,Stage 12G東海。愛知県高野連公式大会要項・最終結果と公式データ協力先を照合
P2SRC205,prefectural_federation,一般財団法人 愛知県高等学校野球連盟,第79回愛知県高等学校野球選手権大会 日程・結果資料,https://www.aichi-kouyaren.com/archives/001/202603/de341694b94096f19bd63105d3989d0c61e5c82670ffcd95adb11d3d8c899f83.pdf,pdf,,2026,2026-10-05T23:12:00+09:00,Stage 12G東海。愛知県高野連公式年間計画と大会実績を照合し、予定日ではなく実施日を優先
P2SRC206,prefectural_federation,一般財団法人 三重県高等学校野球連盟,第73回春季東海地区高等学校野球三重県大会 日程・結果資料,https://mie-kouyaren.com/2026/04/26/%EF%BC%884-26-%E8%A9%A6%E5%90%88%E7%B5%90%E6%9E%9C%EF%BC%89%E7%AC%AC73%E5%9B%9E%E6%98%A5%E5%AD%A3%E6%9D%B1%E6%B5%B7%E5%9C%B0%E5%8C%BA%E9%AB%98%E7%AD%89%E5%AD%A6%E6%A0%A1%E9%87%8E%E7%90%83%E4%B8%89/,html,,2026,2026-10-05T23:12:00+09:00,Stage 12G東海。三重県高野連公式の日別結果と公開全試合結果を照合
P2SRC207,prefectural_federation,一般財団法人 三重県高等学校野球連盟,第79回秋季東海地区高等学校野球三重県大会 日程・結果資料,https://mie-kouyaren.com/2026/09/27/%EF%BC%889-27-%E6%B1%BA%E5%8B%9D%E8%A9%B3%E7%B4%B0%E8%A9%A6%E5%90%88%E7%B5%90%E6%9E%9C%EF%BC%89%E7%AC%AC79%E5%9B%9E%E7%A7%8B%E5%AD%A3%E6%9D%B1%E6%B5%B7%E5%9C%B0%E5%8C%BA%E9%AB%98%E7%AD%89%E5%AD%A6/,html,,2026,2026-10-05T23:12:00+09:00,Stage 12G東海。三重県高野連公式の日別結果・最終結果と公開全試合結果を照合
P2SRC208,prefectural_federation,滋賀県高等学校野球連盟,令和8年度 春季近畿地区高等学校野球 滋賀県大会 日程・結果資料,https://www.biwa.ne.jp/~shigafed/,html,,2026,2026-10-05T23:30:00+09:00,Stage 12G近畿。滋賀県高野連公式情報を基準に大会結果を照合
P2SRC209,prefectural_federation,滋賀県高等学校野球連盟,令和8年度 秋季近畿地区高等学校野球 滋賀県大会 日程・結果資料,https://shiga.hsbflash.jp/,html,,2026,2026-10-05T23:30:00+09:00,Stage 12G近畿。滋賀県大会速報と公開大会結果を照合
P2SRC210,prefectural_federation,一般財団法人 京都府高等学校野球連盟,令和8年度 春季京都府高等学校野球大会 二次戦 日程・結果資料,https://kyoto-hsbf.sakura.ne.jp/khsbf/tournament/,html,,2026,2026-10-05T23:30:00+09:00,Stage 12G近畿。京都府高野連公式の日程・大会結果で二次戦を確認
P2SRC211,prefectural_federation,一般財団法人 京都府高等学校野球連盟,令和8年度 秋季京都府高等学校野球大会 日程・結果資料,https://kyoto-hsbf.sakura.ne.jp/khsbf/,html,,2026,2026-10-05T23:30:00+09:00,Stage 12G近畿。京都府高野連公式の秋季大会日程変更情報と試合結果を照合
P2SRC212,official_results_service,大阪府高校野球速報,令和8年春季近畿地区高校野球 大阪府大会 日程・結果資料,https://osaka.hsbflash.jp/,html,,2026,2026-10-05T23:30:00+09:00,Stage 12G近畿。大阪府高校野球速報の2026春季大会日程・結果を確認
P2SRC213,official_results_service,大阪府高校野球速報,令和8年秋季近畿地区高校野球 大阪府大会 日程・結果資料,https://osaka.hsbflash.jp/,html,,2026,2026-10-05T23:30:00+09:00,Stage 12G近畿。大阪府高校野球速報と雨天順延記事を照合
P2SRC214,official_results_service,兵庫県高校野球速報,令和8年度 春季近畿地区高校野球 兵庫県大会 日程・結果資料,https://hyogo.hsbflash.jp/,html,,2026,2026-10-05T23:30:00+09:00,Stage 12G近畿。兵庫県高校野球速報の春季県大会日程・結果を確認
P2SRC215,official_results_service,兵庫県高校野球速報,令和8年度 秋季近畿地区高校野球 兵庫県大会 日程・結果資料,https://hyogo.hsbflash.jp/,html,,2026,2026-10-05T23:30:00+09:00,Stage 12G近畿。兵庫県高校野球速報と日程変更結果を照合
P2SRC216,results_service,奈良県高校野球速報 / 奈良新聞,令和8年度 春季近畿地区高校野球大会 奈良県予選 日程・結果資料,https://nara.hsbflash.jp/,html,,2026,2026-10-05T23:30:00+09:00,Stage 12G近畿。奈良県高校野球速報と奈良新聞大会結果を照合
P2SRC217,results_service,奈良県高校野球速報 / 奈良新聞,令和8年度 秋季近畿地区高等学校野球大会 奈良県予選 日程・結果資料,https://baseball.yahoo.co.jp/hsb_autumn_local/competitions/250/629,html,,2026,2026-10-05T23:30:00+09:00,Stage 12G近畿。秋季奈良大会の日程・結果を複数の大会結果で照合
P2SRC218,prefectural_federation,和歌山県高等学校野球連盟,令和8年度 春季近畿地区高等学校野球大会 和歌山県予選 日程・結果資料,https://www.whbf.jp/news.html,html,,2026,2026-10-05T23:30:00+09:00,Stage 12G近畿。和歌山県高野連公式行事予定と大会結果を照合
P2SRC219,prefectural_federation,和歌山県高等学校野球連盟,令和8年度 秋季近畿地区高等学校野球 和歌山県大会 県二次予選 日程・結果資料,https://www.whbf.jp/news.html,html,,2026,2026-10-05T23:30:00+09:00,Stage 12G近畿。和歌山県高野連公式で一次予選と県二次予選が別大会であることを確認し、二次予選の日程・結果を照合
P2SRC220,prefectural_federation,鳥取県高等学校野球連盟,令和8年度春季鳥取県高等学校野球大会 日程・結果資料,https://tottori-hbf.jp/data/data-r8/r8-koushiki-01-spring.html,html,,2026,2026-10-06T00:51:00+09:00,Stage 12G中国。公式大会ページと年間行事予定で県大会本体の日程を確認
P2SRC221,prefectural_federation,鳥取県高等学校野球連盟,令和8年度秋季鳥取県高等学校野球大会 日程・結果資料,https://tottori-hbf.jp/,html,,2026,2026-10-06T00:51:00+09:00,Stage 12G中国。公式予定と9月29日の最終結果を公開大会結果と照合
P2SRC222,prefectural_federation,島根県高等学校野球連盟,令和8年度春季島根県高等学校野球大会 日程・結果資料,https://shimanehbf.sakura.ne.jp/result/koshiki/,html,,2026,2026-10-06T00:51:00+09:00,Stage 12G中国。公式大会結果と試合スコアを照合
P2SRC223,prefectural_federation,島根県高等学校野球連盟,令和8年度秋季島根県高等学校野球大会 一次・二次・三次 日程・結果資料,https://shimanehbf.sakura.ne.jp/result/koshiki/,html,,2026,2026-10-06T00:51:00+09:00,Stage 12G中国。一次大会と二次・三次大会が同一県大会の段階構造であることを公式確認
P2SRC224,prefectural_federation,一般財団法人岡山県高等学校野球連盟,令和8年度春季岡山県高等学校野球大会 日程・結果資料,https://www.okayama-hbf.com/information/article/285,html,2026-05-03,2026,2026-10-06T00:51:00+09:00,Stage 12G中国。公式終了告知と公開全試合結果を照合し地区予選を除外
P2SRC225,prefectural_federation,一般財団法人岡山県高等学校野球連盟,令和8年度秋季岡山県高等学校野球大会 雨天変更・日程資料,https://www.okayama-hbf.com/information/article/322,html,2026-10-04,2026,2026-10-06T00:51:00+09:00,Stage 12G中国。10月4日の継続試合と10月6日への日程変更を公式確認
P2SRC226,prefectural_federation,一般財団法人広島県高等学校野球連盟,令和8年度春季広島県高等学校野球大会 日程・結果資料,https://hiroshima.hhbf1950.or.jp/%E5%A4%A7%E4%BC%9A%E9%96%A2%E9%80%A3/%E7%A1%AC%E5%BC%8F%E9%83%A8%E5%90%84%E7%A8%AE%E5%A4%A7%E4%BC%9A,html,,2026,2026-10-06T00:51:00+09:00,Stage 12G中国。公式県大会ページと公開試合結果を照合し地区予選を除外
P2SRC227,prefectural_federation,一般財団法人広島県高等学校野球連盟,令和8年度秋季広島県高等学校野球大会 日程変更・結果資料,https://hiroshima.hhbf1950.or.jp/%E5%A4%A7%E4%BC%9A%E9%96%A2%E9%80%A3/%E7%A1%AC%E5%BC%8F%E9%83%A8%E5%90%84%E7%A8%AE%E5%A4%A7%E4%BC%9A,html,,2026,2026-10-06T00:51:00+09:00,Stage 12G中国。公式実施状況と会場変更告知を公開大会結果と照合
P2SRC228,results_service,高校野球ドットコム,令和8年度春季山口県高等学校野球大会 日程・結果資料,https://www.hb-nippon.com/tournaments/1297,html,,2026,2026-10-06T00:51:00+09:00,Stage 12G中国。地区予選と8校の県決勝段階を分離して県決勝MAINの日程を確認
P2SRC229,results_service,山口新聞電子版,2026年秋季中国地区高校野球大会山口県予選 試合日程・結果,https://yama.minato-yamaguchi.co.jp/highschool-baseball/2026-autumn/,html,,2026,2026-10-06T00:51:00+09:00,Stage 12G中国。日別試合結果で県決勝の順延と9月30日最終日を確認
P2SRC230,prefectural_federation,徳島県高等学校野球連盟,第79回徳島県高等学校野球春季大会 日程・結果資料,https://www.tk2.nmt.ne.jp/~tokushimakoyaren/,html,,2026,2026-10-06T06:39:00+09:00,Stage 12G四国。公式日別試合結果と公開大会結果を照合
P2SRC231,local_news,徳島新聞デジタル,第79回徳島県高等学校野球秋季大会 日程変更・結果資料,https://www.topics.or.jp/articles/-/1489972,html,2026-09-27,2026,2026-10-06T06:39:00+09:00,Stage 12G四国。9/27中止と10/3・10/10・10/11への変更を確認
P2SRC232,prefectural_federation,香川県高等学校野球連盟,令和8年度春季四国地区高等学校野球香川県大会 試合情報,https://www.kagawa-hbf.com/schedule?gamedate=20260329&section=1,html,,2026,2026-10-06T06:39:00+09:00,Stage 12G四国。公式試合情報に掲載された春季県大会実施日を採用
P2SRC233,prefectural_federation,香川県高等学校野球連盟,令和8年度秋季四国地区高等学校野球香川県大会 日程変更・結果資料,https://kagawa-hbf.la.coocan.jp/,html,,2026,2026-10-06T06:39:00+09:00,Stage 12G四国。10/4改訂日程と公開大会データを照合
P2SRC234,prefectural_federation,愛媛県高等学校野球連盟,令和8年度春季四国地区高等学校野球愛媛県大会 日程・結果資料,https://www.ehimehbb.jp/taikai/kousiki/2026_R08/haru/haru2026.html,html,,2026,2026-10-06T06:39:00+09:00,Stage 12G四国。公式県大会日程・結果を確認
P2SRC235,prefectural_federation,愛媛県高等学校野球連盟,令和8年度秋季四国地区高等学校野球愛媛県大会 日程変更・結果資料,https://www.ehimehbb.jp/,html,,2026,2026-10-06T06:39:00+09:00,Stage 12G四国。9/27分の10/3への順延と16校本戦日程を公開大会データと照合
P2SRC236,results_service,高校野球ドットコム,第79回春季四国地区高等学校野球大会高知県予選 日程・結果資料,https://www.hb-nippon.com/tournaments/1234,html,,2026,2026-10-06T06:39:00+09:00,Stage 12G四国。全試合結果から3/25中止後の実施日と3/30決勝を確認
P2SRC237,results_service,高校野球ドットコム,第79回秋季四国地区高等学校野球大会高知県予選 日程・結果資料,https://www.hb-nippon.com/tournaments/1973,html,,2026,2026-10-06T06:39:00+09:00,Stage 12G四国。9/27・9/28の継続試合を含む日程と10/10・10/11予定を確認
P2SRC238,results_service,高校野球ドットコム,第158回九州地区高等学校野球福岡大会 日程・結果資料,https://www.hb-nippon.com/tournaments/1172,html,,2026,2026-10-06T07:10:00+09:00,Stage 12G九州・沖縄。地区段階と8校県大会MAINを分離して準々決勝以降を確認
P2SRC239,results_service,高校野球ドットコム,第159回九州地区高等学校野球福岡大会 日程・結果資料,https://www.hb-nippon.com/tournaments/1878,html,,2026,2026-10-06T07:10:00+09:00,Stage 12G九州・沖縄。地区段階と16校県大会MAINを分離して10月3日以降を確認
P2SRC240,results_service,高校野球ドットコム,第158回九州地区高等学校野球佐賀大会 日程・結果資料,https://www.hb-nippon.com/tournaments/1170,html,,2026,2026-10-06T07:10:00+09:00,Stage 12G九州・沖縄。県内一括大会の実績日を確認
P2SRC241,results_service,高校野球ドットコム,第159回九州地区高等学校野球佐賀大会 日程・結果資料,https://www.hb-nippon.com/tournaments/1951,html,,2026,2026-10-06T07:10:00+09:00,Stage 12G九州・沖縄。秋季県大会の日程と10月以降予定を確認
P2SRC242,results_service,高校野球ドットコム,第158回九州地区高等学校野球長崎県大会 日程・結果資料,https://www.hb-nippon.com/tournaments/1187,html,,2026,2026-10-06T07:10:00+09:00,Stage 12G九州・沖縄。県内一括大会の実績日を確認
P2SRC243,results_service,高校野球ドットコム,第159回九州地区高等学校野球長崎県大会 日程・結果資料,https://www.hb-nippon.com/tournaments/1955,html,,2026,2026-10-06T07:10:00+09:00,Stage 12G九州・沖縄。秋季県大会の日程と将来予定を確認
P2SRC244,results_service,高校野球ドットコム,第158回九州地区高等学校野球熊本大会 日程・結果資料,https://www.hb-nippon.com/tournaments/1177,html,,2026,2026-10-06T07:10:00+09:00,Stage 12G九州・沖縄。県内一括大会の実績日を確認
P2SRC245,results_service,高校野球ドットコム,第159回九州地区高等学校野球熊本大会 日程・結果資料,https://www.hb-nippon.com/tournaments/1950,html,,2026,2026-10-06T07:10:00+09:00,Stage 12G九州・沖縄。10月4日決勝までの実績日を確認
P2SRC246,results_service,高校野球ドットコム,第158回九州地区高等学校野球大会大分県予選 日程・結果資料,https://www.hb-nippon.com/tournaments/1169,html,,2026,2026-10-06T07:10:00+09:00,Stage 12G九州・沖縄。県内一括大会の実績日を確認
P2SRC247,prefectural_federation,大分県高等学校野球連盟,第159回九州地区高等学校野球大会大分県予選 試合速報・順延資料,https://www.oita-kouyaren.com/news/news_1.html,html,,2026,2026-10-06T07:10:00+09:00,Stage 12G九州・沖縄。9月27日から30日の中止・特別継続試合と10月日程を公式確認
P2SRC248,results_service,高校野球ドットコム,第158回九州地区高等学校野球大会宮崎県予選 日程・結果資料,https://www.hb-nippon.com/tournaments/1176,html,,2026,2026-10-06T07:10:00+09:00,Stage 12G九州・沖縄。県内一括大会の実績日を確認
P2SRC249,prefectural_federation,宮崎県高等学校野球連盟,第159回九州地区高等学校野球大会宮崎県予選 試合情報,https://miyazaki-hbf.jp/schedule/3,html,,2026,2026-10-06T07:10:00+09:00,Stage 12G九州・沖縄。新人地区大会を除外し秋季県大会の日別実施日を確認
P2SRC250,results_service,高校野球ドットコム,第158回九州地区高等学校野球大会鹿児島予選 日程・結果資料,https://www.hb-nippon.com/tournaments/1182,html,,2026,2026-10-06T07:10:00+09:00,Stage 12G九州・沖縄。県内一括大会の実績日を確認
P2SRC251,results_service,高校野球ドットコム,第159回秋季鹿児島県予選 日程・結果資料,https://www.hb-nippon.com/tournaments/1967,html,,2026,2026-10-06T07:10:00+09:00,Stage 12G九州・沖縄。地区SEED_EVENTを除外し県予選本体の日程を確認
P2SRC252,results_service,高校野球ドットコム,第73回沖縄県高等学校野球春季大会 日程・結果資料,https://www.hb-nippon.com/tournaments/1168,html,,2026,2026-10-06T07:10:00+09:00,Stage 12G九州・沖縄。順延後4月8日決勝までの実績日を確認
P2SRC253,prefectural_federation,沖縄県高等学校野球連盟,第76回沖縄県高等学校野球秋季大会 日程・結果資料,https://www.kouyaren-okinawa.jp/,html,,2026,2026-10-06T07:10:00+09:00,Stage 12G九州・沖縄。大会期日と10月4日時点の進行および10月10日決勝予定を公式確認
P2SRC254,prefectural_federation,一般財団法人東京都高等学校野球連盟,2026年春季東京都高等学校野球大会 試合結果・予選試合結果,https://www.tokyo-hbf.com/pastgame_spring.html,html,,2026,2026-10-06T07:30:00+09:00,Stage 12G最終残件。公式ページで本大会4月1日から5月3日の15試合日と一次予選3月14日から22日を分離確認
P2SRC255,prefectural_federation,一般財団法人東京都高等学校野球連盟,令和8年度春季東京都高等学校野球大会 4月4日雨天中止・継続試合による日程変更,https://tokyo-hbf.com/news.php?nid=2c6cc1382428fef2f60eccbab09166e5,html,2026-04-04,2026,2026-10-06T07:30:00+09:00,Stage 12G最終残件。4月4日の雨天中止・継続試合と日程変更を公式確認
P2SRC256,prefectural_federation,一般財団法人東京都高等学校野球連盟,令和8年度春季東京都高等学校野球大会 本大会・一次予選資料,https://www.tokyo-hbf.com/pastgame_spring.html,html,,2026,2026-10-06T07:45:00+09:00,Stage 12H。2026春の一次予選と本大会111校110ゲームを公式確認
P2SRC257,school_official,東京都立立川高等学校,春季東京都高等学校野球大会本大会に出場します,https://www.metro.ed.jp/tachikawa-h/activities/2024/03/clubentry_30.html,html,2024-03-11,2026,2026-10-06T07:45:00+09:00,Stage 12H。前年秋季本大会進出ベスト64校が翌春本大会から出場する制度の補強資料
P2SRC258,secondary_tournament_report,高校野球ドットコム,2026和歌山県下高校野球新人戦と秋季一次・二次予選の仕組み,https://www.hb-nippon.com/articles/16634,html,2026-08-24,2026,2026-10-06T07:45:00+09:00,Stage 12H。新人戦ベスト4は一次予選免除で二次予選へ、一次予選4ブロック代表4校と合わせ二次予選8校になることを確認
P2SRC259,prefectural_federation,愛媛県高等学校野球連盟,大会に関する規定,https://www.ehimehbb.jp/kiyaku/taikai.pdf,pdf,,2026,2026-10-06T07:45:00+09:00,Stage 12H。秋季愛媛県大会が予選を経て代表16校による本選を行う大会であることを公式規定で確認
P2SRC260,secondary_tournament_database,令和高校野球 日程と結果,2026年秋季福岡大会 日程・結果,https://www.reiwa-hb-sch-and-res-gatr-fod.com/fukuoka/2026autumn/,html,,2026,2026-10-06T07:57:00+09:00,Stage 12I。10/10準々決勝・10/12準決勝・10/14決勝および3位決定戦を確認
P2SRC261,secondary_live_results,高校野球速報,令和8年秋季九州地区高校野球 福岡県大会 10月6日速報・日程,https://fukuoka.hsbflash.jp/,html,2026-10-06,2026,2026-10-06T07:57:00+09:00,Stage 12I。10/6の5回戦2試合と10/7予定を当日朝時点で確認
P2SRC262,prefectural_federation,北海道高等学校野球連盟,令和8年度春季北海道高等学校野球大会 5月31日速報,https://www.hokkaido-hbf.jp/hp/newsflash_1_20260531.html,html,2026-05-31,2026,2026-10-06T08:30:00+09:00,Stage 12J。全道大会の実施日5/25・26・27・28・30・31を公式確認
P2SRC263,secondary_tournament_database,高校野球ドットコム,第73回 春季東北地区高等学校野球大会,https://www.hb-nippon.com/tournaments/1514,html,,2026,2026-10-06T08:30:00+09:00,Stage 12J。実試合日6/9・10・12・13を確認し6/11を除外
P2SRC264,secondary_tournament_database,高校野球ドットコム,第78回 春季関東地区高等学校野球大会,https://www.hb-nippon.com/tournaments/1461,html,,2026,2026-10-06T08:30:00+09:00,Stage 12J。実試合日5/16・17・18・19・23・24を確認
P2SRC265,prefectural_federation,長野県高等学校野球連盟,第154回北信越地区高等学校野球大会 結果,https://www.nagano-hbf.jp/tresults_koshiki/r_koshiki/spring/,html,,2026,2026-10-06T08:30:00+09:00,Stage 12J。実試合日6/6・7・9を公式確認
P2SRC266,prefectural_federation,一般財団法人愛知県高等学校野球連盟,第73回春季東海地区高等学校野球大会,https://www.aichi-kouyaren.com/past_record/past_record_stokai/entry-3932.html,html,2026-05-26,2026,2026-10-06T08:30:00+09:00,Stage 12J。実施日は5/23・24・26、5/25・27は予備日と公式確認
P2SRC267,secondary_tournament_database,高校野球ドットコム,令和8年度 春季近畿地区高等学校野球大会,https://www.hb-nippon.com/tournaments/1477,html,,2026,2026-10-06T08:30:00+09:00,Stage 12J。実試合日5/23・24・30・31を確認
P2SRC268,secondary_tournament_database,高校野球ドットコム,第146回 春季中国地区高等学校野球大会,https://www.hb-nippon.com/tournaments/1479,html,,2026,2026-10-06T08:30:00+09:00,Stage 12J。実試合日5/30・31・6/2を確認
P2SRC269,secondary_tournament_database,高校野球ドットコム,第79回 春季四国地区高等学校野球大会,https://www.hb-nippon.com/tournaments/1418,html,,2026,2026-10-06T08:30:00+09:00,Stage 12J。実試合日4/25・26・5/2を確認
P2SRC270,prefectural_federation,鹿児島県高等学校野球連盟,第158回九州地区高等学校野球大会 4月19日順延案内,https://www.kagoshima-kouyaren.jp/page1,html,2026-04-19,2026,2026-10-06T08:30:00+09:00,Stage 12J。4/19全試合順延を公式確認。後続日程は4/20以降へ変更
P2SRC271,school_official,九州学院高等学校,九州地区高校野球日程変更のお知らせ,https://kyugaku.ed.jp/hs/news/2026/04/post-1728.php,html,2026-04-22,2026,2026-10-06T08:30:00+09:00,Stage 12J。4/22第3試合順延、4/24準々決勝・4/25準決勝・4/27決勝へ変更を確認
P2SRC272,secondary_tournament_database,高校野球ドットコム,第158回 九州地区高等学校野球大会,https://www.hb-nippon.com/tournaments/1347,html,,2026,2026-10-06T08:30:00+09:00,Stage 12J。最終実績日4/18・20・21・22・24・25・27を確認
P2SRC273,national_federation,公益財団法人 日本高等学校野球連盟,第98回選抜高等学校野球大会 大会日程・試合結果,https://www.jhbf.or.jp/senbatsu/2026/schedule/,html,,2026,2026-10-06T09:41:00+09:00,Stage 12K。3/19〜27・3/29・3/31の実試合日11日と3/28・30休養日を確認。3/25は2試合完了後に第3試合のみ雨天順延
P2SRC274,national_federation,公益財団法人 日本高等学校野球連盟,第108回全国高等学校野球選手権大会 大会日程・試合結果,https://www.jhbf.or.jp/sensyuken/2026/schedule/,html,,2026,2026-10-06T09:41:00+09:00,Stage 12K。8/5〜16・8/18・20・22の実試合日15日と8/17・19・21休養日を確認
P2SRC275,national_federation,公益財団法人 日本高等学校野球連盟,第108回全国高校野球選手権大会 組み合わせ抽選結果,https://www.jhbf.or.jp/sensyuken/2026/topics/,html,2026-08-01,2026,2026-10-06T09:41:00+09:00,Stage 12K。全国大会の組み合わせ抽選日8/1を確認
P2SRC276,student_baseball_association,公益財団法人 日本学生野球協会,明治神宮外苑創建百年記念 第57回明治神宮野球大会 開催要項,https://student-baseball.or.jp/game/jingu/2026/2026jingu.html,html,,2026,2026-10-06T09:41:00+09:00,Stage 12K。11/19〜24開催・高校の部10地区代表・10/17組み合わせ抽選を確認
P2SRC277,secondary_tournament_database,令和高校野球 日程と結果,2026年 選手権大会 北北海道大会 日程・結果,https://www.reiwa-hb-sch-and-res-gatr-fod.com/north-hokkaido/2026summer/,html,,2026,2026-10-06T20:02:00+09:00,Stage12M-1。北北海道大会の完了試合日を日別結果から確認
P2SRC278,secondary_tournament_database,令和高校野球 日程と結果,2026年 選手権大会 南北海道大会 日程・結果,https://www.reiwa-hb-sch-and-res-gatr-fod.com/south-hokkaido/2026summer/,html,,2026,2026-10-06T20:02:00+09:00,Stage12M-1。南北海道大会の完了試合日を日別結果から確認
P2SRC279,secondary_tournament_database,令和高校野球 日程と結果,2026年 選手権大会 青森大会 日程・結果,https://www.reiwa-hb-sch-and-res-gatr-fod.com/aomori/2026summer/,html,,2026,2026-10-06T20:02:00+09:00,Stage12M-1。青森大会の完了試合日と全試合順延日を確認
P2SRC280,secondary_tournament_database,令和高校野球 日程と結果,2026年 選手権大会 岩手大会 日程・結果,https://www.reiwa-hb-sch-and-res-gatr-fod.com/iwate/2026summer/,html,,2026,2026-10-06T20:02:00+09:00,Stage12M-1。岩手大会の完了試合日と7/25決勝を確認
P2SRC281,secondary_tournament_database,令和高校野球 日程と結果,2026年 選手権大会 秋田大会 日程・結果,https://www.reiwa-hb-sch-and-res-gatr-fod.com/akita/2026summer/,html,,2026,2026-10-06T20:02:00+09:00,Stage12M-1。秋田大会の完了試合日と7/21決勝を確認
P2SRC282,secondary_tournament_database,令和高校野球 日程と結果,2026年 選手権大会 山形大会 日程・結果,https://www.reiwa-hb-sch-and-res-gatr-fod.com/yamagata/2026summer/,html,,2026,2026-10-06T20:02:00+09:00,Stage12M-1。山形大会の完了試合日と7/25・7/26中止後の7/27決勝を確認
P2SRC283,secondary_tournament_database,令和高校野球 日程と結果,2026年 選手権大会 宮城大会 日程・結果,https://www.reiwa-hb-sch-and-res-gatr-fod.com/miyagi/2026summer/,html,,2026,2026-10-06T20:02:00+09:00,Stage12M-1。宮城大会の完了試合日と7/24・7/26中止後の7/27準決勝・7/28決勝を確認
P2SRC284,secondary_tournament_database,令和高校野球 日程と結果,2026年 選手権大会 福島大会 日程・結果,https://www.reiwa-hb-sch-and-res-gatr-fod.com/fukushima/2026summer/,html,,2026,2026-10-06T20:02:00+09:00,Stage12M-1。福島大会の完了試合日を日別結果から確認
P2SRC285,secondary_live_results,日刊スポーツ,茨城大会 スコア - 高校野球夏の地方大会2026,https://www.nikkansports.com/baseball/highschool/sensyuken/2026/chihou/ibaraki/score.html,html,,2026,2026-10-06T21:03:00+09:00,Stage12M-2。茨城大会の実試合日を日別スコアで確認。7/4は開会式後に2試合実施
P2SRC286,secondary_live_results,日刊スポーツ,栃木大会 スコア - 高校野球夏の地方大会2026,https://www.nikkansports.com/baseball/highschool/sensyuken/2026/chihou/tochigi/score.html,html,,2026,2026-10-06T21:03:00+09:00,Stage12M-2。栃木大会の実試合日を日別スコアで確認
P2SRC287,secondary_live_results,日刊スポーツ,群馬大会 スコア - 高校野球夏の地方大会2026,https://www.nikkansports.com/baseball/highschool/sensyuken/2026/chihou/gunma/score.html,html,,2026,2026-10-06T21:03:00+09:00,Stage12M-2。群馬大会の実試合日を確認。7/18は全試合中止のため除外
P2SRC288,secondary_live_results,日刊スポーツ,埼玉大会 スコア - 高校野球夏の地方大会2026,https://www.nikkansports.com/baseball/highschool/sensyuken/2026/chihou/saitama/score.html,html,,2026,2026-10-06T21:03:00+09:00,Stage12M-2。埼玉大会の実試合日を確認。7/8は開会式後に1回戦1試合実施
P2SRC289,secondary_live_results,日刊スポーツ,千葉大会 スコア - 高校野球夏の地方大会2026,https://www.nikkansports.com/baseball/highschool/sensyuken/2026/chihou/chiba/score.html,html,,2026,2026-10-06T21:03:00+09:00,Stage12M-2。千葉大会の実試合日を確認。実戦は7/9開始
P2SRC290,secondary_live_results,日刊スポーツ,東東京大会 スコア - 高校野球夏の地方大会2026,https://www.nikkansports.com/baseball/highschool/sensyuken/2026/chihou/etokyo/score.html,html,,2026,2026-10-06T21:03:00+09:00,Stage12M-2。東東京大会の実試合日を日別スコアで確認
P2SRC291,secondary_live_results,日刊スポーツ,西東京大会 スコア - 高校野球夏の地方大会2026,https://www.nikkansports.com/baseball/highschool/sensyuken/2026/chihou/wtokyo/score.html,html,,2026,2026-10-06T21:03:00+09:00,Stage12M-2。西東京大会の実試合日を確認。7/5は全試合中止のため除外
P2SRC292,secondary_live_results,日刊スポーツ,神奈川大会 スコア - 高校野球夏の地方大会2026,https://www.nikkansports.com/baseball/highschool/sensyuken/2026/chihou/kanagawa/score.html,html,,2026,2026-10-06T21:03:00+09:00,Stage12M-2。神奈川大会の実試合日を日別スコアで確認。実戦は7/7開始
P2SRC293,secondary_live_results,日刊スポーツ,新潟大会 スコア - 高校野球夏の地方大会2026,https://www.nikkansports.com/baseball/highschool/sensyuken/2026/chihou/niigata/score.html,html,,2026,2026-10-06T21:03:00+09:00,Stage12M-3。新潟大会の実試合日を日別スコアで確認。7/13全面中止は公式球場案内でも照合
P2SRC294,secondary_live_results,日刊スポーツ,長野大会 スコア - 高校野球夏の地方大会2026,https://www.nikkansports.com/baseball/highschool/sensyuken/2026/chihou/nagano/score.html,html,,2026,2026-10-06T21:03:00+09:00,Stage12M-3。長野大会の実試合日を確認。7/6は一部雨天中止でも完了試合あり
P2SRC295,secondary_live_results,日刊スポーツ,山梨大会 スコア - 高校野球夏の地方大会2026,https://www.nikkansports.com/baseball/highschool/sensyuken/2026/chihou/yamanashi/score.html,html,,2026,2026-10-06T21:03:00+09:00,Stage12M-3。山梨大会の実試合日を確認。7/5に1回戦完了試合あり
P2SRC296,secondary_live_results,日刊スポーツ,富山大会 スコア - 高校野球夏の地方大会2026,https://www.nikkansports.com/baseball/highschool/sensyuken/2026/chihou/toyama/score.html,html,,2026,2026-10-06T21:03:00+09:00,Stage12M-3。富山大会の実試合日を確認。7/18は一部継続試合でも完了試合あり
P2SRC297,secondary_live_results,日刊スポーツ,石川大会 スコア - 高校野球夏の地方大会2026,https://www.nikkansports.com/baseball/highschool/sensyuken/2026/chihou/ishikawa/score.html,html,,2026,2026-10-06T21:03:00+09:00,Stage12M-3。石川大会の実試合日を日別スコアで確認
P2SRC298,secondary_live_results,日刊スポーツ,福井大会 スコア - 高校野球夏の地方大会2026,https://www.nikkansports.com/baseball/highschool/sensyuken/2026/chihou/fukui/score.html,html,,2026,2026-10-06T21:03:00+09:00,Stage12M-3。福井大会の実試合日を確認。実戦は7/11開始
P2SRC299,secondary_live_results,日刊スポーツ,静岡大会 スコア - 高校野球夏の地方大会2026,https://www.nikkansports.com/baseball/highschool/sensyuken/2026/chihou/shizuoka/score.html,html,,2026,2026-10-06T22:22:00+09:00,Stage12M-4。静岡大会の実試合日を日別スコアで確認。実戦は7/4開始
P2SRC300,secondary_live_results,日刊スポーツ,愛知大会 スコア - 高校野球夏の地方大会2026,https://www.nikkansports.com/baseball/highschool/sensyuken/2026/chihou/aichi/score.html,html,,2026,2026-10-06T22:22:00+09:00,Stage12M-4。愛知大会の実試合日を確認。6/28は一部中止でも複数試合完了
P2SRC301,secondary_live_results,日刊スポーツ,岐阜大会 スコア - 高校野球夏の地方大会2026,https://www.nikkansports.com/baseball/highschool/sensyuken/2026/chihou/gifu/score.html,html,,2026,2026-10-06T22:22:00+09:00,Stage12M-4。岐阜大会の実試合日を確認。7/18は一部継続でも完了試合あり
P2SRC302,secondary_live_results,日刊スポーツ,三重大会 スコア - 高校野球夏の地方大会2026,https://www.nikkansports.com/baseball/highschool/sensyuken/2026/chihou/mie/score.html,html,,2026,2026-10-06T22:22:00+09:00,Stage12M-4。三重大会の実試合日を確認。7/4・7/5は一部中止でも完了試合あり
