competition_id,prefecture_code,prefecture,latest_confirmed_date,next_check_date,status,remaining_planned_dates,remaining_count,recheck_reason,source_notes
CMP000091,11,埼玉県,2026-10-06,,completed,,0,10/6決勝を実績確認し残件解消,P2SRC326
CMP000013,01,北海道,,2026-10-07,future_pending,2026-10-07;2026-10-08;2026-10-09;2026-10-10;2026-10-11;2026-10-14;2026-10-15,7,10/7開幕までは未来,本大会自体が10/7開始予定
CMP000148,40,福岡県,2026-10-06,2026-10-07,future_pending,2026-10-07;2026-10-10;2026-10-12;2026-10-14,4,10/6準々決勝2試合完了・次回10/7,P2SRC331
CMP000120,26,京都府,2026-10-06,2026-10-08,future_pending,2026-10-08,1,10/6継続準決勝完了・次回10/8,P2SRC327
CMP000128,30,和歌山県,2026-10-03,2026-10-08,future_pending,2026-10-08,1,次回予定日10/8まで待機,変更なし
CMP000016,13,東京都,2026-10-04,2026-10-10,future_pending,2026-10-10;2026-10-11;2026-10-12;2026-10-17;2026-10-18;2026-10-24;2026-10-25;2026-11-01;2026-11-05,9,次回予定日10/10まで待機,変更なし
CMP000124,28,兵庫県,2026-10-03,2026-10-10,future_pending,2026-10-10,1,次回予定日10/10まで待機,変更なし
CMP000134,33,岡山県,2026-10-06,2026-10-10,future_pending,2026-10-10,1,10/6準決勝2試合完了・次回10/10,P2SRC329
CMP000136,34,広島県,2026-10-06,2026-10-10,future_pending,2026-10-10;2026-10-11,2,10/6準々決勝2試合終了・次回10/10,P2SRC330
CMP000140,36,徳島県,2026-10-03,2026-10-10,future_pending,2026-10-10;2026-10-11,2,次回予定日10/10まで待機,変更なし
CMP000142,37,香川県,2026-10-03,2026-10-10,future_pending,2026-10-10;2026-10-12;2026-10-17,3,次回予定日10/10まで待機,変更なし
CMP000144,38,愛媛県,2026-10-04,2026-10-10,future_pending,2026-10-10;2026-10-11,2,次回予定日10/10まで待機,変更なし
CMP000146,39,高知県,2026-09-28,2026-10-10,future_pending,2026-10-10;2026-10-11,2,次回予定日10/10まで待機,変更なし
CMP000150,41,佐賀県,2026-10-04,2026-10-10,future_pending,2026-10-10;2026-10-12,2,次回予定日10/10まで待機,変更なし
CMP000152,42,長崎県,2026-10-03,2026-10-10,future_pending,2026-10-10;2026-10-12,2,次回予定日10/10まで待機,変更なし
CMP000156,44,大分県,2026-10-04,2026-10-10,future_pending,2026-10-10;2026-10-11,2,次回予定日10/10まで待機,変更なし
CMP000160,46,鹿児島県,2026-10-05,2026-10-10,future_pending,2026-10-10;2026-10-11,2,次回予定日10/10まで待機,変更なし
CMP000162,47,沖縄県,2026-10-04,2026-10-10,future_pending,2026-10-10,1,次回予定日10/10まで待機,変更なし
CMP000122,27,大阪府,2026-10-06,2026-10-11,future_pending,2026-10-11,1,10/6準決勝2試合完了・次回10/11,P2SRC328
