prefecture_code,prefecture_name,federation_branch_status,scheme_id,school_count,source_id,verified_at,notes
01,北海道,complete,ASM000001,192,SRC000237,2026-10-03,春季・選手権・秋季で使用される北海道高野連の公式10支部。学校所属は支部別加盟校一覧で照合。
02,青森県,complete,ASM000063,53,SRC000049,2026-10-04,青森県高野連公式加盟校一覧の地区別掲載をそのまま採用。
03,岩手県,complete,ASM000064,61,SRC000272,2026-10-04,春季・秋季県大会地区予選で使用される盛岡・花北・県南・沿岸・県北の5地区。合同チームの大会出場地区と学校の恒常所属を分離。
04,宮城県,complete,ASM000065,65,SRC000278,2026-10-04,2026春季地区大会で使用される中部・南部・東部・北部の4地区。合同チームを学校単位へ展開。
05,秋田県,complete,ASM000066,42,SRC000052,2026-10-04,2026年度公式加盟校一覧の県北・中央・県南3地区。
06,山形県,complete,ASM000085,42,SRC000173,2026-10-04,2026現行加盟校ページで硬式加盟校を村山18・置賜9・最北5・庄内10に直接区分。連盟公式サイトの現行大会情報とOmyuTech連携加盟校ページを基準に登録。
07,福島県,complete,ASM000067,67,SRC000284,2026-10-04,県北・県中・県南・会津・いわき・相双の6支部。2026支部予選の参加校・合同構成を優先して学校単位へ展開。
08,茨城県,complete,ASM000068,100,SRC000292,2026-10-04,県北・水戸・県南・県西の4地区。2026春季地区予選で継続使用。
09,栃木県,complete,ASM000069,62,SRC000293,2026-10-04,北部・中部・南部の3地域ブロック。2026春季県大会は県大会直行だが、連盟の恒常地域ブロックとして保持。直近公式1年生大会ブロック資料と加盟校配置を照合。
10,群馬県,complete,ASM000086,68,SRC000333,2026-10-04,68校の学校別地区表示を東毛19・中毛24・西毛25で全校照合。2026年の東毛・中毛・西毛各リーグ資料で3地区制の継続を確認。北毛を別地区とはせず、沼田・利根系は中毛、吾妻系は西毛として登録。
11,埼玉県,complete,ASM000070,153,SRC000155,2026-10-04,東部・西部・南部・北部の4地区。2026春季地区予選で継続使用。
12,千葉県,complete,ASM000071,174,SRC000059,2026-10-04,公式加盟校一覧の第1～第8ブロックを恒常所属として登録。
13,東京都,not_applicable,,269,SRC000339,2026-10-04,東東京・西東京は選手権のsummer_representationとして既登録。2026春季・秋季は東京都大会として全都一括で、一次予選の番号付きブロックも東西をまたぐ大会抽選ブロック。独立した恒常federation_branchは作成しない。
14,神奈川県,complete,ASM000072,186,SRC000214,2026-10-04,2026春季・秋季地区予選の川崎・横浜北、横浜南・横須賀、湘南・西湘、北相の4地区。合同チームの一時的所属は恒常所属へ反映しない。
15,新潟県,complete,ASM000080,78,SRC000317,2026-10-04,現行規約に明記された北・南2支部。2026加盟校一覧で北38・南40を直接確認。
16,富山県,complete,ASM000081,43,SRC000318,2026-10-04,2026公式行事の4地域拠点と同年の地区別高校野球部紹介を組み合わせ、4地域の恒常区分を保持。
17,石川県,complete,ASM000082,50,SRC000321,2026-10-04,公式一年生大会地区予選と2026地区事業で継続確認した3地区。
18,福井県,complete,ASM000083,28,SRC000322,2026-10-04,2026年に福井市・丹南・坂井奥越・敦賀（嶺南）で継続する地域高校野球大会圏。合同チームの一時参加は恒常所属を上書きしない。
19,山梨県,complete,ASM000084,33,SRC000326,2026-10-04,2026公式行事予定で現行A〜G地区制を確認。公式加盟校一覧の地区順序を2022〜2025の公式担当地区（A北/B西/C甲南/D甲北/E甲東/F東/G南）と学校公式地区大会で境界照合し、33校を確定。
20,長野県,complete,ASM000053,82,SRC000067,2026-10-03,2026年度公式加盟校名簿の北信・東信・中信・南信4支部。
21,岐阜県,complete,ASM000073,67,SRC000294,2026-10-04,岐阜・西濃・中濃飛騨・東濃の4支部。2026年度県高野連公式支部一覧および地区大会で継続使用。
22,静岡県,complete,ASM000051,108,SRC000177,2026-10-03,静岡県高野連の加盟校ページで硬式加盟校を東部36・中部32・西部40に区分。合計108校。
23,愛知県,complete,ASM000049,182,SRC000070,2026-10-03,2026年4月1日公式加盟校一覧の名古屋・東三河・西三河・知多・尾張の5地区。
24,三重県,complete,ASM000074,63,SRC000071,2026-10-04,大会運用の北・中・南3地区を親とし、公式加盟校一覧の桑員・四日市・鈴亀・中勢・伊賀・松阪・南勢・牟婁8地域を子として保持。学校は最小単位の8地域へ所属。
25,滋賀県,not_applicable,,52,SRC000342,2026-10-04,2026春季・秋季とも滋賀県大会へ直接参加する方式。現行県高野連サイトで恒常支部・地区予選を確認できないため、県全体1区分のダミーschemeは作成しない。
26,京都府,complete,ASM000050,76,SRC000242,2026-10-03,2026年度春季京都府大会一次戦で継続使用される市部・北部区分。加盟校一覧の並びと所在地を照合。
27,大阪府,not_applicable,,172,SRC000344,2026-10-04,2026春季・秋季とも大阪府予選として府内一括実施。A～D等は大会組合せ上のブロックで恒常地域所属ではないため、federation_branchは作成しない。マスター172校は2026夏基準を維持。
28,兵庫県,complete,ASM000052,167,SRC000028,2026-10-03,兵庫県高野連公式サイトが2026年度も阪神・神戸・播淡・西播・但丹の県下5地区で春季・秋季の県大会出場校を決定すると明記。学校所属は現行所在地と公式地区構成を照合。
29,奈良県,complete,ASM000087,39,SRC000346,2026-10-04,2026現行県高野連役員名簿で1～4区制の現存を確認。2003地区大会の直接アンカー、地方高野連加盟42校の連続掲載順、県・学校公式の再編継承資料を突合し現行39校へ接続。
30,和歌山県,not_applicable,,39,SRC000349,2026-10-04,現行公式大会体系は春季県予選・選手権和歌山大会・新人戦・秋季県一次/二次予選として県内一括実施。恒常支部・地区制度を確認できないためダミーschemeは作成しない。
31,鳥取県,not_applicable,,24,SRC000310,2026-10-04,2026硬式は春秋とも県大会へ直接参加。人工的な1地区schemeは作成しない。
32,島根県,complete,ASM000075,38,SRC000296,2026-10-04,松江・出雲・石見の3地区。2026地区高等学校野球大会で継続使用。学校所属は2026地区組合せ、公式加盟校一覧および公式アーカイブで照合。
33,岡山県,complete,ASM000076,59,SRC000301,2026-10-04,東部・西部・北部の3地区。2026春季・秋季地区予選で使用。地区横断合同チームの大会所属は各学校の恒常所属を上書きしない。
34,広島県,complete,ASM000077,94,SRC000303,2026-10-04,2026春季・秋季地区予選で使用する広島西部・北部・南部・東部の4地区。
35,山口県,complete,ASM000078,54,SRC000309,2026-10-04,2026年度役員名簿・加盟校一覧で確認できる岩柳・防徳・山宇萩・下関の4地区。
36,徳島県,complete,ASM000079,30,SRC000311,2026-10-04,2026年度総体協賛ブロック大会・新人ブロック大会で継続使用される南部・中央・西部の3ブロック。
37,香川県,not_applicable,,37,SRC000315,2026-10-04,2026硬式は春秋とも県大会へ直接参加。人工的な1地区schemeは作成しない。
38,愛媛県,complete,ASM000054,60,SRC000245,2026-10-03,2026年度の地区別高校野球新人大会で継続使用される東予・中予・南予3地区。公式連携加盟校ページと学校再編移行校の2026大会実績を照合。
39,高知県,not_applicable,,28,SRC000316,2026-10-04,2026硬式は春秋とも高知県予選として県内一括実施。人工的な1地区schemeは作成しない。
40,福岡県,complete,ASM000055,137,SRC000087,2026-10-03,公式加盟校一覧の掲載順を基礎に、2026北部大会（SRC000248）・南部大会（SRC000249）で地区所属を照合。
41,佐賀県,complete,ASM000056,36,SRC000041,2026-10-03,佐賀県高野連公式サイトが県内地区大会として三神・佐賀・唐松・杵藤・伊西の5地区を明示。2026地区大会で学校所属を照合。
42,長崎県,complete,ASM000057,53,SRC000256,2026-10-04,2026会長杯地区予選で使用される長崎地区・中地区・佐世保地区の3地区。2026大会参加校を基準に現行加盟53校へ付与。
43,熊本県,complete,ASM000058,59,SRC000261,2026-10-04,2026年度NHK旗予選で使用される熊本市内・城北地区・城南地区の3区分。大会出場校を基準に59加盟校へ付与。
44,大分県,complete,ASM000059,44,SRC000265,2026-10-04,2026県選手権支部予選で使用される4支部。合同チームが支部をまたぐ場合でも学校自体の恒常所属は独立時所属を保持。
45,宮崎県,complete,ASM000060,47,SRC000267,2026-10-04,2026宮崎県高校野球選手権・新人大会で使用される県北・県央・県南の3地区。
46,鹿児島県,complete,ASM000061,71,SRC000271,2026-10-04,2026春季・秋季地区大会で使用される7地区。地区をまたぐ合同チームは学校自体の恒常地区を変更しない。
47,沖縄県,complete,ASM000062,62,SRC000047,2026-10-04,沖縄県高野連の地区大会で使用される8地区。学校所属は公式加盟校一覧の地区欄を2026加盟校マスターへ投影。
