area_id,scheme_id,area_code,area_name,display_name,parent_area_id,prefecture_code,sort_order,primary_source_id,verified_at,notes
AREA000001,ASM000001,HKD_HAKODATE,函館支部,函館支部,,1,1,SRC000237,2026-10-03,北海道高野連公式支部。加盟校一覧の支部別掲載で学校所属を照合。
AREA000002,ASM000001,HKD_MURORAN,室蘭支部,室蘭支部,,1,2,SRC000237,2026-10-03,北海道高野連公式支部。加盟校一覧の支部別掲載で学校所属を照合。
AREA000003,ASM000001,HKD_SAPPORO,札幌支部,札幌支部,,1,3,SRC000237,2026-10-03,北海道高野連公式支部。加盟校一覧の支部別掲載で学校所属を照合。
AREA000004,ASM000001,HKD_OTARU,小樽支部,小樽支部,,1,4,SRC000237,2026-10-03,北海道高野連公式支部。加盟校一覧の支部別掲載で学校所属を照合。
AREA000005,ASM000001,HKD_SORACHI,空知支部,空知支部,,1,5,SRC000237,2026-10-03,北海道高野連公式支部。加盟校一覧の支部別掲載で学校所属を照合。
AREA000006,ASM000001,HKD_ASAHIKAWA,旭川支部,旭川支部,,1,6,SRC000237,2026-10-03,北海道高野連公式支部。加盟校一覧の支部別掲載で学校所属を照合。
AREA000007,ASM000001,HKD_NAYORO,名寄支部,名寄支部,,1,7,SRC000237,2026-10-03,北海道高野連公式支部。加盟校一覧の支部別掲載で学校所属を照合。
AREA000008,ASM000001,HKD_KITAMI,北見支部,北見支部,,1,8,SRC000237,2026-10-03,北海道高野連公式支部。加盟校一覧の支部別掲載で学校所属を照合。
AREA000009,ASM000001,HKD_TOKACHI,十勝支部,十勝支部,,1,9,SRC000237,2026-10-03,北海道高野連公式支部。加盟校一覧の支部別掲載で学校所属を照合。
AREA000010,ASM000001,HKD_SENKON,釧根支部,釧根支部,,1,10,SRC000237,2026-10-03,北海道高野連公式支部。加盟校一覧の支部別掲載で学校所属を照合。
AREA000011,ASM000002,HKD_SOUTH,南北海道,南北海道,,1,1,SRC000238,2026-10-03,2026年第108回選手権の代表区分。
AREA000012,ASM000002,HKD_NORTH,北北海道,北北海道,,1,2,SRC000238,2026-10-03,2026年第108回選手権の代表区分。
AREA000013,ASM000003,TYO_EAST,東東京,東東京,,13,1,SRC000239,2026-10-03,選手権東東京大会の代表区分。その他20区＋島しょ部。
AREA000014,ASM000003,TYO_WEST,西東京,西東京,,13,2,SRC000239,2026-10-03,選手権西東京大会の代表区分。多摩地域＋世田谷区・杉並区・練馬区。
AREA000015,ASM000004,JP02_SINGLE,青森,青森,,2,1,SRC000241,2026-10-03,2026年第108回選手権の1代表区分。記念大会等で代表区分が変更される年度は、このエリアを流用せず年度別schemeを追加する。
AREA000016,ASM000005,JP03_SINGLE,岩手,岩手,,3,1,SRC000241,2026-10-03,2026年第108回選手権の1代表区分。記念大会等で代表区分が変更される年度は、このエリアを流用せず年度別schemeを追加する。
AREA000017,ASM000006,JP04_SINGLE,宮城,宮城,,4,1,SRC000241,2026-10-03,2026年第108回選手権の1代表区分。記念大会等で代表区分が変更される年度は、このエリアを流用せず年度別schemeを追加する。
AREA000018,ASM000007,JP05_SINGLE,秋田,秋田,,5,1,SRC000241,2026-10-03,2026年第108回選手権の1代表区分。記念大会等で代表区分が変更される年度は、このエリアを流用せず年度別schemeを追加する。
AREA000019,ASM000008,JP06_SINGLE,山形,山形,,6,1,SRC000241,2026-10-03,2026年第108回選手権の1代表区分。記念大会等で代表区分が変更される年度は、このエリアを流用せず年度別schemeを追加する。
AREA000020,ASM000009,JP07_SINGLE,福島,福島,,7,1,SRC000241,2026-10-03,2026年第108回選手権の1代表区分。記念大会等で代表区分が変更される年度は、このエリアを流用せず年度別schemeを追加する。
AREA000021,ASM000010,JP08_SINGLE,茨城,茨城,,8,1,SRC000241,2026-10-03,2026年第108回選手権の1代表区分。記念大会等で代表区分が変更される年度は、このエリアを流用せず年度別schemeを追加する。
AREA000022,ASM000011,JP09_SINGLE,栃木,栃木,,9,1,SRC000241,2026-10-03,2026年第108回選手権の1代表区分。記念大会等で代表区分が変更される年度は、このエリアを流用せず年度別schemeを追加する。
AREA000023,ASM000012,JP10_SINGLE,群馬,群馬,,10,1,SRC000241,2026-10-03,2026年第108回選手権の1代表区分。記念大会等で代表区分が変更される年度は、このエリアを流用せず年度別schemeを追加する。
AREA000024,ASM000013,JP11_SINGLE,埼玉,埼玉,,11,1,SRC000241,2026-10-03,2026年第108回選手権の1代表区分。記念大会等で代表区分が変更される年度は、このエリアを流用せず年度別schemeを追加する。
AREA000025,ASM000014,JP12_SINGLE,千葉,千葉,,12,1,SRC000241,2026-10-03,2026年第108回選手権の1代表区分。記念大会等で代表区分が変更される年度は、このエリアを流用せず年度別schemeを追加する。
AREA000026,ASM000015,JP14_SINGLE,神奈川,神奈川,,14,1,SRC000241,2026-10-03,2026年第108回選手権の1代表区分。記念大会等で代表区分が変更される年度は、このエリアを流用せず年度別schemeを追加する。
AREA000027,ASM000016,JP15_SINGLE,新潟,新潟,,15,1,SRC000241,2026-10-03,2026年第108回選手権の1代表区分。記念大会等で代表区分が変更される年度は、このエリアを流用せず年度別schemeを追加する。
AREA000028,ASM000017,JP16_SINGLE,富山,富山,,16,1,SRC000241,2026-10-03,2026年第108回選手権の1代表区分。記念大会等で代表区分が変更される年度は、このエリアを流用せず年度別schemeを追加する。
AREA000029,ASM000018,JP17_SINGLE,石川,石川,,17,1,SRC000241,2026-10-03,2026年第108回選手権の1代表区分。記念大会等で代表区分が変更される年度は、このエリアを流用せず年度別schemeを追加する。
AREA000030,ASM000019,JP18_SINGLE,福井,福井,,18,1,SRC000241,2026-10-03,2026年第108回選手権の1代表区分。記念大会等で代表区分が変更される年度は、このエリアを流用せず年度別schemeを追加する。
AREA000031,ASM000020,JP19_SINGLE,山梨,山梨,,19,1,SRC000241,2026-10-03,2026年第108回選手権の1代表区分。記念大会等で代表区分が変更される年度は、このエリアを流用せず年度別schemeを追加する。
AREA000032,ASM000021,JP20_SINGLE,長野,長野,,20,1,SRC000241,2026-10-03,2026年第108回選手権の1代表区分。記念大会等で代表区分が変更される年度は、このエリアを流用せず年度別schemeを追加する。
AREA000033,ASM000022,JP21_SINGLE,岐阜,岐阜,,21,1,SRC000241,2026-10-03,2026年第108回選手権の1代表区分。記念大会等で代表区分が変更される年度は、このエリアを流用せず年度別schemeを追加する。
AREA000034,ASM000023,JP22_SINGLE,静岡,静岡,,22,1,SRC000241,2026-10-03,2026年第108回選手権の1代表区分。記念大会等で代表区分が変更される年度は、このエリアを流用せず年度別schemeを追加する。
AREA000035,ASM000024,JP23_SINGLE,愛知,愛知,,23,1,SRC000241,2026-10-03,2026年第108回選手権の1代表区分。記念大会等で代表区分が変更される年度は、このエリアを流用せず年度別schemeを追加する。
AREA000036,ASM000025,JP24_SINGLE,三重,三重,,24,1,SRC000241,2026-10-03,2026年第108回選手権の1代表区分。記念大会等で代表区分が変更される年度は、このエリアを流用せず年度別schemeを追加する。
AREA000037,ASM000026,JP25_SINGLE,滋賀,滋賀,,25,1,SRC000241,2026-10-03,2026年第108回選手権の1代表区分。記念大会等で代表区分が変更される年度は、このエリアを流用せず年度別schemeを追加する。
AREA000038,ASM000027,JP26_SINGLE,京都,京都,,26,1,SRC000241,2026-10-03,2026年第108回選手権の1代表区分。記念大会等で代表区分が変更される年度は、このエリアを流用せず年度別schemeを追加する。
AREA000039,ASM000028,JP27_SINGLE,大阪,大阪,,27,1,SRC000241,2026-10-03,2026年第108回選手権の1代表区分。記念大会等で代表区分が変更される年度は、このエリアを流用せず年度別schemeを追加する。
AREA000040,ASM000029,JP28_SINGLE,兵庫,兵庫,,28,1,SRC000241,2026-10-03,2026年第108回選手権の1代表区分。記念大会等で代表区分が変更される年度は、このエリアを流用せず年度別schemeを追加する。
AREA000041,ASM000030,JP29_SINGLE,奈良,奈良,,29,1,SRC000241,2026-10-03,2026年第108回選手権の1代表区分。記念大会等で代表区分が変更される年度は、このエリアを流用せず年度別schemeを追加する。
AREA000042,ASM000031,JP30_SINGLE,和歌山,和歌山,,30,1,SRC000241,2026-10-03,2026年第108回選手権の1代表区分。記念大会等で代表区分が変更される年度は、このエリアを流用せず年度別schemeを追加する。
AREA000043,ASM000032,JP31_SINGLE,鳥取,鳥取,,31,1,SRC000241,2026-10-03,2026年第108回選手権の1代表区分。記念大会等で代表区分が変更される年度は、このエリアを流用せず年度別schemeを追加する。
AREA000044,ASM000033,JP32_SINGLE,島根,島根,,32,1,SRC000241,2026-10-03,2026年第108回選手権の1代表区分。記念大会等で代表区分が変更される年度は、このエリアを流用せず年度別schemeを追加する。
AREA000045,ASM000034,JP33_SINGLE,岡山,岡山,,33,1,SRC000241,2026-10-03,2026年第108回選手権の1代表区分。記念大会等で代表区分が変更される年度は、このエリアを流用せず年度別schemeを追加する。
AREA000046,ASM000035,JP34_SINGLE,広島,広島,,34,1,SRC000241,2026-10-03,2026年第108回選手権の1代表区分。記念大会等で代表区分が変更される年度は、このエリアを流用せず年度別schemeを追加する。
AREA000047,ASM000036,JP35_SINGLE,山口,山口,,35,1,SRC000241,2026-10-03,2026年第108回選手権の1代表区分。記念大会等で代表区分が変更される年度は、このエリアを流用せず年度別schemeを追加する。
AREA000048,ASM000037,JP36_SINGLE,徳島,徳島,,36,1,SRC000241,2026-10-03,2026年第108回選手権の1代表区分。記念大会等で代表区分が変更される年度は、このエリアを流用せず年度別schemeを追加する。
AREA000049,ASM000038,JP37_SINGLE,香川,香川,,37,1,SRC000241,2026-10-03,2026年第108回選手権の1代表区分。記念大会等で代表区分が変更される年度は、このエリアを流用せず年度別schemeを追加する。
AREA000050,ASM000039,JP38_SINGLE,愛媛,愛媛,,38,1,SRC000241,2026-10-03,2026年第108回選手権の1代表区分。記念大会等で代表区分が変更される年度は、このエリアを流用せず年度別schemeを追加する。
AREA000051,ASM000040,JP39_SINGLE,高知,高知,,39,1,SRC000241,2026-10-03,2026年第108回選手権の1代表区分。記念大会等で代表区分が変更される年度は、このエリアを流用せず年度別schemeを追加する。
AREA000052,ASM000041,JP40_SINGLE,福岡,福岡,,40,1,SRC000241,2026-10-03,2026年第108回選手権の1代表区分。記念大会等で代表区分が変更される年度は、このエリアを流用せず年度別schemeを追加する。
AREA000053,ASM000042,JP41_SINGLE,佐賀,佐賀,,41,1,SRC000241,2026-10-03,2026年第108回選手権の1代表区分。記念大会等で代表区分が変更される年度は、このエリアを流用せず年度別schemeを追加する。
AREA000054,ASM000043,JP42_SINGLE,長崎,長崎,,42,1,SRC000241,2026-10-03,2026年第108回選手権の1代表区分。記念大会等で代表区分が変更される年度は、このエリアを流用せず年度別schemeを追加する。
AREA000055,ASM000044,JP43_SINGLE,熊本,熊本,,43,1,SRC000241,2026-10-03,2026年第108回選手権の1代表区分。記念大会等で代表区分が変更される年度は、このエリアを流用せず年度別schemeを追加する。
AREA000056,ASM000045,JP44_SINGLE,大分,大分,,44,1,SRC000241,2026-10-03,2026年第108回選手権の1代表区分。記念大会等で代表区分が変更される年度は、このエリアを流用せず年度別schemeを追加する。
AREA000057,ASM000046,JP45_SINGLE,宮崎,宮崎,,45,1,SRC000241,2026-10-03,2026年第108回選手権の1代表区分。記念大会等で代表区分が変更される年度は、このエリアを流用せず年度別schemeを追加する。
AREA000058,ASM000047,JP46_SINGLE,鹿児島,鹿児島,,46,1,SRC000241,2026-10-03,2026年第108回選手権の1代表区分。記念大会等で代表区分が変更される年度は、このエリアを流用せず年度別schemeを追加する。
AREA000059,ASM000048,JP47_SINGLE,沖縄,沖縄,,47,1,SRC000241,2026-10-03,2026年第108回選手権の1代表区分。記念大会等で代表区分が変更される年度は、このエリアを流用せず年度別schemeを追加する。
AREA000060,ASM000049,AIC_NAGOYA,名古屋地区,名古屋地区,,23,1,SRC000070,2026-10-03,愛知県高野連 2026年度公式加盟校一覧の地区区分。
AREA000061,ASM000049,AIC_HIGASHIMIKAWA,東三河地区,東三河地区,,23,2,SRC000070,2026-10-03,愛知県高野連 2026年度公式加盟校一覧の地区区分。
AREA000062,ASM000049,AIC_NISHIMIKAWA,西三河地区,西三河地区,,23,3,SRC000070,2026-10-03,愛知県高野連 2026年度公式加盟校一覧の地区区分。
AREA000063,ASM000049,AIC_CHITA,知多地区,知多地区,,23,4,SRC000070,2026-10-03,愛知県高野連 2026年度公式加盟校一覧の地区区分。
AREA000064,ASM000049,AIC_OWARI,尾張地区,尾張地区,,23,5,SRC000070,2026-10-03,愛知県高野連 2026年度公式加盟校一覧の地区区分。
AREA000065,ASM000050,KYT_CITY,市部,市部,,26,1,SRC000242,2026-10-03,京都府高野連の2026年度春季大会一次戦で使用される地域区分。
AREA000066,ASM000050,KYT_NORTH,北部,北部,,26,2,SRC000242,2026-10-03,京都府高野連の2026年度春季大会一次戦で使用される地域区分。
AREA000067,ASM000051,SZK_EAST,東部,東部,,22,1,SRC000177,2026-10-03,静岡県高野連加盟校ページの公式連携データにおける地区区分。
AREA000068,ASM000051,SZK_CENTRAL,中部,中部,,22,2,SRC000177,2026-10-03,静岡県高野連加盟校ページの公式連携データにおける地区区分。
AREA000069,ASM000051,SZK_WEST,西部,西部,,22,3,SRC000177,2026-10-03,静岡県高野連加盟校ページの公式連携データにおける地区区分。
AREA000070,ASM000052,HYG_HANSHIN,阪神地区,阪神地区,,28,1,SRC000028,2026-10-03,兵庫県高野連公式の硬式5地区区分。2026年度春季地区大会でも県下5地区制を継続。
AREA000071,ASM000052,HYG_KOBE,神戸地区,神戸地区,,28,2,SRC000028,2026-10-03,兵庫県高野連公式の硬式5地区区分。2026年度春季地区大会でも県下5地区制を継続。
AREA000072,ASM000052,HYG_BANTAN,播淡地区,播淡地区,,28,3,SRC000028,2026-10-03,兵庫県高野連公式の硬式5地区区分。2026年度春季地区大会でも県下5地区制を継続。
AREA000073,ASM000052,HYG_SEIBAN,西播地区,西播地区,,28,4,SRC000028,2026-10-03,兵庫県高野連公式の硬式5地区区分。2026年度春季地区大会でも県下5地区制を継続。
AREA000074,ASM000052,HYG_TANTAN,但丹地区,但丹地区,,28,5,SRC000028,2026-10-03,兵庫県高野連公式の硬式5地区区分。2026年度春季地区大会でも県下5地区制を継続。
AREA000075,ASM000053,NGN_HOKUSHIN,北信支部,北信,,20,1,SRC000067,2026-10-03,長野県高野連2026年度公式加盟校名簿。
AREA000076,ASM000053,NGN_TOSHIN,東信支部,東信,,20,2,SRC000067,2026-10-03,長野県高野連2026年度公式加盟校名簿。
AREA000077,ASM000053,NGN_CHUSHIN,中信支部,中信,,20,3,SRC000067,2026-10-03,長野県高野連2026年度公式加盟校名簿。
AREA000078,ASM000053,NGN_NANSHIN,南信支部,南信,,20,4,SRC000067,2026-10-03,長野県高野連2026年度公式加盟校名簿。
AREA000079,ASM000054,EHM_TOYO,東予地区,東予,,38,1,SRC000245,2026-10-03,愛媛県高野連の2026年度地区別高校野球新人大会・公式連携加盟校の地区区分。
AREA000080,ASM000054,EHM_CHUYO,中予地区,中予,,38,2,SRC000245,2026-10-03,愛媛県高野連の2026年度地区別高校野球新人大会・公式連携加盟校の地区区分。
AREA000081,ASM000054,EHM_NANYO,南予地区,南予,,38,3,SRC000245,2026-10-03,愛媛県高野連の2026年度地区別高校野球新人大会・公式連携加盟校の地区区分。
AREA000082,ASM000055,FUK_NORTH,北部,北部,,40,1,SRC000087,2026-10-03,福岡県高野連の北部大会区分。公式加盟校一覧1～64校を2026大会（SRC000248）で照合。
AREA000083,ASM000055,FUK_SOUTH,南部,南部,,40,2,SRC000087,2026-10-03,福岡県高野連の南部大会区分。公式加盟校一覧65～137校を2026大会（SRC000249）で照合。
AREA000084,ASM000056,SAG_SANSHIN,三神地区,三神地区,,41,1,SRC000041,2026-10-03,県高野連公式の県内地区大会区分。2026大会（SRC000253）で所属校を照合。
AREA000085,ASM000056,SAG_SAGA,佐賀地区,佐賀地区,,41,2,SRC000041,2026-10-03,県高野連公式の県内地区大会区分。2026予選（SRC000250）で所属校を照合。
AREA000086,ASM000056,SAG_KARAMATSU,唐松地区,唐松地区,,41,3,SRC000041,2026-10-03,県高野連公式の県内地区大会区分。2026予選（SRC000251）で9校を照合。
AREA000087,ASM000056,SAG_KITO,杵藤地区,杵藤地区,,41,4,SRC000041,2026-10-03,県高野連公式の県内地区大会区分。2026大会（SRC000252）で6校を照合。
AREA000088,ASM000056,SAG_ISEI,伊西地区,伊西地区,,41,5,SRC000041,2026-10-03,県高野連公式の県内地区大会区分。2026新人戦（SRC000254）で4校を照合。
AREA000089,ASM000057,NGS_NAGASAKI,長崎地区,長崎地区,,42,1,SRC000257,2026-10-04,2026会長杯長崎地区予選の参加校を基準。西彼杵は2026大会で長崎地区として確認。
AREA000090,ASM000057,NGS_CENTER,中地区,中地区,,42,2,SRC000258,2026-10-04,2026会長杯中地区予選を基準。国見は2025中地区実績で補完。
AREA000091,ASM000057,NGS_SASEBO,佐世保地区,佐世保地区,,42,3,SRC000260,2026-10-04,2026会長杯佐世保地区予選の参加校を基準。
AREA000092,ASM000058,KMM_KUMAMOTO_CITY,熊本市内,熊本市内,,43,1,SRC000262,2026-10-04,2026 NHK旗熊本市内予選21校を基準。
AREA000093,ASM000058,KMM_JOHOKU,城北地区,城北地区,,43,2,SRC000263,2026-10-04,2026 NHK旗城北地区予選15加盟校を基準。
AREA000094,ASM000058,KMM_JONAN,城南地区,城南地区,,43,3,SRC000264,2026-10-04,2026 NHK旗城南地区予選23加盟校を基準。湧心館は所在地ではなく大会所属を優先。
AREA000095,ASM000059,OIT_KENHOKU_KUDAI,県北・久大支部,県北・久大支部,,44,1,SRC000265,2026-10-04,大分県高野連 4支部区分の公式地区。
AREA000096,ASM000059,OIT_BEKKI,別杵支部,別杵支部,,44,2,SRC000265,2026-10-04,大分県高野連 4支部区分の公式地区。
AREA000097,ASM000059,OIT_OITA,大分支部,大分支部,,44,3,SRC000265,2026-10-04,大分県高野連 4支部区分の公式地区。
AREA000098,ASM000059,OIT_KENNAN_HOHI,県南・豊肥支部,県南・豊肥支部,,44,4,SRC000265,2026-10-04,大分県高野連 4支部区分の公式地区。
AREA000099,ASM000060,MIY_KENPOKU,県北地区,県北地区,,45,1,SRC000267,2026-10-04,宮崎県高野連 3地区区分の公式地区。
AREA000100,ASM000060,MIY_KENOH,県央地区,県央地区,,45,2,SRC000267,2026-10-04,宮崎県高野連 3地区区分の公式地区。
AREA000101,ASM000060,MIY_KENNAN,県南地区,県南地区,,45,3,SRC000267,2026-10-04,宮崎県高野連 3地区区分の公式地区。
AREA000102,ASM000061,KAG_KAGOSHIMA_CITY,鹿児島市地区,鹿児島市地区,,46,1,SRC000271,2026-10-04,鹿児島県高野連 7地区区分の公式地区。
AREA000103,ASM000061,KAG_NANSATSU,南薩地区,南薩地区,,46,2,SRC000271,2026-10-04,鹿児島県高野連 7地区区分の公式地区。
AREA000104,ASM000061,KAG_HOKUSATSU,北薩地区,北薩地区,,46,3,SRC000271,2026-10-04,鹿児島県高野連 7地区区分の公式地区。
AREA000105,ASM000061,KAG_AIRA_ISA,姶良・伊佐地区,姶良・伊佐地区,,46,4,SRC000271,2026-10-04,鹿児島県高野連 7地区区分の公式地区。
AREA000106,ASM000061,KAG_OSUMI,大隅地区,大隅地区,,46,5,SRC000271,2026-10-04,鹿児島県高野連 7地区区分の公式地区。
AREA000107,ASM000061,KAG_KUMAGE,熊毛地区,熊毛地区,,46,6,SRC000271,2026-10-04,鹿児島県高野連 7地区区分の公式地区。
AREA000108,ASM000061,KAG_OSHIMA,大島地区,大島地区,,46,7,SRC000271,2026-10-04,鹿児島県高野連 7地区区分の公式地区。
AREA000109,ASM000062,OKI_HOKUBU,北部地区,北部地区,,47,1,SRC000047,2026-10-04,沖縄県高野連 8地区区分の公式地区。
AREA000110,ASM000062,OKI_CHUBU_KITA,中部北地区,中部北地区,,47,2,SRC000047,2026-10-04,沖縄県高野連 8地区区分の公式地区。
AREA000111,ASM000062,OKI_CHUBU_MINAMI,中部南地区,中部南地区,,47,3,SRC000047,2026-10-04,沖縄県高野連 8地区区分の公式地区。
AREA000112,ASM000062,OKI_NAHA_KITA,那覇北地区,那覇北地区,,47,4,SRC000047,2026-10-04,沖縄県高野連 8地区区分の公式地区。
AREA000113,ASM000062,OKI_NAHA_MINAMI,那覇南地区,那覇南地区,,47,5,SRC000047,2026-10-04,沖縄県高野連 8地区区分の公式地区。
AREA000114,ASM000062,OKI_NANBU,南部地区,南部地区,,47,6,SRC000047,2026-10-04,沖縄県高野連 8地区区分の公式地区。
AREA000115,ASM000062,OKI_MIYAKO,宮古地区,宮古地区,,47,7,SRC000047,2026-10-04,沖縄県高野連 8地区区分の公式地区。
AREA000116,ASM000062,OKI_YAEYAMA,八重山地区,八重山地区,,47,8,SRC000047,2026-10-04,沖縄県高野連 8地区区分の公式地区。
AREA000117,ASM000063,AOM_AOMORI,青森地区,青森地区,,2,1,SRC000049,2026-10-04,2026年度公式加盟校一覧の地区区分。
AREA000118,ASM000063,AOM_HIROSAKI,弘前地区,弘前地区,,2,2,SRC000049,2026-10-04,2026年度公式加盟校一覧の地区区分。
AREA000119,ASM000063,AOM_HACHINOHE,八戸地区,八戸地区,,2,3,SRC000049,2026-10-04,2026年度公式加盟校一覧の地区区分。
AREA000120,ASM000063,AOM_GOSHOGAWARA,五所川原地区,五所川原地区,,2,4,SRC000049,2026-10-04,2026年度公式加盟校一覧の地区区分。
AREA000121,ASM000063,AOM_TOWADA,十和田地区,十和田地区,,2,5,SRC000049,2026-10-04,2026年度公式加盟校一覧の地区区分。
AREA000122,ASM000063,AOM_MUTSU,むつ地区,むつ地区,,2,6,SRC000049,2026-10-04,2026年度公式加盟校一覧の地区区分。
AREA000123,ASM000064,IWT_MORIOKA,盛岡地区,盛岡地区,,3,1,SRC000273,2026-10-04,岩手県高野連盛岡支部。
AREA000124,ASM000064,IWT_HANAHOKU,花北地区,花北地区,,3,2,SRC000274,2026-10-04,岩手県高野連花北地区。
AREA000125,ASM000064,IWT_KENNAN,県南地区,県南地区,,3,3,SRC000275,2026-10-04,岩手県高野連県南地区。
AREA000126,ASM000064,IWT_ENGAN,沿岸地区,沿岸地区,,3,4,SRC000276,2026-10-04,岩手県高野連沿岸地区。
AREA000127,ASM000064,IWT_KENPOKU,県北地区,県北地区,,3,5,SRC000277,2026-10-04,岩手県高野連県北地区。
AREA000128,ASM000065,MYG_CHUBU,中部地区,中部地区,,4,1,SRC000279,2026-10-04,2026春季中部地区大会。
AREA000129,ASM000065,MYG_NANBU,南部地区,南部地区,,4,2,SRC000280,2026-10-04,2026春季南部地区大会。
AREA000130,ASM000065,MYG_TOBU,東部地区,東部地区,,4,3,SRC000281,2026-10-04,2026春季東部地区大会。
AREA000131,ASM000065,MYG_HOKUBU,北部地区,北部地区,,4,4,SRC000282,2026-10-04,2026春季北部地区大会。
AREA000132,ASM000066,AKT_KENPOKU,県北地区,県北地区,,5,1,SRC000149,2026-10-04,2026年度公式県北地区加盟校。
AREA000133,ASM000066,AKT_CHUO,中央地区,中央地区,,5,2,SRC000150,2026-10-04,2026年度公式中央地区加盟校。
AREA000134,ASM000066,AKT_KENNAN,県南地区,県南地区,,5,3,SRC000283,2026-10-04,2026年度公式県南地区加盟校。
AREA000135,ASM000067,FKS_KENPOKU,県北支部,県北支部,,7,1,SRC000285,2026-10-04,2026春季県北支部予選。
AREA000136,ASM000067,FKS_KENCHU,県中支部,県中支部,,7,2,SRC000286,2026-10-04,2026春季県中支部予選。
AREA000137,ASM000067,FKS_KENNAN,県南支部,県南支部,,7,3,SRC000287,2026-10-04,2026春季県南支部予選。
AREA000138,ASM000067,FKS_AIZU,会津支部,会津支部,,7,4,SRC000289,2026-10-04,2026春季会津支部予選。
AREA000139,ASM000067,FKS_IWAKI,いわき支部,いわき支部,,7,5,SRC000288,2026-10-04,2026春季いわき支部予選。
AREA000140,ASM000067,FKS_SOSO,相双支部,相双支部,,7,6,SRC000290,2026-10-04,2026春季相双支部予選。
AREA000141,ASM000068,IBR_KENPOKU,県北地区,県北地区,,08,1,SRC000292,2026-10-04,2026春季地区予選・地区別加盟校配置を基準。
AREA000142,ASM000068,IBR_MITO,水戸地区,水戸地区,,08,2,SRC000292,2026-10-04,2026春季地区予選・地区別加盟校配置を基準。
AREA000143,ASM000068,IBR_KENNAN,県南地区,県南地区,,08,3,SRC000292,2026-10-04,2026春季地区予選・地区別加盟校配置を基準。
AREA000144,ASM000068,IBR_KENSEI,県西地区,県西地区,,08,4,SRC000292,2026-10-04,2026春季地区予選・地区別加盟校配置を基準。
AREA000145,ASM000069,TCG_HOKUBU,北部地区,北部地区,,09,1,SRC000293,2026-10-04,北部・中部・南部の恒常地域ブロック。
AREA000146,ASM000069,TCG_CHUBU,中部地区,中部地区,,09,2,SRC000293,2026-10-04,北部・中部・南部の恒常地域ブロック。
AREA000147,ASM000069,TCG_NANBU,南部地区,南部地区,,09,3,SRC000293,2026-10-04,北部・中部・南部の恒常地域ブロック。
AREA000148,ASM000070,STM_TOBU,東部地区,東部地区,,11,1,SRC000155,2026-10-04,2026春季地区予選の恒常4地区。
AREA000149,ASM000070,STM_SEIBU,西部地区,西部地区,,11,2,SRC000155,2026-10-04,2026春季地区予選の恒常4地区。
AREA000150,ASM000070,STM_NANBU,南部地区,南部地区,,11,3,SRC000155,2026-10-04,2026春季地区予選の恒常4地区。
AREA000151,ASM000070,STM_HOKUBU,北部地区,北部地区,,11,4,SRC000155,2026-10-04,2026春季地区予選の恒常4地区。
AREA000152,ASM000071,CHB_BLOCK1,第1ブロック,第1ブロック,,12,1,SRC000059,2026-10-04,千葉県高野連公式加盟校一覧の固定ブロック。
AREA000153,ASM000071,CHB_BLOCK2,第2ブロック,第2ブロック,,12,2,SRC000059,2026-10-04,千葉県高野連公式加盟校一覧の固定ブロック。
AREA000154,ASM000071,CHB_BLOCK3,第3ブロック,第3ブロック,,12,3,SRC000059,2026-10-04,千葉県高野連公式加盟校一覧の固定ブロック。
AREA000155,ASM000071,CHB_BLOCK4,第4ブロック,第4ブロック,,12,4,SRC000059,2026-10-04,千葉県高野連公式加盟校一覧の固定ブロック。
AREA000156,ASM000071,CHB_BLOCK5,第5ブロック,第5ブロック,,12,5,SRC000059,2026-10-04,千葉県高野連公式加盟校一覧の固定ブロック。
AREA000157,ASM000071,CHB_BLOCK6,第6ブロック,第6ブロック,,12,6,SRC000059,2026-10-04,千葉県高野連公式加盟校一覧の固定ブロック。
AREA000158,ASM000071,CHB_BLOCK7,第7ブロック,第7ブロック,,12,7,SRC000059,2026-10-04,千葉県高野連公式加盟校一覧の固定ブロック。
AREA000159,ASM000071,CHB_BLOCK8,第8ブロック,第8ブロック,,12,8,SRC000059,2026-10-04,千葉県高野連公式加盟校一覧の固定ブロック。
AREA000160,ASM000072,KNG_KAWASAKI_YOKOHAMAKITA,川崎・横浜北地区,川崎・横浜北地区,,14,1,SRC000214,2026-10-04,2026春季・秋季地区予選の公式地区。
AREA000161,ASM000072,KNG_YOKOHAMAMINAMI_YOKOSUKA,横浜南・横須賀地区,横浜南・横須賀地区,,14,2,SRC000214,2026-10-04,2026春季・秋季地区予選の公式地区。
AREA000162,ASM000072,KNG_SHONAN_SEISHO,湘南・西湘地区,湘南・西湘地区,,14,3,SRC000214,2026-10-04,2026春季・秋季地区予選の公式地区。
AREA000163,ASM000072,KNG_HOKUSO,北相地区,北相地区,,14,4,SRC000214,2026-10-04,2026春季・秋季地区予選の公式地区。
AREA000164,ASM000073,GIFU_GIFU,岐阜地区,岐阜地区,,21,1,SRC000294,2026-10-04,県高野連公式の恒常支部。
AREA000165,ASM000073,GIFU_SEINO,西濃地区,西濃地区,,21,2,SRC000294,2026-10-04,県高野連公式の恒常支部。
AREA000166,ASM000073,GIFU_CHUNO_HIDA,中濃飛騨地区,中濃飛騨地区,,21,3,SRC000294,2026-10-04,県高野連公式の恒常支部。
AREA000167,ASM000073,GIFU_TONO,東濃地区,東濃地区,,21,4,SRC000294,2026-10-04,県高野連公式の恒常支部。
AREA000168,ASM000074,MIE_NORTH,北地区,北地区,,24,1,SRC000295,2026-10-04,2026春季・秋季県大会地区予選の親地区。
AREA000169,ASM000074,MIE_CENTRAL,中地区,中地区,,24,2,SRC000295,2026-10-04,2026春季・秋季県大会地区予選の親地区。
AREA000170,ASM000074,MIE_SOUTH,南地区,南地区,,24,3,SRC000295,2026-10-04,2026春季・秋季県大会地区予選の親地区。
AREA000171,ASM000074,MIE_SOIN,桑員地区,桑員地区,AREA000168,24,11,SRC000071,2026-10-04,県高野連公式加盟校一覧の恒常地域。北地区に包含。
AREA000172,ASM000074,MIE_YOKKAICHI,四日市地区,四日市地区,AREA000168,24,12,SRC000071,2026-10-04,県高野連公式加盟校一覧の恒常地域。北地区に包含。
AREA000173,ASM000074,MIE_SUZUKA_KAMEYAMA,鈴亀地区,鈴亀地区,AREA000169,24,21,SRC000071,2026-10-04,県高野連公式加盟校一覧の恒常地域。中地区に包含。
AREA000174,ASM000074,MIE_CHUSEI,中勢地区,中勢地区,AREA000169,24,22,SRC000071,2026-10-04,県高野連公式加盟校一覧の恒常地域。中地区に包含。
AREA000175,ASM000074,MIE_IGA,伊賀地区,伊賀地区,AREA000169,24,23,SRC000071,2026-10-04,県高野連公式加盟校一覧の恒常地域。中地区に包含。
AREA000176,ASM000074,MIE_MATSUSAKA,松阪地区,松阪地区,AREA000170,24,31,SRC000071,2026-10-04,県高野連公式加盟校一覧の恒常地域。南地区に包含。
AREA000177,ASM000074,MIE_NANSEI,南勢地区,南勢地区,AREA000170,24,32,SRC000071,2026-10-04,県高野連公式加盟校一覧の恒常地域。南地区に包含。
AREA000178,ASM000074,MIE_MURO,牟婁地区,牟婁地区,AREA000170,24,33,SRC000071,2026-10-04,県高野連公式加盟校一覧の恒常地域。南地区に包含。
AREA000179,ASM000075,SHM_MATSUE,松江地区,松江地区,,32,1,SRC000296,2026-10-04,島根県高野連公式の恒常地区。2026地区大会で確認。
AREA000180,ASM000075,SHM_IZUMO,出雲地区,出雲地区,,32,2,SRC000296,2026-10-04,島根県高野連公式の恒常地区。2026地区大会で確認。
AREA000181,ASM000075,SHM_IWAMI,石見地区,石見地区,,32,3,SRC000296,2026-10-04,島根県高野連公式の恒常地区。2026地区大会で確認。
AREA000182,ASM000076,OKY_EAST,東部地区,東部地区,,33,1,SRC000301,2026-10-04,岡山県高野連公式の春季・秋季地区予選区分。
AREA000183,ASM000076,OKY_WEST,西部地区,西部地区,,33,2,SRC000301,2026-10-04,岡山県高野連公式の春季・秋季地区予選区分。
AREA000184,ASM000076,OKY_NORTH,北部地区,北部地区,,33,3,SRC000301,2026-10-04,岡山県高野連公式の春季・秋季地区予選区分。
AREA000185,ASM000077,HRS_WEST,広島西部地区,広島西部地区,,34,1,SRC000303,2026-10-04,広島県高野連公式の2026地区予選区分。
AREA000186,ASM000077,HRS_NORTH,広島北部地区,広島北部地区,,34,2,SRC000303,2026-10-04,広島県高野連公式の2026地区予選区分。
AREA000187,ASM000077,HRS_SOUTH,広島南部地区,広島南部地区,,34,3,SRC000303,2026-10-04,広島県高野連公式の2026地区予選区分。
AREA000188,ASM000077,HRS_EAST,広島東部地区,広島東部地区,,34,4,SRC000303,2026-10-04,広島県高野連公式の2026地区予選区分。
AREA000189,ASM000078,YMG_IWARYU,岩柳地区,岩柳地区,,35,1,SRC000308,2026-10-04,山口県高野連加盟校一覧の地区区分。
AREA000190,ASM000078,YMG_HOTOKU,防徳地区,防徳地区,,35,2,SRC000308,2026-10-04,山口県高野連加盟校一覧の地区区分。
AREA000191,ASM000078,YMG_SANU_HAGI,山宇萩地区,山宇萩地区,,35,3,SRC000308,2026-10-04,山口県高野連加盟校一覧の地区区分。
AREA000192,ASM000078,YMG_SHIMONOSEKI,下関地区,下関地区,,35,4,SRC000308,2026-10-04,山口県高野連加盟校一覧の地区区分。
AREA000193,ASM000079,TKS_SOUTH,南部ブロック,南部,,36,1,SRC000312,2026-10-04,徳島県高野連公式2026ブロック大会の区分。
AREA000194,ASM000079,TKS_CENTRAL,中央ブロック,中央,,36,2,SRC000313,2026-10-04,徳島県高野連公式2026ブロック大会の区分。
AREA000195,ASM000079,TKS_WEST,西部ブロック,西部,,36,3,SRC000314,2026-10-04,徳島県高野連公式2026ブロック大会の区分。
AREA000196,ASM000080,NGT_NORTH,北支部,北支部,,15,1,SRC000062,2026-10-04,2026公式加盟校一覧のNo.1〜38。
AREA000197,ASM000080,NGT_SOUTH,南支部,南支部,,15,2,SRC000062,2026-10-04,2026公式加盟校一覧のNo.39〜78。
AREA000198,ASM000081,TYM_SHINKAWA,新川地区,新川,,16,1,SRC000319,2026-10-04,2026地区別高校野球部紹介で現行所属を確認。
AREA000199,ASM000081,TYM_TOYAMA,富山地区,富山,,16,2,SRC000319,2026-10-04,2026地区別高校野球部紹介と公式4地域拠点で確認。中央農業は富山市所在・夏不参加加盟校として同地区補完。
AREA000200,ASM000081,TYM_TAKAOKA,高岡地区,高岡,,16,3,SRC000319,2026-10-04,2026地区別高校野球部紹介で高岡・射水・氷見12校を確認。
AREA000201,ASM000081,TYM_TONAMI,砺波地区,砺波,,16,4,SRC000318,2026-10-04,2026公式行事の砺波市拠点と現行地区紹介で5校を確認。
AREA000202,ASM000082,ISK_KAGA,加賀地区,加賀,,17,1,SRC000320,2026-10-04,公式一年生大会地区予選および2026加賀地区強化試合で確認。
AREA000203,ASM000082,ISK_KANAZAWA,金沢地区,金沢,,17,2,SRC000320,2026-10-04,公式一年生大会地区予選で確認。
AREA000204,ASM000082,ISK_NOTO,能登地区,能登,,17,3,SRC000320,2026-10-04,公式一年生大会地区予選および2026能登地区支援交流事業で確認。
AREA000205,ASM000083,FKI_FUKUI,福井地区,福井,,18,1,SRC000322,2026-10-04,福井市長旗を軸とする福井地域大会圏。
AREA000206,ASM000083,FKI_SAKAI_OKUE,坂井・奥越地区,坂井・奥越,,18,2,SRC000324,2026-10-04,2026坂井奥越大会を継続確認。
AREA000207,ASM000083,FKI_TANNAN,丹南地区,丹南,,18,3,SRC000323,2026-10-04,2026越前市長杯に丹南地区6校と明記。
AREA000208,ASM000083,FKI_REINAN,嶺南地区,嶺南,,18,4,SRC000325,2026-10-04,2026敦賀市長旗等を軸とする嶺南地域大会圏。
AREA000209,ASM000084,YMN_A_NORTH,A・北地区,A・北,,19,1,SRC000327,2026-10-04,A・北。2023公式春季審判講習会の担当地区。韮崎工業高校開催で北地区の境界を照合。
AREA000210,ASM000084,YMN_B_WEST,B・西地区,B・西,,19,2,SRC000327,2026-10-04,B・西。2023公式夏季審判講習会の担当地区。甲府昭和学校公式の峡西地区大会参加で学校側境界も照合。
AREA000211,ASM000084,YMN_C_KONAN,C・甲南地区,C・甲南,,19,3,SRC000328,2026-10-04,C・甲南。2024公式春季審判講習会の担当地区。甲府南高校開催。
AREA000212,ASM000084,YMN_D_KOHOKU,D・甲北地区,D・甲北,,19,4,SRC000328,2026-10-04,D・甲北。2024公式夏季審判講習会の担当地区。
AREA000213,ASM000084,YMN_E_KOTO,E・甲東地区,E・甲東,,19,5,SRC000329,2026-10-04,E・甲東。2025公式春季審判講習会の担当地区。山梨学院砂田グラウンド開催。
AREA000214,ASM000084,YMN_F_EAST,F・東地区,F・東,,19,6,SRC000329,2026-10-04,F・東。2025公式夏季審判講習会の担当地区。
AREA000215,ASM000084,YMN_G_SOUTH,G・南地区,G・南,,19,7,SRC000330,2026-10-04,G・南。2022公式夏季審判講習会担当、2026公式春季審判講習会でも継続確認。
AREA000216,ASM000085,YGT_MURAYAMA,村山地区,村山,,6,1,SRC000173,2026-10-04,2026現行加盟校ページで村山地区として硬式加盟校18校を直接掲載。
AREA000217,ASM000085,YGT_OKITAMA,置賜地区,置賜,,6,2,SRC000173,2026-10-04,2026現行加盟校ページで置賜地区として硬式加盟校9校を直接掲載。
AREA000218,ASM000085,YGT_SAIHOKU,最北地区,最北,,6,3,SRC000173,2026-10-04,2026現行加盟校ページで最北地区として硬式加盟校5校を直接掲載。
AREA000219,ASM000085,YGT_SHONAI,庄内地区,庄内,,6,4,SRC000173,2026-10-04,2026現行加盟校ページで庄内地区として硬式加盟校10校を直接掲載。
AREA000220,ASM000086,GNM_TOMO,東毛地区,東毛,,10,1,SRC000334,2026-10-04,桐生・太田・館林・みどり・邑楽方面。2026春季東毛リーグを館林市公式予定表で確認。
AREA000221,ASM000086,GNM_CHUMO,中毛地区,中毛,,10,2,SRC000338,2026-10-04,前橋・伊勢崎・渋川・玉村に加え、沼田・利根方面を含む。2026春季中毛リーグで利根商業の参加も確認。
AREA000222,ASM000086,GNM_SEIMO,西毛地区,西毛,,10,3,SRC000336,2026-10-04,高崎・藤岡・富岡・安中に加え、吾妻方面を含む。学校公式の西毛リーグ年間予定・活動記録で継続確認。
AREA000223,ASM000087,NAR_1,1区,1区,,29,1,SRC000346,2026-10-04,旧加盟校一覧の先頭10校ブロック。登美ヶ丘・奈良が2003年第1地区の直接アンカー。現行再編後9校。
AREA000224,ASM000087,NAR_2,2区,2区,,29,2,SRC000346,2026-10-04,旧加盟校一覧の次13校ブロック。高田商・奈良高専・王寺工・香芝等の第2区直接資料と一致。現行13校。
AREA000225,ASM000087,NAR_3,3区,3区,,29,3,SRC000346,2026-10-04,旧加盟校一覧の次9校ブロック。桜井・天理・添上が第3地区の直接アンカー。再編・関西中央離脱後7校。
AREA000226,ASM000087,NAR_4,4区,4区,,29,4,SRC000346,2026-10-04,旧加盟校一覧の末尾10校ブロック。智弁学園・御所工（現御所実業）が第4地区の直接アンカー。再編と青翔追加を反映し現行10校。
