match_id,season,district_code,route_block,qualifying_school,losing_school,score,date,recorded_round,source_url,official_pdf_match_review,verification_basis
HT20260038,spring,east,A,福山工,尾道東,11-1,2026-03-28,予選代表決定戦,https://www.reiwa-hb-sch-and-res-gatr-fod.com/hiroshima/2026spring/east-area/,not_inspected,secondary_dated_result_page
HT20260039,spring,east,B,如水館,神辺旭,8-3,2026-03-28,予選代表決定戦,https://www.reiwa-hb-sch-and-res-gatr-fod.com/hiroshima/2026spring/east-area/,not_inspected,secondary_dated_result_page
HT20260040,spring,east,B,神辺旭,戸手,13-0,2026-03-29,予選敗者戦代表決定戦,https://www.reiwa-hb-sch-and-res-gatr-fod.com/hiroshima/2026spring/east-area/,not_inspected,secondary_dated_result_page
HT20260041,spring,east,C,尾道,福山誠之館,12-0,2026-03-22,予選代表決定戦,https://www.reiwa-hb-sch-and-res-gatr-fod.com/hiroshima/2026spring/east-area/,not_inspected,secondary_dated_result_page
HT20260042,spring,east,C,福山,総合技術,6-2,2026-03-29,予選敗者戦代表決定戦,https://www.reiwa-hb-sch-and-res-gatr-fod.com/hiroshima/2026spring/east-area/,not_inspected,secondary_dated_result_page
HT20260043,spring,east,D,盈進,総合技術,13-10,2026-03-22,予選代表決定戦,https://www.reiwa-hb-sch-and-res-gatr-fod.com/hiroshima/2026spring/east-area/,not_inspected,secondary_dated_result_page
HT20260044,spring,east,D,総合技術,大門,13-3,2026-04-05,予選敗者戦代表決定戦,https://www.reiwa-hb-sch-and-res-gatr-fod.com/hiroshima/2026spring/east-area/,not_inspected,secondary_dated_result_page
HT20260045,spring,east,E,尾道商,大門,9-1,2026-03-22,予選代表決定戦,https://www.reiwa-hb-sch-and-res-gatr-fod.com/hiroshima/2026spring/east-area/,not_inspected,secondary_dated_result_page
HT20260046,spring,south,A,瀬戸内,広島桜が丘,7-0,2026-03-22,予選代表決定戦,https://www.reiwa-hb-sch-and-res-gatr-fod.com/hiroshima/2026spring/south-area/,not_inspected,secondary_dated_result_page
HT20260047,spring,south,B,呉港,広島市工,13-0,2026-03-22,予選代表決定戦,https://www.reiwa-hb-sch-and-res-gatr-fod.com/hiroshima/2026spring/south-area/,not_inspected,secondary_dated_result_page
HT20260048,spring,south,C,海田,安芸南,9-6,2026-03-28,予選代表決定戦,https://www.reiwa-hb-sch-and-res-gatr-fod.com/hiroshima/2026spring/south-area/,not_inspected,secondary_dated_result_page
HT20260049,spring,south,D,広島国際学院,安芸府中,9-1,2026-03-28,予選代表決定戦,https://www.reiwa-hb-sch-and-res-gatr-fod.com/hiroshima/2026spring/south-area/,not_inspected,secondary_dated_result_page
HT20260050,spring,south,D,安芸府中,安芸南,3-0,2026-04-05,予選敗者戦代表決定戦,https://www.reiwa-hb-sch-and-res-gatr-fod.com/hiroshima/2026spring/south-area/,not_inspected,secondary_dated_result_page
HT20260051,spring,south,E,広島工,西条農,9-6,2026-03-28,予選代表決定戦,https://www.reiwa-hb-sch-and-res-gatr-fod.com/hiroshima/2026spring/south-area/,not_inspected,secondary_dated_result_page
HT20260052,spring,south,F,市立呉,武田,6-5,2026-03-28,予選代表決定戦,https://www.reiwa-hb-sch-and-res-gatr-fod.com/hiroshima/2026spring/south-area/,not_inspected,secondary_dated_result_page
HT20260053,spring,south,F,武田,賀茂,14-7,2026-04-05,予選敗者戦代表決定戦,https://www.reiwa-hb-sch-and-res-gatr-fod.com/hiroshima/2026spring/south-area/,not_inspected,secondary_dated_result_page
HT20260054,autumn,east,A,福山,府中,10-1,2026-08-29,予選代表決定戦,https://www.reiwa-hb-sch-and-res-gatr-fod.com/hiroshima/2026autumn/east-area/,not_inspected,secondary_dated_result_page
HT20260055,autumn,east,A,府中,福山誠之館,10-8,2026-08-30,予選敗者戦代表決定戦,https://www.reiwa-hb-sch-and-res-gatr-fod.com/hiroshima/2026autumn/east-area/,not_inspected,secondary_dated_result_page
HT20260056,autumn,east,B,尾道商,大門,8-1,2026-08-23,予選代表決定戦,https://www.reiwa-hb-sch-and-res-gatr-fod.com/hiroshima/2026autumn/east-area/,not_inspected,secondary_dated_result_page
HT20260057,autumn,east,B,近大福山,英数学館,6-2,2026-08-30,予選敗者戦代表決定戦,https://www.reiwa-hb-sch-and-res-gatr-fod.com/hiroshima/2026autumn/east-area/,not_inspected,secondary_dated_result_page
HT20260058,autumn,east,C,尾道,三原,12-2,2026-08-23,予選代表決定戦,https://www.reiwa-hb-sch-and-res-gatr-fod.com/hiroshima/2026autumn/east-area/,not_inspected,secondary_dated_result_page
HT20260059,autumn,east,D,如水館,神辺旭,8-3,2026-08-23,予選代表決定戦,https://www.reiwa-hb-sch-and-res-gatr-fod.com/hiroshima/2026autumn/east-area/,not_inspected,secondary_dated_result_page
HT20260060,autumn,east,E,福山工,福山葦陽,12-1,2026-08-23,予選代表決定戦,https://www.reiwa-hb-sch-and-res-gatr-fod.com/hiroshima/2026autumn/east-area/,not_inspected,secondary_dated_result_page
HT20260061,autumn,east,E,盈進,神辺旭,10-1,2026-08-30,予選敗者戦代表決定戦,https://www.reiwa-hb-sch-and-res-gatr-fod.com/hiroshima/2026autumn/east-area/,not_inspected,secondary_dated_result_page
