trace_id,transition_id,season,district_code,stage_group_id,school_display_name,from_match_id,from_result,to_match_id,from_phase,to_phase,transition_kind,from_route_id,to_route_id,from_match_date,to_match_date,official_2026_image_url,official_number_from,official_number_to,official_number_and_arrow_verified,source_scope,fmt025_live_allowed
HGE2026001,HPTR20260072,autumn,west,SGR000144,広島井口,HT20260175,winner,HT20260173,PRIMARY,PRIMARY,WIN_PRIMARY_TO_PRIMARY,HR20260044,HR20260044,2026-08-22,2026-08-23,https://drive.google.com/file/d/1VxVW_r_L5MwnP3hkqZToGe3o5StK5NQ-/view?usp=sharing,,,no,secondary_dated_team_sequence_not_official_numbered_arrows,no
HGE2026002,HPTR20260073,autumn,west,SGR000144,広島井口,HT20260173,loser,HT20260172,PRIMARY,REPECHAGE,LOSS_PRIMARY_TO_REPECHAGE,HR20260044,HR20260045,2026-08-23,2026-08-29,https://drive.google.com/file/d/1VxVW_r_L5MwnP3hkqZToGe3o5StK5NQ-/view?usp=sharing,,,no,secondary_dated_team_sequence_not_official_numbered_arrows,no
HGE2026003,HPTR20260074,autumn,west,SGR000144,広島井口,HT20260172,winner,HT20260035,REPECHAGE,REPECHAGE,WIN_REPECHAGE_TO_REPECHAGE,HR20260045,HR20260045,2026-08-29,2026-08-30,https://drive.google.com/file/d/1VxVW_r_L5MwnP3hkqZToGe3o5StK5NQ-/view?usp=sharing,,,no,secondary_dated_team_sequence_not_official_numbered_arrows,no
HGE2026004,HPTR20260075,autumn,west,SGR000144,宮島工,HT20260176,winner,HT20260068,PRIMARY,PRIMARY,WIN_PRIMARY_TO_PRIMARY,HR20260044,HR20260044,2026-08-22,2026-08-29,https://drive.google.com/file/d/1VxVW_r_L5MwnP3hkqZToGe3o5StK5NQ-/view?usp=sharing,,,no,secondary_dated_team_sequence_not_official_numbered_arrows,no
HGE2026005,HPTR20260076,autumn,west,SGR000144,宮島工,HT20260068,loser,HT20260035,PRIMARY,REPECHAGE,LOSS_PRIMARY_TO_REPECHAGE,HR20260044,HR20260045,2026-08-29,2026-08-30,https://drive.google.com/file/d/1VxVW_r_L5MwnP3hkqZToGe3o5StK5NQ-/view?usp=sharing,,,no,secondary_dated_team_sequence_not_official_numbered_arrows,no
HGE2026006,HPTR20260170,autumn,west,SGR000144,広島商,HT20260173,winner,HT20260068,PRIMARY,PRIMARY,WIN_PRIMARY_TO_PRIMARY,HR20260044,HR20260044,2026-08-23,2026-08-29,https://drive.google.com/file/d/1VxVW_r_L5MwnP3hkqZToGe3o5StK5NQ-/view?usp=sharing,,,no,secondary_dated_team_sequence_not_official_numbered_arrows,no
HGE2026007,HPTR20260171,autumn,west,SGR000144,山陽,HT20260178,winner,HT20260069,PRIMARY,PRIMARY,WIN_PRIMARY_TO_PRIMARY,HR20260046,HR20260046,2026-08-23,2026-08-29,https://drive.google.com/file/d/1VxVW_r_L5MwnP3hkqZToGe3o5StK5NQ-/view?usp=sharing,,,no,secondary_dated_team_sequence_not_official_numbered_arrows,no
HGE2026008,HPTR20260172,autumn,west,SGR000144,基町,HT20260181,winner,HT20260069,PRIMARY,PRIMARY,WIN_PRIMARY_TO_PRIMARY,HR20260046,HR20260046,2026-08-22,2026-08-29,https://drive.google.com/file/d/1VxVW_r_L5MwnP3hkqZToGe3o5StK5NQ-/view?usp=sharing,,,no,secondary_dated_team_sequence_not_official_numbered_arrows,no
HGE2026009,HPTR20260173,autumn,west,SGR000144,基町,HT20260069,loser,HT20260070,PRIMARY,REPECHAGE,LOSS_PRIMARY_TO_REPECHAGE,HR20260046,HR20260047,2026-08-29,2026-08-30,https://drive.google.com/file/d/1VxVW_r_L5MwnP3hkqZToGe3o5StK5NQ-/view?usp=sharing,,,no,secondary_dated_team_sequence_not_official_numbered_arrows,no
HGE2026010,HPTR20260174,autumn,west,SGR000144,舟入,HT20260181,loser,HT20260179,PRIMARY,REPECHAGE,LOSS_PRIMARY_TO_REPECHAGE,HR20260046,HR20260047,2026-08-22,2026-08-23,https://drive.google.com/file/d/1VxVW_r_L5MwnP3hkqZToGe3o5StK5NQ-/view?usp=sharing,,,no,secondary_dated_team_sequence_not_official_numbered_arrows,no
HGE2026011,HPTR20260175,autumn,west,SGR000144,舟入,HT20260179,winner,HT20260177,REPECHAGE,REPECHAGE,WIN_REPECHAGE_TO_REPECHAGE,HR20260047,HR20260047,2026-08-23,2026-08-29,https://drive.google.com/file/d/1VxVW_r_L5MwnP3hkqZToGe3o5StK5NQ-/view?usp=sharing,,,no,secondary_dated_team_sequence_not_official_numbered_arrows,no
HGE2026012,HPTR20260176,autumn,west,SGR000144,舟入,HT20260177,winner,HT20260070,REPECHAGE,REPECHAGE,WIN_REPECHAGE_TO_REPECHAGE,HR20260047,HR20260047,2026-08-29,2026-08-30,https://drive.google.com/file/d/1VxVW_r_L5MwnP3hkqZToGe3o5StK5NQ-/view?usp=sharing,,,no,secondary_dated_team_sequence_not_official_numbered_arrows,no
HGE2026013,HPTR20260177,autumn,west,SGR000144,広島国泰寺,HT20260189,winner,HT20260071,PRIMARY,PRIMARY,WIN_PRIMARY_TO_PRIMARY,HR20260048,HR20260048,2026-08-22,2026-08-23,https://drive.google.com/file/d/1VxVW_r_L5MwnP3hkqZToGe3o5StK5NQ-/view?usp=sharing,,,no,secondary_dated_team_sequence_not_official_numbered_arrows,no
HGE2026014,HPTR20260178,autumn,west,SGR000144,修大協創,HT20260187,winner,HT20260071,PRIMARY,PRIMARY,WIN_PRIMARY_TO_PRIMARY,HR20260048,HR20260048,2026-08-22,2026-08-23,https://drive.google.com/file/d/1VxVW_r_L5MwnP3hkqZToGe3o5StK5NQ-/view?usp=sharing,,,no,secondary_dated_team_sequence_not_official_numbered_arrows,no
HGE2026015,HPTR20260179,autumn,west,SGR000144,修大協創,HT20260071,loser,HT20260182,PRIMARY,REPECHAGE,LOSS_PRIMARY_TO_REPECHAGE,HR20260048,HR20260049,2026-08-23,2026-08-29,https://drive.google.com/file/d/1VxVW_r_L5MwnP3hkqZToGe3o5StK5NQ-/view?usp=sharing,,,no,secondary_dated_team_sequence_not_official_numbered_arrows,no
HGE2026016,HPTR20260180,autumn,west,SGR000144,広島工大,HT20260187,loser,HT20260185,PRIMARY,REPECHAGE,LOSS_PRIMARY_TO_REPECHAGE,HR20260048,HR20260049,2026-08-22,2026-08-23,https://drive.google.com/file/d/1VxVW_r_L5MwnP3hkqZToGe3o5StK5NQ-/view?usp=sharing,,,no,secondary_dated_team_sequence_not_official_numbered_arrows,no
HGE2026017,HPTR20260181,autumn,west,SGR000144,広島工大,HT20260185,winner,HT20260182,REPECHAGE,REPECHAGE,WIN_REPECHAGE_TO_REPECHAGE,HR20260049,HR20260049,2026-08-23,2026-08-29,https://drive.google.com/file/d/1VxVW_r_L5MwnP3hkqZToGe3o5StK5NQ-/view?usp=sharing,,,no,secondary_dated_team_sequence_not_official_numbered_arrows,no
HGE2026018,HPTR20260182,autumn,west,SGR000144,広島工大,HT20260182,winner,HT20260072,REPECHAGE,REPECHAGE,WIN_REPECHAGE_TO_REPECHAGE,HR20260049,HR20260052,2026-08-29,2026-08-30,https://drive.google.com/file/d/1VxVW_r_L5MwnP3hkqZToGe3o5StK5NQ-/view?usp=sharing,,,no,secondary_dated_team_sequence_not_official_numbered_arrows,no
HGE2026019,HPTR20260183,autumn,west,SGR000144,広島城北,HT20260188,winner,HT20260073,PRIMARY,PRIMARY,WIN_PRIMARY_TO_PRIMARY,HR20260050,HR20260050,2026-08-22,2026-08-23,https://drive.google.com/file/d/1VxVW_r_L5MwnP3hkqZToGe3o5StK5NQ-/view?usp=sharing,,,no,secondary_dated_team_sequence_not_official_numbered_arrows,no
HGE2026020,HPTR20260184,autumn,west,SGR000144,広島城北,HT20260073,loser,HT20260183,PRIMARY,REPECHAGE,LOSS_PRIMARY_TO_REPECHAGE,HR20260050,HR20260051,2026-08-23,2026-08-29,https://drive.google.com/file/d/1VxVW_r_L5MwnP3hkqZToGe3o5StK5NQ-/view?usp=sharing,,,no,secondary_dated_team_sequence_not_official_numbered_arrows,no
HGE2026021,HPTR20260185,autumn,west,SGR000144,広島城北,HT20260183,winner,HT20260072,REPECHAGE,REPECHAGE,WIN_REPECHAGE_TO_REPECHAGE,HR20260051,HR20260052,2026-08-29,2026-08-30,https://drive.google.com/file/d/1VxVW_r_L5MwnP3hkqZToGe3o5StK5NQ-/view?usp=sharing,,,no,secondary_dated_team_sequence_not_official_numbered_arrows,no
HGE2026022,HPTR20260186,autumn,west,SGR000144,崇徳,HT20260186,winner,HT20260073,PRIMARY,PRIMARY,WIN_PRIMARY_TO_PRIMARY,HR20260050,HR20260050,2026-08-22,2026-08-23,https://drive.google.com/file/d/1VxVW_r_L5MwnP3hkqZToGe3o5StK5NQ-/view?usp=sharing,,,no,secondary_dated_team_sequence_not_official_numbered_arrows,no
HGE2026023,HPTR20260255,autumn,west,SGR000144,大竹,HT20260175,loser,HT20260174,PRIMARY,REPECHAGE,LOSS_PRIMARY_TO_REPECHAGE,HR20260044,HR20260045,2026-08-22,2026-08-23,https://drive.google.com/file/d/1VxVW_r_L5MwnP3hkqZToGe3o5StK5NQ-/view?usp=sharing,,,no,secondary_dated_team_sequence_not_official_numbered_arrows,no
HGE2026024,HPTR20260256,autumn,west,SGR000144,大竹,HT20260174,winner,HT20260172,REPECHAGE,REPECHAGE,WIN_REPECHAGE_TO_REPECHAGE,HR20260045,HR20260045,2026-08-23,2026-08-29,https://drive.google.com/file/d/1VxVW_r_L5MwnP3hkqZToGe3o5StK5NQ-/view?usp=sharing,,,no,secondary_dated_team_sequence_not_official_numbered_arrows,no
HGE2026025,HPTR20260257,autumn,west,SGR000144,廿日市西,HT20260176,loser,HT20260174,PRIMARY,REPECHAGE,LOSS_PRIMARY_TO_REPECHAGE,HR20260044,HR20260045,2026-08-22,2026-08-23,https://drive.google.com/file/d/1VxVW_r_L5MwnP3hkqZToGe3o5StK5NQ-/view?usp=sharing,,,no,secondary_dated_team_sequence_not_official_numbered_arrows,no
HGE2026026,HPTR20260258,autumn,west,SGR000144,修道,HT20260180,winner,HT20260178,PRIMARY,PRIMARY,WIN_PRIMARY_TO_PRIMARY,HR20260046,HR20260046,2026-08-22,2026-08-23,https://drive.google.com/file/d/1VxVW_r_L5MwnP3hkqZToGe3o5StK5NQ-/view?usp=sharing,,,no,secondary_dated_team_sequence_not_official_numbered_arrows,no
HGE2026027,HPTR20260259,autumn,west,SGR000144,修道,HT20260178,loser,HT20260177,PRIMARY,REPECHAGE,LOSS_PRIMARY_TO_REPECHAGE,HR20260046,HR20260047,2026-08-23,2026-08-29,https://drive.google.com/file/d/1VxVW_r_L5MwnP3hkqZToGe3o5StK5NQ-/view?usp=sharing,,,no,secondary_dated_team_sequence_not_official_numbered_arrows,no
HGE2026028,HPTR20260260,autumn,west,SGR000144,広島観音,HT20260180,loser,HT20260179,PRIMARY,REPECHAGE,LOSS_PRIMARY_TO_REPECHAGE,HR20260046,HR20260047,2026-08-22,2026-08-23,https://drive.google.com/file/d/1VxVW_r_L5MwnP3hkqZToGe3o5StK5NQ-/view?usp=sharing,,,no,secondary_dated_team_sequence_not_official_numbered_arrows,no
HGE2026029,HPTR20260261,autumn,west,SGR000144,美鈴が丘,HT20260186,loser,HT20260184,PRIMARY,REPECHAGE,LOSS_PRIMARY_TO_REPECHAGE,HR20260050,HR20260051,2026-08-22,2026-08-23,https://drive.google.com/file/d/1VxVW_r_L5MwnP3hkqZToGe3o5StK5NQ-/view?usp=sharing,,,no,secondary_dated_team_sequence_not_official_numbered_arrows,no
HGE2026030,HPTR20260262,autumn,west,SGR000144,美鈴が丘,HT20260184,winner,HT20260183,REPECHAGE,REPECHAGE,WIN_REPECHAGE_TO_REPECHAGE,HR20260051,HR20260051,2026-08-23,2026-08-29,https://drive.google.com/file/d/1VxVW_r_L5MwnP3hkqZToGe3o5StK5NQ-/view?usp=sharing,,,no,secondary_dated_team_sequence_not_official_numbered_arrows,no
HGE2026031,HPTR20260263,autumn,west,SGR000144,廿日市,HT20260188,loser,HT20260184,PRIMARY,REPECHAGE,LOSS_PRIMARY_TO_REPECHAGE,HR20260050,HR20260051,2026-08-22,2026-08-23,https://drive.google.com/file/d/1VxVW_r_L5MwnP3hkqZToGe3o5StK5NQ-/view?usp=sharing,,,no,secondary_dated_team_sequence_not_official_numbered_arrows,no
HGE2026032,HPTR20260264,autumn,west,SGR000144,五日市,HT20260189,loser,HT20260185,PRIMARY,REPECHAGE,LOSS_PRIMARY_TO_REPECHAGE,HR20260048,HR20260049,2026-08-22,2026-08-23,https://drive.google.com/file/d/1VxVW_r_L5MwnP3hkqZToGe3o5StK5NQ-/view?usp=sharing,,,no,secondary_dated_team_sequence_not_official_numbered_arrows,no
