reference_id,competition_id,team1_school_id,team2_school_id,team1_area_id,team2_area_id,stage_group_id,mapping_status,team1_resolution,team2_resolution
RR20260001,CMP000140,SCH001149,SCH001165,,,SGR000171,verified_ready_for_locked_cohort_check,checked_official_name_alias,checked_official_name_alias
RR20260002,CMP000140,SCH001153,SCH001145,,,SGR000171,verified_ready_for_locked_cohort_check,checked_official_name_alias,checked_official_name_alias
RR20260003,CMP000162,SCH002743,SCH002773,,,SGR000184,verified_ready_for_locked_cohort_check,official_federation_name,official_federation_name
RR20260004,CMP000162,SCH002747,SCH002724,,,SGR000184,verified_ready_for_locked_cohort_check,official_federation_name,official_federation_name
RR20260005,CMP000162,SCH002747,SCH002743,,,SGR000184,verified_ready_for_locked_cohort_check,official_federation_name,official_federation_name
RR20260006,CMP000111,SCH002559,SCH002534,AREA000069,AREA000069,SGR000105,mapped_same_area_ranking_reference,official_federation_name,official_federation_name
RR20260007,CMP000111,SCH002492,SCH002472,AREA000067,AREA000067,SGR000103,mapped_same_area_ranking_reference,official_federation_name,official_federation_name
RR20260008,CMP000111,SCH002479,SCH002470,AREA000067,AREA000067,SGR000103,mapped_same_area_ranking_reference,official_federation_name,official_federation_name
RR20260009,CMP000111,SCH002508,SCH002518,AREA000068,AREA000068,SGR000104,mapped_same_area_ranking_reference,official_federation_name,official_federation_name
RR20260010,CMP000111,SCH002507,SCH002521,AREA000068,AREA000068,SGR000104,mapped_same_area_ranking_reference,official_federation_name,official_federation_name
RR20260011,CMP000111,SCH002537,SCH002541,AREA000069,AREA000069,SGR000105,mapped_same_area_ranking_reference,official_federation_name,official_federation_name
RR20260012,CMP000111,SCH002555,SCH002533,AREA000069,AREA000069,SGR000105,mapped_same_area_ranking_reference,official_federation_name,official_federation_name
RR20260013,CMP000111,SCH002484,SCH002495,AREA000067,AREA000067,SGR000103,mapped_same_area_ranking_reference,official_federation_name,official_federation_name
RR20260014,CMP000111,SCH002471,SCH002490,AREA000067,AREA000067,SGR000103,mapped_same_area_ranking_reference,official_federation_name,official_federation_name
RR20260015,CMP000111,SCH002503,SCH002511,AREA000068,AREA000068,SGR000104,mapped_same_area_ranking_reference,official_federation_name,official_federation_name
RR20260016,CMP000111,SCH002522,SCH002500,AREA000068,AREA000068,SGR000104,mapped_same_area_ranking_reference,official_federation_name,official_federation_name
RR20260017,CMP000111,SCH002544,SCH002558,AREA000069,AREA000069,SGR000105,mapped_same_area_ranking_reference,official_federation_name,official_federation_name
RR20260018,CMP000111,SCH002531,SCH002557,AREA000069,AREA000069,SGR000105,mapped_same_area_ranking_reference,official_federation_name,checked_official_name_alias
RR20260019,CMP000112,SCH002487,SCH002470,AREA000067,AREA000067,SGR000106,mapped_same_area_ranking_reference,official_federation_name,official_federation_name
RR20260020,CMP000112,SCH002484,SCH002469,AREA000067,AREA000067,SGR000106,mapped_same_area_ranking_reference,official_federation_name,official_federation_name
RR20260021,CMP000112,SCH002509,SCH002507,AREA000068,AREA000068,SGR000107,mapped_same_area_ranking_reference,official_federation_name,official_federation_name
RR20260022,CMP000112,SCH002475,SCH002488,AREA000067,AREA000067,SGR000106,mapped_same_area_ranking_reference,official_federation_name,official_federation_name
RR20260023,CMP000112,SCH002522,SCH002479,AREA000068,AREA000067,,mapped_cross_block_ranking_reference,official_federation_name,official_federation_name
RR20260024,CMP000112,SCH002503,SCH002501,AREA000068,AREA000068,SGR000107,mapped_same_area_ranking_reference,official_federation_name,official_federation_name
RR20260025,CMP000112,SCH002533,SCH002558,AREA000069,AREA000069,SGR000108,mapped_same_area_ranking_reference,official_federation_name,official_federation_name
RR20260026,CMP000112,SCH002524,SCH002504,AREA000068,AREA000068,SGR000107,mapped_same_area_ranking_reference,official_federation_name,official_federation_name
RR20260027,CMP000112,SCH002471,SCH002482,AREA000067,AREA000067,SGR000106,mapped_same_area_ranking_reference,official_federation_name,official_federation_name
RR20260028,CMP000112,SCH002554,SCH002566,AREA000069,AREA000069,SGR000108,mapped_same_area_ranking_reference,official_federation_name,official_federation_name
RR20260029,CMP000112,SCH002544,SCH002542,AREA000069,AREA000069,SGR000108,mapped_same_area_ranking_reference,official_federation_name,official_federation_name
RR20260030,CMP000112,SCH002531,SCH002557,AREA000069,AREA000069,SGR000108,mapped_same_area_ranking_reference,official_federation_name,checked_official_name_alias
RR20260031,CMP000112,SCH002555,SCH002548,AREA000069,AREA000069,SGR000108,mapped_same_area_ranking_reference,official_federation_name,official_federation_name
RR20260032,CMP000136,SCH001786,SCH001834,AREA000187,AREA000187,SGR000146,excluded_qualification_decider,checked_official_name_alias,checked_official_name_alias
RR20260033,CMP000136,SCH001860,SCH001800,AREA000187,AREA000187,SGR000146,excluded_qualification_decider,checked_official_name_alias,checked_official_name_alias
RR20260034,CMP000135,SCH001777,SCH001774,AREA000185,AREA000185,SGR000140,excluded_qualification_decider,checked_official_name_alias,checked_official_name_alias
