reference_id,competition_id,stage_id,format_model_id,stage_group_id,match_date,ranking_round_no,team1_name,team2_name,team1_score,team2_score,winner_name,reference_classification,mapping_status,source_url
RR20260001,CMP000140,STG000202,FMT022,SGR000171,2026-08-24,1,阿南光,生光学園,5,3,阿南光,verified_ranking_only,verified_ready_for_locked_cohort_check,https://www.tk2.nmt.ne.jp/~tokushimakoyaren/R8shinjintyuo.html
RR20260002,CMP000140,STG000202,FMT022,SGR000171,2026-08-24,1,鳴門渦潮,徳島商業,6,5,鳴門渦潮,verified_ranking_only,verified_ready_for_locked_cohort_check,https://www.tk2.nmt.ne.jp/~tokushimakoyaren/R8shinjintyuo.html
RR20260003,CMP000162,STG000206,FMT022,SGR000184,2026-08-13,1,ウェルネス沖縄,コザ,8,1,ウェルネス沖縄,verified_ranking_only,verified_ready_for_locked_cohort_check,https://www.hb-nippon.com/tournaments/1740
RR20260004,CMP000162,STG000206,FMT022,SGR000184,2026-08-13,1,沖縄尚学,KBC,6,1,沖縄尚学,verified_ranking_only,verified_ready_for_locked_cohort_check,https://www.hb-nippon.com/tournaments/1740
RR20260005,CMP000162,STG000206,FMT022,SGR000184,2026-08-14,2,沖縄尚学,ウェルネス沖縄,4,1,沖縄尚学,verified_ranking_only,verified_ready_for_locked_cohort_check,https://www.hb-nippon.com/tournaments/1740
RR20260006,CMP000111,STG000182,FMT025,,2026-04-11,1,聖隷クリストファー,掛川東,7,1,聖隷クリストファー,verified_ranking_only,mapped_same_area_ranking_reference,https://www.hb-nippon.com/tournaments/1283
RR20260007,CMP000111,STG000182,FMT025,,2026-04-05,1,富士市立,知徳,6,4,富士市立,verified_ranking_only,mapped_same_area_ranking_reference,https://www.hb-nippon.com/tournaments/1283
RR20260008,CMP000111,STG000182,FMT025,,2026-04-05,1,沼津東,三島北,10,0,沼津東,verified_ranking_only,mapped_same_area_ranking_reference,https://www.hb-nippon.com/tournaments/1283
RR20260009,CMP000111,STG000182,FMT025,,2026-04-05,1,駿河総合,藤枝東,5,4,駿河総合,verified_ranking_only,mapped_same_area_ranking_reference,https://www.hb-nippon.com/tournaments/1283
RR20260010,CMP000111,STG000182,FMT025,,2026-04-05,1,静岡商,静清,7,2,静岡商,verified_ranking_only,mapped_same_area_ranking_reference,https://www.hb-nippon.com/tournaments/1283
RR20260011,CMP000111,STG000182,FMT025,,2026-04-04,1,袋井,磐田南,8,3,袋井,verified_ranking_only,mapped_same_area_ranking_reference,https://www.hb-nippon.com/tournaments/1283
RR20260012,CMP000111,STG000182,FMT025,,2026-04-04,1,浜松商,掛川西,4,1,浜松商,verified_ranking_only,mapped_same_area_ranking_reference,https://www.hb-nippon.com/tournaments/1283
RR20260013,CMP000111,STG000182,FMT025,,2026-04-04,1,加藤学園,富士宮西,9,1,加藤学園,verified_ranking_only,mapped_same_area_ranking_reference,https://www.hb-nippon.com/tournaments/1283
RR20260014,CMP000111,STG000182,FMT025,,2026-04-04,1,日大三島,富士,6,0,日大三島,verified_ranking_only,mapped_same_area_ranking_reference,https://www.hb-nippon.com/tournaments/1283
RR20260015,CMP000111,STG000182,FMT025,,2026-04-04,1,静岡,常葉大橘,3,0,静岡,verified_ranking_only,mapped_same_area_ranking_reference,https://www.hb-nippon.com/tournaments/1283
RR20260016,CMP000111,STG000182,FMT025,,2026-04-04,1,藤枝明誠,清水桜が丘,2,1,藤枝明誠,verified_ranking_only,mapped_same_area_ranking_reference,https://www.hb-nippon.com/tournaments/1283
RR20260017,CMP000111,STG000182,FMT025,,2026-04-04,1,磐田東,浜松日体,5,4,磐田東,verified_ranking_only,mapped_same_area_ranking_reference,https://www.hb-nippon.com/tournaments/1283
RR20260018,CMP000111,STG000182,FMT025,,2026-04-04,1,常葉大菊川,浜松学院興誠,9,4,常葉大菊川,verified_ranking_only,mapped_same_area_ranking_reference,https://www.hb-nippon.com/tournaments/1283
RR20260019,CMP000112,STG000183,FMT025,,2026-09-05,1,飛龍,三島北,9,5,飛龍,verified_ranking_only,mapped_same_area_ranking_reference,https://www.hb-nippon.com/tournaments/1923
RR20260020,CMP000112,STG000183,FMT025,,2026-09-05,1,加藤学園,三島南,9,0,加藤学園,verified_ranking_only,mapped_same_area_ranking_reference,https://www.hb-nippon.com/tournaments/1923
RR20260021,CMP000112,STG000183,FMT025,,2026-08-30,1,静岡市立,静岡商,2,1,静岡市立,verified_ranking_only,mapped_same_area_ranking_reference,https://www.hb-nippon.com/tournaments/1923
RR20260022,CMP000112,STG000183,FMT025,,2026-08-30,1,御殿場南,吉原,6,5,御殿場南,verified_ranking_only,mapped_same_area_ranking_reference,https://www.hb-nippon.com/tournaments/1923
RR20260023,CMP000112,STG000183,FMT025,,2026-08-30,1,藤枝明誠,沼津東,8,5,藤枝明誠,verified_ranking_only,mapped_cross_block_ranking_reference,https://www.hb-nippon.com/tournaments/1923
RR20260024,CMP000112,STG000183,FMT025,,2026-08-30,1,静岡,東海大静岡翔洋,1,0,静岡,verified_ranking_only,mapped_same_area_ranking_reference,https://www.hb-nippon.com/tournaments/1923
RR20260025,CMP000112,STG000183,FMT025,,2026-08-30,1,掛川西,浜松日体,7,0,掛川西,verified_ranking_only,mapped_same_area_ranking_reference,https://www.hb-nippon.com/tournaments/1923
RR20260026,CMP000112,STG000183,FMT025,,2026-08-30,1,島田工,静岡西,5,4,島田工,verified_ranking_only,mapped_same_area_ranking_reference,https://www.hb-nippon.com/tournaments/1923
RR20260027,CMP000112,STG000183,FMT025,,2026-08-30,1,日大三島,沼津商,8,0,日大三島,verified_ranking_only,mapped_same_area_ranking_reference,https://www.hb-nippon.com/tournaments/1923
RR20260028,CMP000112,STG000183,FMT025,,2026-08-30,1,浜松城北工,浜松湖北,9,8,浜松城北工,verified_ranking_only,mapped_same_area_ranking_reference,https://www.hb-nippon.com/tournaments/1923
RR20260029,CMP000112,STG000183,FMT025,,2026-08-29,1,磐田東,磐田農,5,2,磐田東,verified_ranking_only,mapped_same_area_ranking_reference,https://www.hb-nippon.com/tournaments/1923
RR20260030,CMP000112,STG000183,FMT025,,2026-08-29,1,常葉大菊川,浜松学院興誠,4,0,常葉大菊川,verified_ranking_only,mapped_same_area_ranking_reference,https://www.hb-nippon.com/tournaments/1923
RR20260031,CMP000112,STG000183,FMT025,,2026-08-29,1,浜松商,浜松湖南,7,0,浜松商,verified_ranking_only,mapped_same_area_ranking_reference,https://www.hb-nippon.com/tournaments/1923
RR20260032,CMP000136,STG000193,FMT025,,2026-09-05,1,瀬戸内,熊野,4,3,瀬戸内,qualification_decider_not_ranking,excluded_qualification_decider,https://www.hb-nippon.com/tournaments/1892
RR20260033,CMP000136,STG000193,FMT025,,2026-09-05,1,広島桜が丘,呉三津田,9,4,広島桜が丘,qualification_decider_not_ranking,excluded_qualification_decider,https://www.hb-nippon.com/tournaments/1892
RR20260034,CMP000135,STG000192,FMT025,,2026-04-11,1,広島城北,山陽,5,3,広島城北,qualification_decider_not_ranking,excluded_qualification_decider,https://www.hb-nippon.com/tournaments/1299
