file_name,sha256,bytes
aichi_2026_registration_audit.csv,d609d294721f526ff9a6d125356bf6e1a2d76256753f3c8c3b9989822507e0d7,33158
area_branch_prefecture_status.csv,265e9eb3241dd5388df39db21738bc591d64e9aae15ca83e581c6b68a8444053,9978
area_progress_summary.csv,a7751e3034b971b921532e050cccd95fe439fb6180ae10437871b76d16ac7fbc,3900
area_registration_2026_01.csv,42519fd6ac7f66cc7762f707b4dd1fbec620195c2a437996765e333d8502370c,21755
area_registration_2026_02.csv,3ddf10b6400fa69d90ef7b44fb235c3858cb0bb7b9855649962da6f048df6892,11558
area_registration_2026_03.csv,ce8438b68f85e399cc700c114fcb7d99211b7941f70b48486f59b87571ba5928,13172
area_registration_2026_04.csv,6b5e7d21941cd65f7240f745b0f3f35232635570c034d2ffd910f32ad5891a86,14051
area_registration_2026_05.csv,d82fc2a834c8afd6b4a5349e8bf40a58cc2645e9501a20e45516ce620da94e1d,9069
area_registration_2026_06.csv,2b1579783c0c56d997665f440c0bac72f6f85918d93a58985bc1879573a74181,7680
area_registration_2026_07.csv,426e5ef33d10bb12e3a561c8a73e64218b5700bc6a500af359338bbc3962575a,13939
area_registration_2026_08.csv,2df6464fd0e977e3d333f30b2e7bc560ebee171741f0778d453af181848685d8,24383
area_registration_2026_09.csv,ee1a5b573f243e3430b50dfe1d3b4a23a8ba89ba44d89769d95675da1a52b78d,18107
area_registration_2026_10.csv,b763343e15c3c3ad873791bd996becd0952298217c00d6ff6fa2afe9db481cf9,18847
area_registration_2026_11.csv,4a0c535308cc643e6365fc52188eaec84ae940415d7cf34c26b893bd41649ea3,50670
area_registration_2026_12.csv,a0311001ce6fdd4aa172a288037cf0d9833070d4ff104246d39e7f6dcb59f024,38653
area_registration_2026_13.csv,c9275985c8b31698ba8b79d726ec5879a60b9b139daf5dcc2404b1af06acf98e,40143
area_registration_2026_14.csv,093dd54574205080dbc3a9f3a884e6513a59c38a9928044525d42e85635d88c9,66203
area_registration_2026_15.csv,2c7891004701d80ca4d6e7482566957e021e7db8166483956c304bdde0d1f1f4,13025
area_registration_2026_16.csv,8a3dd31015e726b48860a34747569ac0739059daef1c3c0026b583e1ac8cc4e9,9345
area_registration_2026_17.csv,3dafa44700ffcd39f8e3bffb7164ba2a27b216e60159a828aea7554eb7e18bb6,9979
area_registration_2026_18.csv,8157fd10cc951847389f495f51810b82c520adb30ad64a5992c9ef8829fbfb87,7263
area_registration_2026_19.csv,dd730a395964720c04e6bf9bd63c9f70fb83673778f0b2ad6c0b112bcc850478,7522
area_registration_2026_20.csv,7190e9ca8496a1fbd08f282948835a02d36f6ccf7383a3b99dbc6c5acace40f0,11359
area_registration_2026_21.csv,0a33cde67ebda6affac4ccbbefa759759c777cef0ab4e43eb85d597d077f7bc1,13394
area_registration_2026_22.csv,4c4baecccb4910dda9e8d68216ebb223a4d3e621fd452373611f8a94686ffe6a,10329
area_registration_2026_23.csv,486b5d55e11aff606bccaacc5a3f882106ea6c8a4accbc75f8f140f5d2c693aa,19280
area_registration_2026_24.csv,6757c6aeae80d6a85e69bae1abe130487e27671e6851e7973c4a1b77b625f87e,16317
area_registration_2026_26.csv,64f7b011efb840c8ed5a0aeffb2fec2f28fe642094a465c62d77d2a7ace0dbe0,8426
area_registration_2026_28.csv,13bd56ff445a0fe9997f51d9d6aaebf981428f6a88caefdc3e4abda85507dbaa,18103
area_registration_2026_29.csv,359700e79416ec41a7df09edbac4c2e36a6132beae4aeb08fd7b7a66e62872e6,10950
area_registration_2026_31.csv,b5c11389cd104106aad577dee9fb30ecd1197570c16a3c85fe7ae881c2f893af,5898
area_registration_2026_32.csv,7b1ba14089a6e05dfe40bc1af2f28363f3b085e17fe6ab90fc5ffc1877091657,7000
area_registration_2026_33.csv,d8fde4bed6a9868d33465a3e8acdcd5f3de32825bf39a1cc9ccb7ee779703747,16436
area_registration_2026_34.csv,7a5bbfa6fb1916bf77799d73eb7de00dd91a44b0b58ee89843a9f3700dd3f00b,20360
area_registration_2026_35.csv,fa8484f36a03912b5c51c17e4bac12c1c6322bde5f786967da17b52a8a52bfdc,14931
area_registration_2026_36.csv,0a6754739b6e7061d7b3e89c5e38578191dd73c61a7389d7d2a366bd290ec901,7837
area_registration_2026_38.csv,43b66afae3741e20e90d96e932045b5e8ae8b48417d79743b196f9453626a8cc,8808
area_registration_2026_40.csv,c220cd82ee84d92a33254145592faa3c137020104c0b643cd6462e86e817ad18,24262
area_registration_2026_41.csv,646af9a06cee8a553007ebae7a9048b0570a3a64e3a9f178508030b0142863ef,6750
area_registration_2026_42.csv,5ee1ac5aa2281d26b947cbf3d9e56c0b73fdd88ce8e2ee20149eeccd534841da,9336
area_registration_2026_43.csv,251c4eca3d19a3ee75463dff4213f8c36d09cfdab0273b79e6842e334070e611,10331
area_registration_2026_44.csv,701a69d3edc328119b6ac8f93f97d45143f02c68ddfc28336844881b6fb969e4,7007
area_registration_2026_45.csv,827ad4ba0227b0234db19936dfec779432f3359ba024e274571e722497448541,8705
area_registration_2026_46.csv,3f6fd774d368aa418fac5b600178ec29c3b63ec541ef27c0a4900ae2704973e7,15155
area_registration_2026_47.csv,7d83cbf4851cb4f7600aef512e7fc4cc46055a1b6cd0b55645dfe7dfcd1a6f9f,12879
area_registration_2026_summer_all47.csv,bbde5e536d4a1b7481b26982270a7a254a0a74f320736b6419ff6a871a0de9b5,8635
area_scheme_policy.csv,21c63883266e626ba1a7ffe10b53db03a5b7172787340a090aa885437f1bb4d2,2911
area_schemes.csv,c3c41f1c724aa41b6147eda15d2ad819125f277d77722810a9642952a5168ae1,27215
baseball_programs.csv,7c20a4b6b32c9d8e6eda00646822814070da56d4ef446b917f81bb329ed52245,601490
baseball_regions.csv,1c7154e49605dee08a462b098b7b5020afccb69b11fb90b1538c58b18c93a85d,387
bracket_generation_policies.csv,bd402e42def939a20082ee72dd7721c8046b4b4a987067113cbadf1d0c0439d9,39523
competition_access_rules.csv,48ce32922d4670199006ecc5447b7593af8d947eb46e2257917a8eae35580652,7162
competition_areas.csv,eb8d40889e95b1878f38b9720357f0afb0631438c7427c82985bdbf18e47ed09,39193
competition_seed_rules.csv,a61b49efad346732539b3a37ceb2d99bba4594b2af19e4f80445f08c1ec766b3,17932
competition_stage_action_bindings.csv,5b214ad2fd9d8c4d39718d5f6bafd65c4943066b7762f630b38687bc99c56a7c,16010
competition_stage_groups.csv,a87e2a31953e4f8ece2f56293f77cbbb43d2010633f6703e13452a6e027c176d,54428
competition_stage_transitions.csv,7699adb84a50e680d283cb887edae85ca41e98e8ebbc243fc03943fc8807309e,13290
competition_stages.csv,1221db35595bacd465a91fd19bfdaf1ef4ff2e04bf6f71a3405a75bc7ef779d1,37140
competitions.csv,e94c061b03fd8f5bd3cec7e3fd60e4196da586f95d929ff70ff43fb5caf78ab9,48364
direct30_extraction_status.csv,451701052cf273dcb6bca0d65c7762551dd7b6d04d0df998a5ff2eeed58647a4,7857
followup_completion_2026_07_20.csv,74fb9cc6b71c37763a5eed9aae5411659d9a995a38c80dd4010265422f2fbf83,392
hokkaido_2026_registration_distribution.csv,6c2245bbbcc1f5fea9079eb4219902218e74d93863ca67255b2045cb9bf64bdf,591
hokkaido_residual_evidence_2026.csv,82e6f09575cf6c6be281af2cfb097a2b114ebaa2f6306ba7f8101ae591a2fbe3,1831
hyogo_2026_registration_distribution.csv,88dab0f73eb306d9257952b25b37df2a3f4af7d6bfdad47eb4e7f5e4b02efc97,699
kanagawa_2026_registration_distribution.csv,86f9d5dcb9ce2baff06e6d0074811a35c252ce35bcfafd2c4c28528d945ed27b,1068
missing_one_resolution_2026_16_35_42_47.csv,91399e23917826018a5c61657e5b6b2512adff3ac352e1e400c98c0d4eff98ea,775
near_match_resolution_2026_01.csv,bef8d1dc14ace73040d38aa74dcfbafb61b2af3889b9b8f9e3f6e61eb79822bc,1528
near_match_resolution_2026_03_08_10_39.csv,490f63e71be6f6bdd1da2b64b54ede18c73e195f62e61e31ecc6a6425db3eb08,1571
near_match_resolution_2026_14.csv,5dc94b6e9fc432ca3080710e8666f20af1aabfdd298d8acbd58facbd965bf9fe,1990
near_match_resolution_2026_27.csv,0f2012145a1ad55140b9c9d6797404f76d3fdc58a61cd7b552daa96dcbe413ef,487
near_match_resolution_2026_28.csv,4b79b7f7c0fbc4016b3b75149ba7907c21a175d09b80dda01de99e13c5a0ea32,1800
osaka_2026_registration_distribution.csv,c640ef2fb48a2b0fb3a595c21265aa0c8d261eddf81f535bf9c298bf1e2c6ec9,1448
phase1_2026_count_audit.csv,5fc764385670388739a97dc28eebeefd3bec99f820b4e32e2389d7ba15e6e29a,8790
phase1_completion_manifest.csv,2ab985c1998f7c071556af0dadc7f1211e9e281b66be5db3ad1be75b7dbe935f,15413
phase1_progress_summary.csv,16c273fa1ec5e150e31a45fa47270772ad59bf02ac3733b5fd586fda5c41604b,1981
phase2_progress_summary.csv,b4b64bf1c1ab3ecec881a8c14a6ed4546b5e86c09c556deb5ecc45b7cc015fea,8403
phase2_rule_engine_dictionary.csv,5244b686a7bd3467a58f35c7965698c20d4822e7d49e6efdd0dd902144d6af0a,4855
phase2_rule_engine_reference.py,ae9f3311b384a87454328012593dd42b9dedd86042be3008049688f53cb7a7c1,3615
phase2_sources.csv,4f68fd8a4d4132d51cf5fb4ccbbf75bedbe3530d36ef2d4542a7f36636552dcb,53050
phase2_stage10_hokkaido_branch_usage_audit.csv,c0f57025ad792d076de1a177c20d8ce7b710392b7da211ffb1a6c4d1152078f2,1470
phase2_stage10_manifest.csv,921d153df5229fa4e2c040a868f6ea52662c0dc01c6d59f7b3ea4913fbe589f0,18096
phase2_stage11_manifest.csv,6c56460fc18059acae4857bf123b33c8b868afc7294a95718c49e0f1736fc0fd,18734
phase2_stage11_rule_structuring_audit.csv,b296b8d08009899c794895469e5ae696df4bc2b0eed62c1a613cbaf0f649bdaa,3433
phase2_stage12_stage_engine_audit.csv,96a661a593b7862dad8a4cd7e3f516069614115c0315a7fe8d7bfc9f606d2013,13002
phase2_stage1_manifest.csv,d37f63fed0f23c063838b1bbc4b6037214da9394b3915393d1b2906d31800d27,15165
phase2_stage2_manifest.csv,d5aefebb1fb40206a61c7d3659842260fab7ae1f5e5ca11fb62d044864d3a700,15359
phase2_stage2_tohoku_branch_usage_audit.csv,68a3030a5e3f7292955f8e090b3d171c99d1fd01cbf3a9a1fafa1833d4c5060d,4813
phase2_stage3_kanto_branch_usage_audit.csv,104ff918cfaf4042e86b6cfc7ca5b8c7453a03f3da78ad67d9f6a429882496fc,5844
phase2_stage3_manifest.csv,b63cc6e7ab97bb5415bc35415310f093e2224fe8c291721ceb4a9eeeda6c13ad,15850
phase2_stage4_hokushinetsu_branch_usage_audit.csv,ab15e2bb984ffe22a0d29a886ba46fc74c67438a2c46d0bba117e9fd1d669c8a,3852
phase2_stage4_manifest.csv,de57e2e47d85bd010a3a406f5dbebb4b38305f66f73e40efc9f1fd80b6438b5d,16205
phase2_stage5_manifest.csv,a9f46a24c8360f85a411a98f0d60538ec35c9dc4c7b09162aeecb843794611a4,16546
phase2_stage5_tokai_branch_usage_audit.csv,33c87a5a3f39175a46f6c1a53077d944173145a01754afd8f064f2c66da3b4e5,4023
phase2_stage6_kinki_branch_usage_audit.csv,e7b717d536e90ef2c318a47a506f72db69e05a496db87f3f7abed5afedaed874,3986
phase2_stage6_manifest.csv,8e2ce9bad470a9fd779af897b22662b8d6a5a81c08dace8cb629d61680554315,16726
phase2_stage7_chugoku_branch_usage_audit.csv,c0f7e3794f96d9ad30562a6c9bbff828ed7ce24dbf0928b329bdcc0e714023bd,3608
phase2_stage7_manifest.csv,715c480831a0ae5d6092f3f0cdf7be400954ae9b39aa2525ae80aefb31f08377,17068
phase2_stage8_manifest.csv,9dee67cbf9e855872ddbf1c9873d8ffa2bcf4affb97e3f6ca45b27ffe93de9f1,17410
phase2_stage8_shikoku_branch_usage_audit.csv,648359c0d09d69057323e4921b0df23b5d2f451bc1b3b3cd8662c1a3d604fc36,2999
phase2_stage9_kyushu_branch_usage_audit.csv,fd4f85405e2bfc2aacae7eb31565bbbb9f16dd8f201bebfaf12b3deb7c0dbeed,6411
phase2_stage9_manifest.csv,472d3480d5e24d2611d0d78e51fd9cec5bd1c9c2969a0cf82f55fb73c04e83c3,17920
phase2_table_dictionary.csv,dd4b60048336cc86777958b71252e80134f2d2b00a996fb6cc31b4fa04949e24,8347
prefectural_branch_usage_2026.csv,4d406b6654cc174bff5a88a79b872083a08c19afc6e68afb8b7b4464c13f6b80,38553
prefectural_competition_index_2026.csv,cf1f00f2b257fb957cc81c159de1aa51aee32182a220a96fcdb8a06f10ba497f,8699
prefecture_region_memberships.csv,f277d1cfd14dfa2defacc96055233000d2f6dc13d7a90fd2f08fc28768aaf61f,5246
prefectures.csv,f74f8b127b92a06451a4d33fe26143c1ee8d90b4907019c96178cddb2b99b550,1628
qualification_rules.csv,ce8f96dcf370fd9a273bdcef63d245e94c39309243616a6864370e54c80b9b45,8974
reconciliation_2026_01.csv,c7f0577aadc658b38691ae534d82389dd802f2e5724641b8abe4b8ffca26e22d,1208
reconciliation_2026_03_08_10_39.csv,12611b04fa6488e08b49c62efdc9b2f47d97e4865a611ceb527d4ede09607825,2589
reconciliation_2026_04.csv,93050bc220ce72de75e6d94742e36e42a8ebcf5e2dfc61ac93aed18a9f2f52c4,1422
reconciliation_2026_05.csv,749480bfa67a883c8456469a574aa938f3aa6b767ff86761118dfca023702419,1171
reconciliation_2026_06_18_37_41_45.csv,47817b658ae5640121827f545e1b837e642fe7ffeb365940d497f43482fbf35c,2504
reconciliation_2026_09_24_46.csv,13d2fc18cf5410669f052b60eb9c29bbe6abc25fd9403410d284cb03071672e4,3323
reconciliation_2026_11_29_43.csv,5098d20eb1051205fe997052432a6699a5499041c933273300c5f1162f6500f2,2116
reconciliation_2026_14.csv,79dc15da0ec374c364a7e1bc1b7c3d8e801ebcd63eeb8562c08ca568fe0bd7a5,1297
reconciliation_2026_16_35_42_47.csv,37d31bf37c9b2bd7e2e5d54ff3674312ad9e9ca093bfc6ea599158bdc0382a14,2357
reconciliation_2026_17_34.csv,d349a00e74c7e70334eacd2a35b6e9e1536a600de7170310863b46c633b2e523,1895
reconciliation_2026_22_25.csv,f93db51492d8c05c99c4bdc2a04cbe9388752d68f85bac7332a570f22f346194,1572
reconciliation_2026_27.csv,38382113aacdcf5050dc72c4fe9e7f911996010bcd075d4e7d655fcdd37c5805,786
reconciliation_2026_28.csv,034d18a6a4a688d7d590b438a690b7426d4109022d4ef99a04431785f0e15cd4,1009
registration_2026_01.csv,f0707908d907e2d5c5867222d34f13472cc265a40beeb112323d7893b3c92426,29302
registration_2026_03_08_10_39.csv,a5014f2b17b01ea7aea69f50d7f3b985bd10b5ba68305d795bd70effd4874e17,38107
registration_2026_06_18_37_41_45.csv,40aeebd6a32a1a1cd79792d15082769d16614610d278b63d9b02c6f6d1c59eb4,24667
registration_2026_11_29_43.csv,7f1428efbc7c4b72ce96b112a951edc37910a116bd0fdd29f82d30038f077e7c,30147
registration_2026_14.csv,142a7ba50bbbcc5352a7c8ae4c14240fd3916748ea3523e267e61535355123fe,34688
registration_2026_16_35_42_47.csv,8ee8d50344286f13d71c8fbcfda6d8fe1a40cd23fac11018f67b90432fbf541b,28144
registration_2026_22_25.csv,43fd9434ed5b7ceb9f0ac0bb0b2cf7def965317c77b4566103101f3b194c5cab,19316
registration_2026_27.csv,d9e100640a6546fc25bf798b05d5030ce569fababba175d328423743d98c013b,30190
registration_2026_28.csv,fe9c00b7b89503a8136c50adee1fc0d3e2f4a7c16dc0c78795dc069008eba163,25298
school_area_memberships.csv,30ef99895c9aedb56b8f86226907c4f94f309e7462021ab74c8fa2816bcb7bd2,1321110
schools.csv,bd5f2a76758278cdf98432f9212a5bf9f09ad5a12181f2a663cfb368d3c4bfdd,1303013
season_calendar.csv,73dd4a24b44bcccb185339a1cfb6f62c8f87636c64ae8e430d35ec0eb5ea54ac,26289
selection_rules.csv,d426a0dc648ccf129e362e22cf51d7f3df6d81002bd0b97684d22ee71488e248,1317
sources.csv,2efd0d85d05896ef67d96465b39f4456c0f5632f1fa6b85a059f2a7cc0f18a9a,123139
tournament_exact_batch_2026_06_18_37_41_45.csv,3f75ee34ae703775a543845ef0157c42e8a1b8c73ded3244dded2be693ccb831,377
tournament_exact_batch_2026_22_25.csv,b3d9532e295e274e4a0b29afc7dc85db684b64acac571d1458d8674f02588846,218
tournament_near_match_queue_2026.csv,50bb83db8fe1bc4d228ac26aa793cbd9883a81d0f88d4a9832e7cab06ff46883,106
validation_20261002_batch_04.csv,638a7ab47a77278cfd1aef41da05e7fbec48a9f892e964636f79bb880c13b577,226
validation_20261002_batch_04_05.csv,e5da0b2b06e3bd79937450a4a2fd4a6baed6e73b1ba136651742a46b223fbfc0,288
validation_20261002_batch_06_18_37_41_45.csv,e2d6eee4a7270f430e92fb1e960d73bfbc29afc61c55eee97cba8a968ac06b78,305
validation_20261002_batch_07_20.csv,487622068cf8b95ffe6f35f215898dbe74ee913ea36f493ec33b607d4d7c2550,162
validation_20261002_batch_11_29_43.csv,0616ba70725c8c6f2c432dddd6ae9489efd66d0f61923b7e9e96156e9c8bc722,262
validation_20261002_batch_16_35_42_47.csv,2ae8f9806eb6f960aa1537cbb303c2d2c5878242e475d4535e4eb714be160107,319
validation_20261002_batch_17_34.csv,df152db171a33151a6cfbf2aa809b889c602c11fd30c5d02f6fdf008d71f9614,214
validation_20261002_batch_22_25.csv,a4df15536c47d14e85c4e8443a3b8444ef00b54834aa12a62092633e82f9d3c6,240
validation_20261003_area_01.csv,5bcae5555838c0b44668d3233295442bd8dca4d69ff227dd2287b878930b280e,2159
validation_20261003_area_13.csv,d59e9cda60d0613fa0d33bc0cd190ab8f22b833c48b1290a0786d94e94b7b7ab,1045
validation_20261003_batch_01.csv,192eafc1fcee622b1c836b1ea9f0793dd10228ff6d013f5352488319794f6066,627
validation_20261003_batch_03_08_10_39.csv,dd00dea8cb4e13bf354fff7da342ee762935a813d5cf43143aaff9278be1e352,393
validation_20261003_batch_14.csv,e887bb15f69ed8669bf9790c932aa09460d5ee15a9b3895bab5bee2f57e413df,500
validation_20261003_batch_27.csv,2a996bb30929258a916efa58bb6d3592cd5d9f4ffa60e3cc33b3616d2a3bea43,361
validation_20261003_batch_28.csv,1a3ff3dcf072f99f92b4a61b88062bc57f5e0534a4fc80ba1e1f1b260191d766,408
validation_20261003_branch_20_38.csv,3935f38d2158342f714c0af6010b79f1b2e553cbc95fd1c77dc96b69f5d7e047,664
validation_20261003_branch_22_28.csv,cd3a6cf7e9e52203bb9028a81b9f15f2835fd41e45e033d53d540fac683a02bd,908
validation_20261003_branch_23_26.csv,258f0a4b164fa7d22aa24a1836d669c0cdca65b6bd342f8363ff43a989836a74,713
validation_20261003_branch_40_41.csv,cace7daaa6d78a99e668774d0233174b786b09f231ccdfc605d01f7c4d921bd7,805
validation_20261003_summer_rep_all47.csv,e24295494f0542c42609154455cf089e6ff1b60170974f1cf2a507bce126241e,562
validation_20261004_branch_02_03_04_05_07.csv,cff1a1b542ee387e1b3abab93823b595f732ea0d23a55f69e72ce0ed53581088,2005
validation_20261004_branch_06_yamagata_complete.csv,393b8594378a734af9aa17ef9d7245765494cfb2d8ddb618d4c0369466eaa2f5,1767
validation_20261004_branch_08_09_11_12_14.csv,134b1a84c91e0001432cfc0cfc7e22df9310c7bf5ff8c490c9a84b147bb370e7,2101
validation_20261004_branch_10_gunma_complete.csv,502cfb209e54e24afc508757dfcdfeed66cf487f3f128102271873711ced7607,2901
validation_20261004_branch_13_tokyo_not_applicable.csv,4d01cc39f3c87845917c5a12e27f608d39e4ecfbac35e0ba63d6f1f868788708,1355
validation_20261004_branch_15_16_17_18_19.csv,06c9ebf0d2c9be16efc90b56de9fdb6eb8cc564de70f45469f762b6352160e30,2338
validation_20261004_branch_19_yamanashi_complete.csv,f5eead9e81761a5b2cec317251b6fc43c71c33b97da7457909d729dc6e8e884e,2130
validation_20261004_branch_21_24.csv,3e7c40a77519510237cf52296ffcf76af64f25be747537d4b7e7bfad324cf274,1462
validation_20261004_branch_25_27_29_30_kinki_batch.csv,8f4c7600a55e2b80157b370ed570dca2b17c275993f0acd92c972d1decc0d1dd,2604
validation_20261004_branch_29_nara_complete.csv,b1ebe2f3699d90fce4cb82b4d31bd9fd878723f04299e76065b4bbc127e548f4,4073
validation_20261004_branch_31_34_35_chugoku_complete.csv,26ceb970800e7cbbed39c02cf5c64bc8c7a9a7b083b1e03eb7bded75b76007b4,1600
validation_20261004_branch_32_33.csv,621847b124d14d3a3a6754c6d5ade80730be51a8a051623ee236864d301829ab,1098
validation_20261004_branch_36_37_38_39_shikoku_complete.csv,7958d0c00f02f7f078e4e352325a1ca261f34aee290fb3cc03d3d4ec74b41377,1028
validation_20261004_branch_42_43.csv,f5142b06f3e157b86151e36bd75636976af2aafcf7d9cef0d1769cb090704495,700
validation_20261004_branch_44_45_46_47.csv,3353914c943506b7ac8dc0bab009ef58383ab687ab8011687f33d9fa458fdd68,1608
validation_20261004_phase1_final_integration.csv,26bdbd326175e4a5945cb9c67dd8c8e22b30546a32c780895e2f0bd9918c435f,19073
validation_20261004_phase2_initial.csv,a5d1f960ddffcdc9b1e357d51c14b175ef4dffcb314da2daf669da200b5bb4d6,995
validation_20261004_phase2_stage10_hokkaido_branch_usage.csv,f93db534592f0bcdcc32ebf9d1f3847b61d667a4a14969ff1dd684d0d4f80a0a,3420
validation_20261004_phase2_stage11_rule_structuring.csv,5c29d524445c3da7c32d80993e2b05746270a6a040b4baea19a0d45642df1418,3030
validation_20261004_phase2_stage12_stage_engine.csv,0a892886ad1e8741d4ff2ee89e4a901e832efc8e5024b1cb2ec85627c71a60c2,2330
validation_20261004_phase2_stage1_prefectural_structure.csv,5fc5cde1bc40bfbce8c8d73962e595477f38c046f79038d8551c0690e02db763,800
validation_20261004_phase2_stage2_tohoku_branch_usage.csv,a449682208c77a1a1fea4d7da48042d72d884680ffe81213841bac5f88f5c6a7,1082
validation_20261004_phase2_stage3_kanto_branch_usage.csv,8bb5e3d6a169f6461b750bea455fcf5a8a89846dd0b8bea3e600aab674277c4e,1598
validation_20261004_phase2_stage4_hokushinetsu_branch_usage.csv,25996c69c87c65c5a086560d519741674908f7e76c9c9eace627c0cb31ffa6f1,1709
validation_20261004_phase2_stage5_tokai_branch_usage.csv,7e769eea37d33ac2efa086aa681baa05bd86206c139798187112901f010b712d,2446
validation_20261004_phase2_stage6_kinki_branch_usage.csv,7f187fbeea00d300bad1d657fdf1f0b5b680e0ea243907702edebf8b851ae0a3,5081
validation_20261004_phase2_stage7_chugoku_branch_usage.csv,c979e4d27912e07af5248961b357f796f5273b8121fd80b4b56c2ef58ec4ab77,8620
validation_20261004_phase2_stage8_shikoku_branch_usage.csv,16fd5cdf033e36b616252b18824473a347ccc37bcc721095fae9f502cf041aee,4978
validation_20261004_phase2_stage9_kyushu_branch_usage.csv,61c9c9be22b6df75048ab301812f19c9470d269bdb29437725b811799687f6bf,6196
