hbf_number,school_id,program_id,federation_name,display_name,official_name,municipality,address,ownership_type,school_type,membership_source_id,location_source_id,status
1,SCH001386,PRG001386,旭丘高校,旭丘,愛知県立旭丘高等学校,名古屋市東区,名古屋市東区出来町3-6-15,prefectural,high_school,SRC000070,SRC000121,registered
2,SCH001387,PRG001387,旭野高校,旭野,愛知県立旭野高等学校,尾張旭市,尾張旭市東印場町3丁目4番地1,prefectural,high_school,SRC000070,SRC000121,registered
3,SCH001388,PRG001388,惟信高校,惟信,愛知県立惟信高等学校,名古屋市港区,名古屋市港区惟信町2丁目262番地,prefectural,high_school,SRC000070,SRC000121,registered
4,SCH001389,PRG001389,春日井高校,春日井,愛知県立春日井高等学校,春日井市,春日井市鳥居松町1丁目55番地,prefectural,high_school,SRC000070,SRC000121,registered
5,SCH001390,PRG001390,春日井西高校,春日井西,愛知県立春日井西高等学校,春日井市,春日井市田楽町1320番地,prefectural,high_school,SRC000070,SRC000121,registered
6,SCH001391,PRG001391,高蔵寺高校,高蔵寺,愛知県立高蔵寺高等学校,春日井市,春日井市藤山台1-3-2,prefectural,high_school,SRC000070,SRC000121,registered
7,SCH001392,PRG001392,松蔭高校,松蔭,愛知県立松蔭高等学校,名古屋市中村区,名古屋市中村区烏森町2-2,prefectural,high_school,SRC000070,SRC000121,registered
8,SCH001393,PRG001393,昭和高校,昭和,愛知県立昭和高等学校,名古屋市瑞穂区,名古屋市瑞穂区玉水町1-18,prefectural,high_school,SRC000070,SRC000121,registered
9,SCH001394,PRG001394,瑞陵高校,瑞陵,愛知県立瑞陵高等学校,名古屋市瑞穂区,名古屋市瑞穂区北原町2丁目1番地,prefectural,high_school,SRC000070,SRC000121,registered
10,SCH001395,PRG001395,瀬戸高校,瀬戸,愛知県立瀬戸高等学校,瀬戸市,瀬戸市東山町1丁目5番地,prefectural,high_school,SRC000070,SRC000121,registered
11,SCH001396,PRG001396,瀬戸北総合高校,瀬戸北総合,愛知県立瀬戸北総合高等学校,瀬戸市,瀬戸市本郷町260,prefectural,high_school,SRC000070,SRC000121,registered
12,SCH001397,PRG001397,千種高校,千種,愛知県立千種高等学校,名古屋市名東区,名古屋市名東区社台2-206,prefectural,high_school,SRC000070,SRC000121,registered
13,SCH001398,PRG001398,天白高校,天白,愛知県立天白高等学校,名古屋市天白区,名古屋市天白区植田東一丁目601番地,prefectural,high_school,SRC000070,SRC000121,registered
14,SCH001399,PRG001399,東郷高校,東郷,愛知県立東郷高等学校,東郷町,愛知郡東郷町大字春木字狐塚3801の2,prefectural,high_school,SRC000070,SRC000121,registered
15,SCH001400,PRG001400,豊明高校,豊明,愛知県立豊明高等学校,豊明市,豊明市沓掛町海老池10,prefectural,high_school,SRC000070,SRC000121,registered
16,SCH001401,PRG001401,長久手高校,長久手,愛知県立長久手高等学校,長久手市,長久手市岩作高山38,prefectural,high_school,SRC000070,SRC000121,registered
17,SCH001402,PRG001402,中村高校,中村,愛知県立中村高等学校,名古屋市中村区,名古屋市中村区菊水町1-2-18,prefectural,high_school,SRC000070,SRC000121,registered
18,SCH001403,PRG001403,名古屋南高校,名古屋南,愛知県立名古屋南高等学校,名古屋市南区,名古屋市南区東又兵ヱ町5-1-11,prefectural,high_school,SRC000070,SRC000121,registered
19,SCH001404,PRG001404,鳴海高校,鳴海,愛知県立鳴海高等学校,名古屋市緑区,名古屋市緑区左京山801,prefectural,high_school,SRC000070,SRC000121,registered
20,SCH001405,PRG001405,南陽高校,南陽,愛知県立南陽高等学校,名古屋市港区,名古屋市港区大西二丁目99番地,prefectural,high_school,SRC000070,SRC000121,registered
21,SCH001406,PRG001406,日進高校,日進,愛知県立日進高等学校,日進市,日進市米野木町三ヶ峯4-18,prefectural,high_school,SRC000070,SRC000121,registered
22,SCH001407,PRG001407,日進西高校,日進西,愛知県立日進西高等学校,日進市,日進市浅田町上小深田8番地の4,prefectural,high_school,SRC000070,SRC000121,registered
23,SCH001408,PRG001408,明和高校,明和,愛知県立明和高等学校,名古屋市東区,名古屋市東区白壁二丁目32番6号,prefectural,high_school,SRC000070,SRC000121,registered
24,SCH001409,PRG001409,守山高校,守山,愛知県立守山高等学校,名古屋市守山区,名古屋市守山区中志段味字元屋敷1267,prefectural,high_school,SRC000070,SRC000121,registered
25,SCH001410,PRG001410,愛知商業高校,愛知商業,愛知県立愛知商業高等学校,名古屋市東区,名古屋市東区徳川一丁目12番地1,prefectural,high_school,SRC000070,SRC000121,registered
26,SCH001411,PRG001411,春日井泉高校,春日井泉,愛知県立春日井泉高等学校,春日井市,春日井市大泉寺町1059-1,prefectural,high_school,SRC000070,SRC000121,registered
27,SCH001412,PRG001412,緑丘高校,緑丘,愛知県立緑丘高等学校,名古屋市守山区,名古屋市守山区緑ヶ丘1008番地,prefectural,high_school,SRC000070,SRC000121,registered
28,SCH001413,PRG001413,春日井工科高校,春日井工科,愛知県立春日井工科高等学校,春日井市,春日井市熊野町五反田1180-1,prefectural,high_school,SRC000070,SRC000121,registered
29,SCH001414,PRG001414,名古屋工科高校,名古屋工科,愛知県立名古屋工科高等学校,名古屋市南区,名古屋市南区阿原町1番,prefectural,high_school,SRC000070,SRC000121,registered
30,SCH001415,PRG001415,愛知総合工科高校,愛知総合工科,愛知県立愛知総合工科高等学校,名古屋市千種区,名古屋市千種区星が丘山手107,prefectural,high_school,SRC000070,SRC000121,registered
31,SCH001416,PRG001416,瀬戸工科高校,瀬戸工科,愛知県立瀬戸工科高等学校,瀬戸市,瀬戸市東権現町22-1,prefectural,high_school,SRC000070,SRC000121,registered
32,SCH001417,PRG001417,菊里高校,菊里,名古屋市立菊里高等学校,名古屋市千種区,名古屋市千種区星が丘元町13-7,municipal,high_school,SRC000070,SRC000121,registered
33,SCH001418,PRG001418,向陽高校,向陽,名古屋市立向陽高等学校,名古屋市昭和区,名古屋市昭和区広池町47,municipal,high_school,SRC000070,SRC000121,registered
34,SCH001419,PRG001419,桜台高校,桜台,名古屋市立桜台高等学校,名古屋市南区,名古屋市南区霞町21,municipal,high_school,SRC000070,SRC000121,registered
35,SCH001420,PRG001420,富田高校,富田,名古屋市立富田高等学校,名古屋市中川区,名古屋市中川区富田町榎津字上鵜垂111,municipal,high_school,SRC000070,SRC000121,registered
36,SCH001421,PRG001421,名東高校,名東,名古屋市立名東高等学校,名古屋市名東区,名古屋市名東区大針一丁目351,municipal,high_school,SRC000070,SRC000121,registered
37,SCH001422,PRG001422,山田高校,山田,名古屋市立山田高等学校,名古屋市西区,名古屋市西区二方町19-1,municipal,high_school,SRC000070,SRC000121,registered
38,SCH001423,PRG001423,工業高校,工業,名古屋市立工業高等学校,名古屋市中川区,名古屋市中川区北江町3-13,municipal,high_school,SRC000070,SRC000121,registered
39,SCH001424,PRG001424,工芸高校,工芸,名古屋市立工芸高等学校,名古屋市東区,名古屋市東区芳野二丁目7-51,municipal,high_school,SRC000070,SRC000121,registered
40,SCH001425,PRG001425,愛知高校,愛知,愛知高等学校,名古屋市千種区,名古屋市千種区光が丘2-11-41,private,high_school,SRC000070,SRC000123,registered
41,SCH001426,PRG001426,栄徳高校,栄徳,栄徳高等学校,長久手市,長久手市岩作三ヶ峯1-32,private,high_school,SRC000070,SRC000123,registered
42,SCH001427,PRG001427,享栄高校,享栄,享栄高等学校,名古屋市瑞穂区,名古屋市瑞穂区汐路町1-26,private,high_school,SRC000070,SRC000123,registered
43,SCH001428,PRG001428,星城高校,星城,星城高等学校,豊明市,豊明市栄町新左山20,private,high_school,SRC000070,SRC000123,registered
44,SCH001429,PRG001429,大同大学大同高校,大同大学大同,大同大学大同高等学校,名古屋市南区,名古屋市南区大同町2-21,private,high_school,SRC000070,SRC000123,registered
45,SCH001430,PRG001430,中京大学附属中京高校,中京大学附属中京,中京大学附属中京高等学校,名古屋市昭和区,名古屋市昭和区川名山町122,private,high_school,SRC000070,SRC000123,registered
46,SCH001431,PRG001431,東海高校,東海,東海高等学校,名古屋市東区,名古屋市東区筒井1-2-35,private,high_school,SRC000070,SRC000123,registered
47,SCH001432,PRG001432,東邦高校,東邦,東邦高等学校,名古屋市名東区,名古屋市名東区平和が丘3-11,private,high_school,SRC000070,SRC000123,registered
48,SCH001433,PRG001433,同朋高校,同朋,同朋高等学校,名古屋市中村区,名古屋市中村区稲葉地町7-1,private,high_school,SRC000070,SRC000123,registered
49,SCH001434,PRG001434,名古屋大谷高校,名古屋大谷,名古屋大谷高等学校,名古屋市瑞穂区,名古屋市瑞穂区高田町4-19,private,high_school,SRC000070,SRC000123,registered
50,SCH001435,PRG001435,名古屋高校,名古屋,名古屋高等学校,名古屋市東区,名古屋市東区砂田橋2-1-58,private,high_school,SRC000070,SRC000123,registered
51,SCH001436,PRG001436,中部大学第一高校,中部大学第一,中部大学第一高等学校,日進市,日進市三本木町細廻間425,private,high_school,SRC000070,SRC000123,registered
52,SCH001437,PRG001437,南山高校,南山,南山高等学校,名古屋市昭和区,名古屋市昭和区五軒家町6,private,high_school,SRC000070,SRC000123,registered
53,SCH001438,PRG001438,中部大学春日丘高校,中部大学春日丘,中部大学春日丘高等学校,春日井市,春日井市松本町1105,private,high_school,SRC000070,SRC000123,registered
54,SCH001439,PRG001439,名城大学附属高校,名城大学附属,名城大学附属高等学校,名古屋市中村区,名古屋市中村区新富町1-3-16,private,high_school,SRC000070,SRC000123,registered
55,SCH001440,PRG001440,愛知工業大学名電高校,愛知工業大学名電,愛知工業大学名電高等学校,名古屋市千種区,名古屋市千種区若水3-2-12,private,high_school,SRC000070,SRC000123,registered
56,SCH001441,PRG001441,名古屋たちばな高校,名古屋たちばな,名古屋たちばな高等学校,名古屋市中区,名古屋市中区伊勢山1-2-29,private,high_school,SRC000070,SRC000123,registered
57,SCH001442,PRG001442,名古屋工業高校,名古屋工業,名古屋工業高等学校,名古屋市昭和区,名古屋市昭和区円上町22-38,private,high_school,SRC000070,SRC000123,registered
58,SCH001443,PRG001443,名古屋国際高校,名古屋国際,名古屋国際高等学校,名古屋市昭和区,名古屋市昭和区広路本町1-16,private,high_school,SRC000070,SRC000123,registered
59,SCH001444,PRG001444,菊華高校,菊華,菊華高等学校,名古屋市守山区,名古屋市守山区小幡5-8-13,private,high_school,SRC000070,SRC000123,registered
60,SCH001445,PRG001445,名古屋経済大学市邨高校,名古屋経済大学市邨,名古屋経済大学市邨高等学校,名古屋市千種区,名古屋市千種区北千種3-1-37,private,high_school,SRC000070,SRC000123,registered
61,SCH001446,PRG001446,至学館高校,至学館,至学館高等学校,名古屋市東区,名古屋市東区大幸南2-1-10,private,high_school,SRC000070,SRC000123,registered
62,SCH001447,PRG001447,名古屋経済大学高蔵高校,名古屋経済大学高蔵,名古屋経済大学高蔵高等学校,名古屋市瑞穂区,名古屋市瑞穂区高田町3-28-1,private,high_school,SRC000070,SRC000123,registered
63,SCH001448,PRG001448,蒲郡高校,蒲郡,愛知県立蒲郡高等学校,蒲郡市,蒲郡市上本町8-9,prefectural,high_school,SRC000070,SRC000121,registered
64,SCH001449,PRG001449,蒲郡東高校,蒲郡東,愛知県立蒲郡東高等学校,蒲郡市,蒲郡市大塚町上千尾12-2,prefectural,high_school,SRC000070,SRC000121,registered
65,SCH001450,PRG001450,国府高校,国府,愛知県立国府高等学校,豊川市,豊川市国府町下坊入10-1,prefectural,high_school,SRC000070,SRC000121,registered
66,SCH001451,PRG001451,小坂井高校,小坂井,愛知県立小坂井高等学校,豊川市,豊川市小坂井町欠田100-1,prefectural,high_school,SRC000070,SRC000121,registered
67,SCH001452,PRG001452,時習館高校,時習館,愛知県立時習館高等学校,豊橋市,豊橋市富本町,prefectural,high_school,SRC000070,SRC000121,registered
68,SCH001453,PRG001453,新城有教館高校,新城有教館,愛知県立新城有教館高等学校,新城市,新城市桜渕・中野合併地,prefectural,high_school,SRC000070,SRC000121,registered
69,SCH001454,PRG001454,成章高校,成章,愛知県立成章高等学校,田原市,田原市田原町池ノ原1,prefectural,high_school,SRC000070,SRC000121,registered
70,SCH001455,PRG001455,豊橋西高校,豊橋西,愛知県立豊橋西高等学校,豊橋市,豊橋市牟呂町西明治新右前4,prefectural,high_school,SRC000070,SRC000121,registered
71,SCH001456,PRG001456,豊橋東高校,豊橋東,愛知県立豊橋東高等学校,豊橋市,豊橋市向山町西猿22,prefectural,high_school,SRC000070,SRC000121,registered
72,SCH001457,PRG001457,豊橋南高校,豊橋南,愛知県立豊橋南高等学校,豊橋市,豊橋市南大清水町元町450,prefectural,high_school,SRC000070,SRC000121,registered
73,SCH001458,PRG001458,福江高校,福江,愛知県立福江高等学校,田原市,田原市古田町岡ノ越6,prefectural,high_school,SRC000070,SRC000121,registered
74,SCH001459,PRG001459,豊丘高校,豊丘,愛知県立豊丘高等学校,豊橋市,豊橋市豊岡町74,prefectural,high_school,SRC000070,SRC000121,registered
75,SCH001460,PRG001460,御津あおば高校,御津あおば,愛知県立御津あおば高等学校,豊川市,豊川市御津町豊沢松ノ下1,prefectural,high_school,SRC000070,SRC000121,registered
76,SCH001461,PRG001461,豊橋商業高校,豊橋商業,愛知県立豊橋商業高等学校,豊橋市,豊橋市向山町官有地,prefectural,high_school,SRC000070,SRC000121,registered
77,SCH001462,PRG001462,豊川工科高校,豊川工科,愛知県立豊川工科高等学校,豊川市,豊川市新道町1-3,prefectural,high_school,SRC000070,SRC000121,registered
78,SCH001463,PRG001463,豊橋工科高校,豊橋工科,愛知県立豊橋工科高等学校,豊橋市,豊橋市草間町官有地,prefectural,high_school,SRC000070,SRC000121,registered
79,SCH001464,PRG001464,渥美農業高校,渥美農業,愛知県立渥美農業高等学校,田原市,田原市加治町奥恩中1-1,prefectural,high_school,SRC000070,SRC000121,registered
80,SCH001465,PRG001465,三谷水産高校,三谷水産,愛知県立三谷水産高等学校,蒲郡市,蒲郡市三谷町水神町通2-1,prefectural,high_school,SRC000070,SRC000121,registered
81,SCH001466,PRG001466,桜丘高校,桜丘,桜丘高等学校,豊橋市,豊橋市南牛川2-1-11,private,high_school,SRC000070,SRC000123,registered
82,SCH001467,PRG001467,豊川高校,豊川,豊川高等学校,豊川市,豊川市末広通1-37,private,high_school,SRC000070,SRC000123,registered
83,SCH001468,PRG001468,豊橋中央高校,豊橋中央,豊橋中央高等学校,豊橋市,豊橋市鍵田町106,private,high_school,SRC000070,SRC000123,registered
84,SCH001469,PRG001469,海陽学園,海陽学園,海陽中等教育学校,蒲郡市,蒲郡市海陽町三丁目12番地1,private,secondary_school,SRC000070,SRC000124,registered
85,SCH001470,PRG001470,安城高校,安城,愛知県立安城高等学校,安城市,安城市赤松町大北103,prefectural,high_school,SRC000070,SRC000121,registered
86,SCH001471,PRG001471,安城東高校,安城東,愛知県立安城東高等学校,安城市,安城市北山崎町大土塚10,prefectural,high_school,SRC000070,SRC000121,registered
87,SCH001472,PRG001472,安城南高校,安城南,愛知県立安城南高等学校,安城市,安城市桜井町門原1,prefectural,high_school,SRC000070,SRC000121,registered
88,SCH001473,PRG001473,一色高校,一色,愛知県立一色高等学校,西尾市,西尾市一色町赤羽上郷中14,prefectural,high_school,SRC000070,SRC000121,registered
89,SCH001474,PRG001474,岩津高校,岩津,愛知県立岩津高等学校,岡崎市,岡崎市東蔵前町馬場5,prefectural,high_school,SRC000070,SRC000121,registered
90,SCH001475,PRG001475,岡崎高校,岡崎,愛知県立岡崎高等学校,岡崎市,岡崎市明大寺町伝馬1,prefectural,high_school,SRC000070,SRC000121,registered
91,SCH001476,PRG001476,岡崎北高校,岡崎北,愛知県立岡崎北高等学校,岡崎市,岡崎市石神町17-1,prefectural,high_school,SRC000070,SRC000121,registered
92,SCH001477,PRG001477,岡崎西高校,岡崎西,愛知県立岡崎西高等学校,岡崎市,岡崎市日名南町7,prefectural,high_school,SRC000070,SRC000121,registered
93,SCH001478,PRG001478,岡崎東高校,岡崎東,愛知県立岡崎東高等学校,岡崎市,岡崎市竜泉寺町後山27,prefectural,high_school,SRC000070,SRC000121,registered
94,SCH001479,PRG001479,加茂丘高校,加茂丘,愛知県立加茂丘高等学校,豊田市,豊田市藤岡飯野町太田代1137-30,prefectural,high_school,SRC000070,SRC000121,registered
95,SCH001480,PRG001480,刈谷高校,刈谷,愛知県立刈谷高等学校,刈谷市,刈谷市寿町5-101,prefectural,high_school,SRC000070,SRC000121,registered
96,SCH001481,PRG001481,刈谷北高校,刈谷北,愛知県立刈谷北高等学校,刈谷市,刈谷市寺横町1-67,prefectural,high_school,SRC000070,SRC000121,registered
97,SCH001482,PRG001482,吉良高校,吉良,愛知県立吉良高等学校,西尾市,西尾市吉良町白浜新田南切1-4,prefectural,high_school,SRC000070,SRC000121,registered
98,SCH001483,PRG001483,幸田高校,幸田,愛知県立幸田高等学校,幸田町,額田郡幸田町大字高力字神山78,prefectural,high_school,SRC000070,SRC000121,registered
99,SCH001484,PRG001484,衣台高校,衣台,愛知県立衣台高等学校,豊田市,豊田市太平町平山5,prefectural,high_school,SRC000070,SRC000121,registered
100,SCH001485,PRG001485,高浜高校,高浜,愛知県立高浜高等学校,高浜市,高浜市本郷町1-6-1,prefectural,high_school,SRC000070,SRC000121,registered
101,SCH001486,PRG001486,知立高校,知立,愛知県立知立高等学校,知立市,知立市弘法2-5-8,prefectural,high_school,SRC000070,SRC000121,registered
102,SCH001487,PRG001487,知立東高校,知立東,愛知県立知立東高等学校,知立市,知立市長篠町大山18-6,prefectural,high_school,SRC000070,SRC000121,registered
103,SCH001488,PRG001488,豊田高校,豊田,愛知県立豊田高等学校,豊田市,豊田市伊保町三本松1,prefectural,high_school,SRC000070,SRC000121,registered
104,SCH001489,PRG001489,豊田北高校,豊田北,愛知県立豊田北高等学校,豊田市,豊田市千石町2-100-1,prefectural,high_school,SRC000070,SRC000121,registered
105,SCH001490,PRG001490,豊田西高校,豊田西,愛知県立豊田西高等学校,豊田市,豊田市小坂町14-65,prefectural,high_school,SRC000070,SRC000121,registered
106,SCH001491,PRG001491,豊田南高校,豊田南,愛知県立豊田南高等学校,豊田市,豊田市若林東町中外根1-1,prefectural,high_school,SRC000070,SRC000121,registered
107,SCH001492,PRG001492,西尾高校,西尾,愛知県立西尾高等学校,西尾市,西尾市桜町奥新田2-2,prefectural,high_school,SRC000070,SRC000121,registered
108,SCH001493,PRG001493,西尾東高校,西尾東,愛知県立西尾東高等学校,西尾市,西尾市小島町大郷1-4,prefectural,high_school,SRC000070,SRC000121,registered
109,SCH001494,PRG001494,碧南高校,碧南,愛知県立碧南高等学校,碧南市,碧南市向陽町4-12,prefectural,high_school,SRC000070,SRC000121,registered
110,SCH001495,PRG001495,松平高校,松平,愛知県立松平高等学校,豊田市,豊田市鵜ケ瀬町桐山1,prefectural,high_school,SRC000070,SRC000121,registered
111,SCH001496,PRG001496,三好高校,三好,愛知県立三好高等学校,みよし市,みよし市三好町東山110-1,prefectural,high_school,SRC000070,SRC000121,registered
112,SCH001497,PRG001497,豊野高校,豊野,愛知県立豊野高等学校,豊田市,豊田市渡刈町3-3-1,prefectural,high_school,SRC000070,SRC000121,registered
113,SCH001498,PRG001498,岡崎商業高校,岡崎商業,愛知県立岡崎商業高等学校,岡崎市,岡崎市栄町3-76,prefectural,high_school,SRC000070,SRC000121,registered
114,SCH001499,PRG001499,岡崎工科高校,岡崎工科,愛知県立岡崎工科高等学校,岡崎市,岡崎市羽根町陣場47,prefectural,high_school,SRC000070,SRC000121,registered
115,SCH001500,PRG001500,刈谷工科高校,刈谷工科,愛知県立刈谷工科高等学校,刈谷市,刈谷市矢場町2-210,prefectural,high_school,SRC000070,SRC000121,registered
116,SCH001501,PRG001501,豊田工科高校,豊田工科,愛知県立豊田工科高等学校,豊田市,豊田市竹元町南細畔3,prefectural,high_school,SRC000070,SRC000121,registered
117,SCH001502,PRG001502,碧南工科高校,碧南工科,愛知県立碧南工科高等学校,碧南市,碧南市丸山町3-10,prefectural,high_school,SRC000070,SRC000121,registered
118,SCH001503,PRG001503,鶴城丘高校,鶴城丘,愛知県立鶴城丘高等学校,西尾市,西尾市亀沢町300,prefectural,high_school,SRC000070,SRC000121,registered
119,SCH001504,PRG001504,安城農林高校,安城農林,愛知県立安城農林高等学校,安城市,安城市池浦町茶筅木1,prefectural,high_school,SRC000070,SRC000121,registered
120,SCH001505,PRG001505,猿投農林高校,猿投農林,愛知県立猿投農林高等学校,豊田市,豊田市井上町12-179,prefectural,high_school,SRC000070,SRC000121,registered
121,SCH001506,PRG001506,豊田工業高等専門学校,豊田工業高等専門学校,豊田工業高等専門学校,豊田市,豊田市栄生町2-1,national,technical_college,SRC000070,SRC000125,registered
122,SCH001507,PRG001507,岡崎城西高校,岡崎城西,岡崎城西高等学校,岡崎市,岡崎市中園町川成98,private,high_school,SRC000070,SRC000123,registered
123,SCH001508,PRG001508,杜若高校,杜若,杜若高等学校,豊田市,豊田市平戸橋町波岩87-1,private,high_school,SRC000070,SRC000123,registered
124,SCH001509,PRG001509,愛知産業大学三河高校,愛知産業大学三河,愛知産業大学三河高等学校,岡崎市,岡崎市岡町原山12-10,private,high_school,SRC000070,SRC000123,registered
125,SCH001510,PRG001510,科学技術学園高校豊田,科学技術学園高校豊田,科学技術学園高等学校,豊田市,豊田市保見町井ノ向57-28,private,high_school,SRC000070,SRC000126,registered
126,SCH001511,PRG001511,豊田大谷高校,豊田大谷,豊田大谷高等学校,豊田市,豊田市保見町南山1,private,high_school,SRC000070,SRC000123,registered
127,SCH001512,PRG001512,安城学園高校,安城学園,安城学園高等学校,安城市,安城市小堤町4-25,private,high_school,SRC000070,SRC000123,registered
128,SCH001513,PRG001513,人間環境大学附属岡崎高校,人間環境大学附属岡崎,人間環境大学附属岡崎高等学校,岡崎市,岡崎市稲熊町3-110,private,high_school,SRC000070,SRC000123,registered
129,SCH001514,PRG001514,阿久比高校,阿久比,愛知県立阿久比高等学校,阿久比町,知多郡阿久比町大字阿久比字尾社2-1,prefectural,high_school,SRC000070,SRC000121,registered
130,SCH001515,PRG001515,内海高校,内海,愛知県立内海高等学校,南知多町,知多郡南知多町大字内海字奥鈴ヶ谷1-1,prefectural,high_school,SRC000070,SRC000121,registered
131,SCH001516,PRG001516,大府高校,大府,愛知県立大府高等学校,大府市,大府市月見町6-180,prefectural,high_school,SRC000070,SRC000121,registered
132,SCH001517,PRG001517,大府東高校,大府東,愛知県立大府東高等学校,大府市,大府市横根町膝折1番地の4,prefectural,high_school,SRC000070,SRC000121,registered
133,SCH001518,PRG001518,武豊高校,武豊,愛知県立武豊高等学校,武豊町,知多郡武豊町字ヲヲガケ8,prefectural,high_school,SRC000070,SRC000121,registered
134,SCH001519,PRG001519,知多翔洋高校,知多翔洋,愛知県立知多翔洋高等学校,知多市,知多市八幡字堂ヶ島50番地の1,prefectural,high_school,SRC000070,SRC000121,registered
135,SCH001520,PRG001520,東海南高校,東海南,愛知県立東海南高等学校,東海市,東海市加木屋町社山55番地,prefectural,high_school,SRC000070,SRC000121,registered
136,SCH001521,PRG001521,常滑高校,常滑,愛知県立常滑高等学校,常滑市,常滑市金山字四井池10,prefectural,high_school,SRC000070,SRC000121,registered
137,SCH001522,PRG001522,半田高校,半田,愛知県立半田高等学校,半田市,半田市出口町1-30,prefectural,high_school,SRC000070,SRC000121,registered
138,SCH001523,PRG001523,半田東高校,半田東,愛知県立半田東高等学校,半田市,半田市西生見町30,prefectural,high_school,SRC000070,SRC000121,registered
139,SCH001524,PRG001524,東浦高校,東浦,愛知県立東浦高等学校,東浦町,知多郡東浦町大字生路字冨士塚20,prefectural,high_school,SRC000070,SRC000121,registered
140,SCH001525,PRG001525,横須賀高校,横須賀,愛知県立横須賀高等学校,東海市,東海市高横須賀町広脇1,prefectural,high_school,SRC000070,SRC000121,registered
141,SCH001526,PRG001526,東海樟風高校,東海樟風,愛知県立東海樟風高等学校,東海市,東海市大田町曽根1番地,prefectural,high_school,SRC000070,SRC000121,registered
142,SCH001527,PRG001527,半田商業高校,半田商業,愛知県立半田商業高等学校,半田市,半田市白山町2-30,prefectural,high_school,SRC000070,SRC000121,registered
143,SCH001528,PRG001528,半田工科高校,半田工科,愛知県立半田工科高等学校,半田市,半田市柊町3-1,prefectural,high_school,SRC000070,SRC000121,registered
144,SCH001529,PRG001529,半田農業高校,半田農業,愛知県立半田農業高等学校,半田市,半田市柊町1-1,prefectural,high_school,SRC000070,SRC000121,registered
145,SCH001530,PRG001530,日本福祉大学付属高校,日本福祉大学付属,日本福祉大学付属高等学校,美浜町,知多郡美浜町大字奥田字中之谷2-1,private,high_school,SRC000070,SRC000123,registered
146,SCH001531,PRG001531,一宮高校,一宮,愛知県立一宮高等学校,一宮市,一宮市北園通6-9,prefectural,high_school,SRC000070,SRC000121,registered
147,SCH001532,PRG001532,一宮北高校,一宮北,愛知県立一宮北高等学校,一宮市,一宮市笹野字氏神東1番地,prefectural,high_school,SRC000070,SRC000121,registered
148,SCH001533,PRG001533,一宮興道高校,一宮興道,愛知県立一宮興道高等学校,一宮市,一宮市大和町於保字十二1-1,prefectural,high_school,SRC000070,SRC000121,registered
149,SCH001534,PRG001534,一宮西高校,一宮西,愛知県立一宮西高等学校,一宮市,一宮市萩原町串作字河田1,prefectural,high_school,SRC000070,SRC000121,registered
150,SCH001535,PRG001535,一宮南高校,一宮南,愛知県立一宮南高等学校,一宮市,一宮市千秋町町屋字平松6-1,prefectural,high_school,SRC000070,SRC000121,registered
151,SCH001536,PRG001536,稲沢緑風館高校,稲沢緑風館,愛知県立稲沢緑風館高等学校,稲沢市,稲沢市平野町加世11,prefectural,high_school,SRC000070,SRC000121,registered
152,SCH001537,PRG001537,犬山高校,犬山,愛知県立犬山高等学校,犬山市,犬山市大字犬山字北首塚2番地,prefectural,high_school,SRC000070,SRC000121,registered
153,SCH001538,PRG001538,犬山総合高校,犬山総合,愛知県立犬山総合高等学校,犬山市,犬山市蓮池2番地21,prefectural,high_school,SRC000070,SRC000121,registered
154,SCH001539,PRG001539,岩倉総合高校,岩倉総合,愛知県立岩倉総合高等学校,岩倉市,岩倉市北島町川田1,prefectural,high_school,SRC000070,SRC000121,registered
155,SCH001540,PRG001540,木曽川高校,木曽川,愛知県立木曽川高等学校,一宮市,一宮市開明字樋西11-1,prefectural,high_school,SRC000070,SRC000121,registered
156,SCH001541,PRG001541,江南高校,江南,愛知県立江南高等学校,江南市,江南市北野町川石25-2,prefectural,high_school,SRC000070,SRC000121,registered
157,SCH001542,PRG001542,小牧高校,小牧,愛知県立小牧高等学校,小牧市,小牧市小牧1-321,prefectural,high_school,SRC000070,SRC000121,registered
158,SCH001543,PRG001543,小牧南高校,小牧南,愛知県立小牧南高等学校,小牧市,小牧市小木東2-183,prefectural,high_school,SRC000070,SRC000121,registered
159,SCH001544,PRG001544,新川高校,新川,愛知県立新川高等学校,清須市,清須市阿原北野18,prefectural,high_school,SRC000070,SRC000121,registered
160,SCH001545,PRG001545,杏和高校,杏和,愛知県立杏和高等学校,稲沢市,稲沢市祖父江町二俣宮西1-1,prefectural,high_school,SRC000070,SRC000121,registered
161,SCH001546,PRG001546,津島高校,津島,愛知県立津島高等学校,津島市,津島市宮川町3-80,prefectural,high_school,SRC000070,SRC000121,registered
162,SCH001547,PRG001547,津島北高校,津島北,愛知県立津島北高等学校,津島市,津島市又吉町4-1,prefectural,high_school,SRC000070,SRC000121,registered
163,SCH001548,PRG001548,津島北翔高校,津島北翔,愛知県立津島北翔高等学校,津島市,津島市又吉町4-1,prefectural,high_school,SRC000070,SRC000121,registered
164,SCH001549,PRG001549,津島東高校,津島東,愛知県立津島東高等学校,津島市,津島市蛭間町弁日1,prefectural,high_school,SRC000070,SRC000121,registered
165,SCH001550,PRG001550,西春高校,西春,愛知県立西春高等学校,北名古屋市,北名古屋市弥勒寺西二丁目1番地,prefectural,high_school,SRC000070,SRC000121,registered
166,SCH001551,PRG001551,丹羽高校,丹羽,愛知県立丹羽高等学校,扶桑町,丹羽郡扶桑町大字高雄字柳前95,prefectural,high_school,SRC000070,SRC000121,registered
167,SCH001552,PRG001552,尾北高校,尾北,愛知県立尾北高等学校,江南市,江南市北山町西4,prefectural,high_school,SRC000070,SRC000121,registered
168,SCH001553,PRG001553,美和高校,美和,愛知県立美和高等学校,あま市,あま市篠田五ツ藤1,prefectural,high_school,SRC000070,SRC000121,registered
169,SCH001554,PRG001554,五条高校,五条,愛知県立五条高等学校,あま市,あま市西今宿阿弥陀寺56番地,prefectural,high_school,SRC000070,SRC000121,registered
170,SCH001555,PRG001555,一宮商業高校,一宮商業,愛知県立一宮商業高等学校,一宮市,一宮市文京2-1-7,prefectural,high_school,SRC000070,SRC000121,registered
171,SCH001556,PRG001556,一宮工科高校,一宮工科,愛知県立一宮工科高等学校,一宮市,一宮市千秋町佐野字辻田2112,prefectural,high_school,SRC000070,SRC000121,registered
172,SCH001557,PRG001557,一宮起工科高校,一宮起工科,愛知県立一宮起工科高等学校,一宮市,一宮市小信中島字郷南2,prefectural,high_school,SRC000070,SRC000121,registered
173,SCH001558,PRG001558,小牧工科高校,小牧工科,愛知県立小牧工科高等学校,小牧市,小牧市久保一色3737-1,prefectural,high_school,SRC000070,SRC000121,registered
174,SCH001559,PRG001559,愛西工科高校,愛西工科,愛知県立愛西工科高等学校,愛西市,愛西市渕高町蔭島1,prefectural,high_school,SRC000070,SRC000121,registered
175,SCH001560,PRG001560,誉高校,誉,誉高等学校,小牧市,小牧市大字本庄字郷浦2613-2,private,high_school,SRC000070,SRC000123,registered
176,SCH001561,PRG001561,誠信高校,誠信,誠信高等学校,扶桑町,丹羽郡扶桑町大字斉藤字本新須1,private,high_school,SRC000070,SRC000123,registered
177,SCH001562,PRG001562,滝高校,滝,滝高等学校,江南市,江南市東野町米野1,private,high_school,SRC000070,SRC000123,registered
178,SCH001563,PRG001563,愛知黎明高校,愛知黎明,愛知黎明高等学校,弥富市,弥富市稲吉2-52,private,high_school,SRC000070,SRC000123,registered
179,SCH001564,PRG001564,愛知啓成高校,愛知啓成,愛知啓成高等学校,稲沢市,稲沢市西町1-1-41,private,high_school,SRC000070,SRC000123,registered
180,SCH001565,PRG001565,清林館高校,清林館,清林館高等学校,愛西市,愛西市持中町八町88,private,high_school,SRC000070,SRC000123,registered
181,SCH001566,PRG001566,大成高校,大成,大成高等学校,一宮市,一宮市千秋町小山字大福田1878-2,private,high_school,SRC000070,SRC000123,registered
182,SCH001567,PRG001567,修文学院高校,修文学院,修文学院高等学校,一宮市,一宮市日光町6-1,private,high_school,SRC000070,SRC000123,registered
