school_id,program_id,display_name,municipality,assigned_area_id,assigned_area_name,scheme_id,primary_source_id,classification_basis,verified_at
SCH002943,PRG002943,高崎健康福祉大学高崎高等学校,高崎市,AREA000222,西毛地区,ASM000086,SRC000333,2025学校別地区表示で各校の東毛・中毛・西毛所属を直接照合し、2026年の3地区リーグ資料で制度継続を確認。,2026-10-04
SCH002944,PRG002944,群馬県立伊勢崎工業高等学校,伊勢崎市,AREA000221,中毛地区,ASM000086,SRC000333,2025学校別地区表示で各校の東毛・中毛・西毛所属を直接照合し、2026年の3地区リーグ資料で制度継続を確認。,2026-10-04
SCH002945,PRG002945,群馬県立渋川工業高等学校,渋川市,AREA000221,中毛地区,ASM000086,SRC000333,2025学校別地区表示で各校の東毛・中毛・西毛所属を直接照合し、2026年の3地区リーグ資料で制度継続を確認。,2026-10-04
SCH002946,PRG002946,群馬県立尾瀬高等学校,沼田市,AREA000221,中毛地区,ASM000086,SRC000333,2025学校別地区表示で各校の東毛・中毛・西毛所属を直接照合し、2026年の3地区リーグ資料で制度継続を確認。 北毛方面の沼田・利根系は野球地区では中毛として確認。,2026-10-04
SCH002947,PRG002947,群馬県立伊勢崎高等学校,伊勢崎市,AREA000221,中毛地区,ASM000086,SRC000333,2025学校別地区表示で各校の東毛・中毛・西毛所属を直接照合し、2026年の3地区リーグ資料で制度継続を確認。,2026-10-04
SCH002948,PRG002948,群馬県立前橋南高等学校,前橋市,AREA000221,中毛地区,ASM000086,SRC000333,2025学校別地区表示で各校の東毛・中毛・西毛所属を直接照合し、2026年の3地区リーグ資料で制度継続を確認。,2026-10-04
SCH002949,PRG002949,伊勢崎市立四ツ葉学園中等教育学校,伊勢崎市,AREA000221,中毛地区,ASM000086,SRC000333,2025学校別地区表示で各校の東毛・中毛・西毛所属を直接照合し、2026年の3地区リーグ資料で制度継続を確認。,2026-10-04
SCH002950,PRG002950,群馬県立前橋高等学校,前橋市,AREA000221,中毛地区,ASM000086,SRC000333,2025学校別地区表示で各校の東毛・中毛・西毛所属を直接照合し、2026年の3地区リーグ資料で制度継続を確認。,2026-10-04
SCH002951,PRG002951,東京農業大学第二高等学校,高崎市,AREA000222,西毛地区,ASM000086,SRC000333,2025学校別地区表示で各校の東毛・中毛・西毛所属を直接照合し、2026年の3地区リーグ資料で制度継続を確認。,2026-10-04
SCH002952,PRG002952,群馬県立伊勢崎清明高等学校,伊勢崎市,AREA000221,中毛地区,ASM000086,SRC000333,2025学校別地区表示で各校の東毛・中毛・西毛所属を直接照合し、2026年の3地区リーグ資料で制度継続を確認。,2026-10-04
SCH002953,PRG002953,群馬県立吾妻中央高等学校,中之条町,AREA000222,西毛地区,ASM000086,SRC000333,2025学校別地区表示で各校の東毛・中毛・西毛所属を直接照合し、2026年の3地区リーグ資料で制度継続を確認。 吾妻方面は野球地区では西毛として確認。,2026-10-04
SCH002954,PRG002954,群馬県立利根実業高等学校,沼田市,AREA000221,中毛地区,ASM000086,SRC000333,2025学校別地区表示で各校の東毛・中毛・西毛所属を直接照合し、2026年の3地区リーグ資料で制度継続を確認。 北毛方面の沼田・利根系は野球地区では中毛として確認。,2026-10-04
SCH002955,PRG002955,群馬工業高等専門学校,前橋市,AREA000221,中毛地区,ASM000086,SRC000333,2025学校別地区表示で各校の東毛・中毛・西毛所属を直接照合し、2026年の3地区リーグ資料で制度継続を確認。,2026-10-04
SCH002956,PRG002956,群馬県立大間々高等学校,みどり市,AREA000220,東毛地区,ASM000086,SRC000333,2025学校別地区表示で各校の東毛・中毛・西毛所属を直接照合し、2026年の3地区リーグ資料で制度継続を確認。,2026-10-04
SCH002957,PRG002957,群馬県立前橋工業高等学校,前橋市,AREA000221,中毛地区,ASM000086,SRC000333,2025学校別地区表示で各校の東毛・中毛・西毛所属を直接照合し、2026年の3地区リーグ資料で制度継続を確認。,2026-10-04
SCH002958,PRG002958,高崎商科大学附属高等学校,高崎市,AREA000222,西毛地区,ASM000086,SRC000333,2025学校別地区表示で各校の東毛・中毛・西毛所属を直接照合し、2026年の3地区リーグ資料で制度継続を確認。,2026-10-04
SCH002959,PRG002959,群馬県立大泉高等学校,大泉町,AREA000220,東毛地区,ASM000086,SRC000333,2025学校別地区表示で各校の東毛・中毛・西毛所属を直接照合し、2026年の3地区リーグ資料で制度継続を確認。,2026-10-04
SCH002960,PRG002960,前橋育英高等学校,前橋市,AREA000221,中毛地区,ASM000086,SRC000333,2025学校別地区表示で各校の東毛・中毛・西毛所属を直接照合し、2026年の3地区リーグ資料で制度継続を確認。,2026-10-04
SCH002961,PRG002961,太田市立太田高等学校,太田市,AREA000220,東毛地区,ASM000086,SRC000333,2025学校別地区表示で各校の東毛・中毛・西毛所属を直接照合し、2026年の3地区リーグ資料で制度継続を確認。,2026-10-04
SCH002962,PRG002962,群馬県立高崎北高等学校,高崎市,AREA000222,西毛地区,ASM000086,SRC000333,2025学校別地区表示で各校の東毛・中毛・西毛所属を直接照合し、2026年の3地区リーグ資料で制度継続を確認。,2026-10-04
SCH002963,PRG002963,群馬県立伊勢崎興陽高等学校,伊勢崎市,AREA000221,中毛地区,ASM000086,SRC000333,2025学校別地区表示で各校の東毛・中毛・西毛所属を直接照合し、2026年の3地区リーグ資料で制度継続を確認。,2026-10-04
SCH002964,PRG002964,桐生市立商業高等学校,桐生市,AREA000220,東毛地区,ASM000086,SRC000333,2025学校別地区表示で各校の東毛・中毛・西毛所属を直接照合し、2026年の3地区リーグ資料で制度継続を確認。,2026-10-04
SCH002965,PRG002965,常磐高等学校,太田市,AREA000220,東毛地区,ASM000086,SRC000333,2025学校別地区表示で各校の東毛・中毛・西毛所属を直接照合し、2026年の3地区リーグ資料で制度継続を確認。,2026-10-04
SCH002966,PRG002966,群馬県立桐生工業高等学校,桐生市,AREA000220,東毛地区,ASM000086,SRC000333,2025学校別地区表示で各校の東毛・中毛・西毛所属を直接照合し、2026年の3地区リーグ資料で制度継続を確認。,2026-10-04
SCH002967,PRG002967,群馬県立伊勢崎商業高等学校,伊勢崎市,AREA000221,中毛地区,ASM000086,SRC000333,2025学校別地区表示で各校の東毛・中毛・西毛所属を直接照合し、2026年の3地区リーグ資料で制度継続を確認。,2026-10-04
SCH002968,PRG002968,群馬県立高崎商業高等学校,高崎市,AREA000222,西毛地区,ASM000086,SRC000333,2025学校別地区表示で各校の東毛・中毛・西毛所属を直接照合し、2026年の3地区リーグ資料で制度継続を確認。,2026-10-04
SCH002969,PRG002969,前橋市立前橋高等学校,前橋市,AREA000221,中毛地区,ASM000086,SRC000333,2025学校別地区表示で各校の東毛・中毛・西毛所属を直接照合し、2026年の3地区リーグ資料で制度継続を確認。,2026-10-04
SCH002970,PRG002970,群馬県立桐生高等学校,桐生市,AREA000220,東毛地区,ASM000086,SRC000333,2025学校別地区表示で各校の東毛・中毛・西毛所属を直接照合し、2026年の3地区リーグ資料で制度継続を確認。,2026-10-04
SCH002971,PRG002971,群馬県立高崎工業高等学校,高崎市,AREA000222,西毛地区,ASM000086,SRC000333,2025学校別地区表示で各校の東毛・中毛・西毛所属を直接照合し、2026年の3地区リーグ資料で制度継続を確認。,2026-10-04
SCH002972,PRG002972,群馬県立前橋商業高等学校,前橋市,AREA000221,中毛地区,ASM000086,SRC000333,2025学校別地区表示で各校の東毛・中毛・西毛所属を直接照合し、2026年の3地区リーグ資料で制度継続を確認。,2026-10-04
SCH002973,PRG002973,群馬県立沼田高等学校,沼田市,AREA000221,中毛地区,ASM000086,SRC000333,2025学校別地区表示で各校の東毛・中毛・西毛所属を直接照合し、2026年の3地区リーグ資料で制度継続を確認。 北毛方面の沼田・利根系は野球地区では中毛として確認。,2026-10-04
SCH002974,PRG002974,群馬県立勢多農林高等学校,前橋市,AREA000221,中毛地区,ASM000086,SRC000333,2025学校別地区表示で各校の東毛・中毛・西毛所属を直接照合し、2026年の3地区リーグ資料で制度継続を確認。,2026-10-04
SCH002975,PRG002975,群馬県立松井田高等学校,安中市,AREA000222,西毛地区,ASM000086,SRC000333,2025学校別地区表示で各校の東毛・中毛・西毛所属を直接照合し、2026年の3地区リーグ資料で制度継続を確認。,2026-10-04
SCH002976,PRG002976,群馬県立渋川青翠高等学校,渋川市,AREA000221,中毛地区,ASM000086,SRC000333,2025学校別地区表示で各校の東毛・中毛・西毛所属を直接照合し、2026年の3地区リーグ資料で制度継続を確認。,2026-10-04
SCH002977,PRG002977,群馬県立館林商工高等学校,明和町,AREA000220,東毛地区,ASM000086,SRC000333,2025学校別地区表示で各校の東毛・中毛・西毛所属を直接照合し、2026年の3地区リーグ資料で制度継続を確認。,2026-10-04
SCH002978,PRG002978,群馬県立西邑楽高等学校,大泉町,AREA000220,東毛地区,ASM000086,SRC000333,2025学校別地区表示で各校の東毛・中毛・西毛所属を直接照合し、2026年の3地区リーグ資料で制度継続を確認。,2026-10-04
SCH002979,PRG002979,群馬県立利根商業高等学校,みなかみ町,AREA000221,中毛地区,ASM000086,SRC000333,2025学校別地区表示で各校の東毛・中毛・西毛所属を直接照合し、2026年の3地区リーグ資料で制度継続を確認。 北毛方面の沼田・利根系は野球地区では中毛として確認。,2026-10-04
SCH002980,PRG002980,群馬県立太田工業高等学校,太田市,AREA000220,東毛地区,ASM000086,SRC000333,2025学校別地区表示で各校の東毛・中毛・西毛所属を直接照合し、2026年の3地区リーグ資料で制度継続を確認。,2026-10-04
SCH002981,PRG002981,高崎市立高崎経済大学附属高等学校,高崎市,AREA000222,西毛地区,ASM000086,SRC000333,2025学校別地区表示で各校の東毛・中毛・西毛所属を直接照合し、2026年の3地区リーグ資料で制度継続を確認。,2026-10-04
SCH002982,PRG002982,群馬県立富岡高等学校,富岡市,AREA000222,西毛地区,ASM000086,SRC000333,2025学校別地区表示で各校の東毛・中毛・西毛所属を直接照合し、2026年の3地区リーグ資料で制度継続を確認。,2026-10-04
SCH002983,PRG002983,群馬県立前橋東高等学校,前橋市,AREA000221,中毛地区,ASM000086,SRC000333,2025学校別地区表示で各校の東毛・中毛・西毛所属を直接照合し、2026年の3地区リーグ資料で制度継続を確認。,2026-10-04
SCH002984,PRG002984,群馬県立高崎東高等学校,高崎市,AREA000222,西毛地区,ASM000086,SRC000333,2025学校別地区表示で各校の東毛・中毛・西毛所属を直接照合し、2026年の3地区リーグ資料で制度継続を確認。,2026-10-04
SCH002985,PRG002985,明和県央高等学校,高崎市,AREA000222,西毛地区,ASM000086,SRC000333,2025学校別地区表示で各校の東毛・中毛・西毛所属を直接照合し、2026年の3地区リーグ資料で制度継続を確認。,2026-10-04
SCH002986,PRG002986,群馬県立藤岡北高等学校,藤岡市,AREA000222,西毛地区,ASM000086,SRC000333,2025学校別地区表示で各校の東毛・中毛・西毛所属を直接照合し、2026年の3地区リーグ資料で制度継続を確認。,2026-10-04
SCH002987,PRG002987,桐生第一高等学校,桐生市,AREA000220,東毛地区,ASM000086,SRC000333,2025学校別地区表示で各校の東毛・中毛・西毛所属を直接照合し、2026年の3地区リーグ資料で制度継続を確認。,2026-10-04
SCH002988,PRG002988,群馬県立高崎高等学校,高崎市,AREA000222,西毛地区,ASM000086,SRC000333,2025学校別地区表示で各校の東毛・中毛・西毛所属を直接照合し、2026年の3地区リーグ資料で制度継続を確認。,2026-10-04
SCH002989,PRG002989,群馬県立前橋西高等学校,前橋市,AREA000221,中毛地区,ASM000086,SRC000333,2025学校別地区表示で各校の東毛・中毛・西毛所属を直接照合し、2026年の3地区リーグ資料で制度継続を確認。,2026-10-04
SCH002990,PRG002990,群馬県立玉村高等学校,玉村町,AREA000221,中毛地区,ASM000086,SRC000333,2025学校別地区表示で各校の東毛・中毛・西毛所属を直接照合し、2026年の3地区リーグ資料で制度継続を確認。,2026-10-04
SCH002991,PRG002991,群馬県立榛名高等学校,高崎市,AREA000222,西毛地区,ASM000086,SRC000333,2025学校別地区表示で各校の東毛・中毛・西毛所属を直接照合し、2026年の3地区リーグ資料で制度継続を確認。,2026-10-04
SCH002992,PRG002992,群馬県立下仁田高等学校,下仁田町,AREA000222,西毛地区,ASM000086,SRC000333,2025学校別地区表示で各校の東毛・中毛・西毛所属を直接照合し、2026年の3地区リーグ資料で制度継続を確認。,2026-10-04
SCH002993,PRG002993,群馬県立藤岡工業高等学校,藤岡市,AREA000222,西毛地区,ASM000086,SRC000333,2025学校別地区表示で各校の東毛・中毛・西毛所属を直接照合し、2026年の3地区リーグ資料で制度継続を確認。,2026-10-04
SCH002994,PRG002994,群馬県立吉井高等学校,高崎市,AREA000222,西毛地区,ASM000086,SRC000333,2025学校別地区表示で各校の東毛・中毛・西毛所属を直接照合し、2026年の3地区リーグ資料で制度継続を確認。,2026-10-04
SCH002995,PRG002995,群馬県立長野原高等学校,長野原町,AREA000222,西毛地区,ASM000086,SRC000333,2025学校別地区表示で各校の東毛・中毛・西毛所属を直接照合し、2026年の3地区リーグ資料で制度継続を確認。 吾妻方面は野球地区では西毛として確認。,2026-10-04
SCH002996,PRG002996,群馬県立安中総合学園高等学校,安中市,AREA000222,西毛地区,ASM000086,SRC000333,2025学校別地区表示で各校の東毛・中毛・西毛所属を直接照合し、2026年の3地区リーグ資料で制度継続を確認。,2026-10-04
SCH002997,PRG002997,群馬県立藤岡中央高等学校,藤岡市,AREA000222,西毛地区,ASM000086,SRC000333,2025学校別地区表示で各校の東毛・中毛・西毛所属を直接照合し、2026年の3地区リーグ資料で制度継続を確認。,2026-10-04
SCH002998,PRG002998,群馬県立渋川高等学校,渋川市,AREA000221,中毛地区,ASM000086,SRC000333,2025学校別地区表示で各校の東毛・中毛・西毛所属を直接照合し、2026年の3地区リーグ資料で制度継続を確認。,2026-10-04
SCH002999,PRG002999,群馬県立新田暁高等学校,太田市,AREA000220,東毛地区,ASM000086,SRC000333,2025学校別地区表示で各校の東毛・中毛・西毛所属を直接照合し、2026年の3地区リーグ資料で制度継続を確認。,2026-10-04
SCH003000,PRG003000,関東学園大学附属高等学校,館林市,AREA000220,東毛地区,ASM000086,SRC000333,2025学校別地区表示で各校の東毛・中毛・西毛所属を直接照合し、2026年の3地区リーグ資料で制度継続を確認。,2026-10-04
SCH003001,PRG003001,群馬県立太田東高等学校,太田市,AREA000220,東毛地区,ASM000086,SRC000333,2025学校別地区表示で各校の東毛・中毛・西毛所属を直接照合し、2026年の3地区リーグ資料で制度継続を確認。,2026-10-04
SCH003002,PRG003002,群馬県立中央中等教育学校,高崎市,AREA000222,西毛地区,ASM000086,SRC000333,2025学校別地区表示で各校の東毛・中毛・西毛所属を直接照合し、2026年の3地区リーグ資料で制度継続を確認。,2026-10-04
SCH003003,PRG003003,群馬県立館林高等学校,館林市,AREA000220,東毛地区,ASM000086,SRC000333,2025学校別地区表示で各校の東毛・中毛・西毛所属を直接照合し、2026年の3地区リーグ資料で制度継続を確認。,2026-10-04
SCH003004,PRG003004,群馬県立太田高等学校,太田市,AREA000220,東毛地区,ASM000086,SRC000333,2025学校別地区表示で各校の東毛・中毛・西毛所属を直接照合し、2026年の3地区リーグ資料で制度継続を確認。,2026-10-04
SCH003005,PRG003005,群馬県立桐生清桜高等学校,桐生市,AREA000220,東毛地区,ASM000086,SRC000333,2025学校別地区表示で各校の東毛・中毛・西毛所属を直接照合し、2026年の3地区リーグ資料で制度継続を確認。,2026-10-04
SCH003006,PRG003006,群馬県立富岡実業高等学校,富岡市,AREA000222,西毛地区,ASM000086,SRC000333,2025学校別地区表示で各校の東毛・中毛・西毛所属を直接照合し、2026年の3地区リーグ資料で制度継続を確認。,2026-10-04
SCH003007,PRG003007,樹徳高等学校,桐生市,AREA000220,東毛地区,ASM000086,SRC000333,2025学校別地区表示で各校の東毛・中毛・西毛所属を直接照合し、2026年の3地区リーグ資料で制度継続を確認。,2026-10-04
SCH003008,PRG003008,群馬県立万場高等学校,神流町,AREA000222,西毛地区,ASM000086,SRC000333,2025学校別地区表示で各校の東毛・中毛・西毛所属を直接照合し、2026年の3地区リーグ資料で制度継続を確認。,2026-10-04
SCH003009,PRG003009,群馬県立嬬恋高等学校,嬬恋村,AREA000222,西毛地区,ASM000086,SRC000333,2025学校別地区表示で各校の東毛・中毛・西毛所属を直接照合し、2026年の3地区リーグ資料で制度継続を確認。 吾妻方面は野球地区では西毛として確認。,2026-10-04
SCH003010,PRG003010,群馬県立板倉高等学校,板倉町,AREA000220,東毛地区,ASM000086,SRC000333,2025学校別地区表示で各校の東毛・中毛・西毛所属を直接照合し、2026年の3地区リーグ資料で制度継続を確認。,2026-10-04
