prefecture_code,prefecture_name,school_id,program_id,federation_name,official_name,municipality,ownership_type,school_type,primary_source_id,tournament_reconciliation_source_id
06,山形県,SCH002220,PRG002220,山形東,山形県立山形東高等学校,山形市,prefectural,high_school,SRC000173,SRC000174
06,山形県,SCH002221,PRG002221,山形南,山形県立山形南高等学校,山形市,prefectural,high_school,SRC000173,SRC000174
06,山形県,SCH002222,PRG002222,山形工,山形県立山形工業高等学校,山形市,prefectural,high_school,SRC000173,SRC000174
06,山形県,SCH002223,PRG002223,山形中央,山形県立山形中央高等学校,山形市,prefectural,high_school,SRC000173,SRC000174
06,山形県,SCH002224,PRG002224,山形市商,山形市立商業高等学校,山形市,municipal,high_school,SRC000173,SRC000174
06,山形県,SCH002225,PRG002225,上山明新館,山形県立上山明新館高等学校,上山市,prefectural,high_school,SRC000173,SRC000174
06,山形県,SCH002226,PRG002226,天童,山形県立天童高等学校,天童市,prefectural,high_school,SRC000173,SRC000174
06,山形県,SCH002227,PRG002227,寒河江,山形県立寒河江高等学校,寒河江市,prefectural,high_school,SRC000173,SRC000174
06,山形県,SCH002228,PRG002228,寒河江工,山形県立寒河江工業高等学校,寒河江市,prefectural,high_school,SRC000173,SRC000174
06,山形県,SCH002229,PRG002229,谷地,山形県立谷地高等学校,河北町,prefectural,high_school,SRC000173,SRC000174
06,山形県,SCH002230,PRG002230,左沢,山形県立左沢高等学校,大江町,prefectural,high_school,SRC000173,SRC000174
06,山形県,SCH002231,PRG002231,日大山形,日本大学山形高等学校,山形市,private,high_school,SRC000173,SRC000174
06,山形県,SCH002232,PRG002232,創学館,創学館高等学校,山形市,private,high_school,SRC000173,SRC000174
06,山形県,SCH002233,PRG002233,東海大山形,東海大学山形高等学校,山形市,private,high_school,SRC000173,SRC000174
06,山形県,SCH002234,PRG002234,山形学院,山形学院高等学校,山形市,private,high_school,SRC000173,SRC000174
06,山形県,SCH002235,PRG002235,山形明正,山形明正高等学校,山形市,private,high_school,SRC000173,SRC000174
06,山形県,SCH002236,PRG002236,惺山,惺山高等学校,山形市,private,high_school,SRC000173,SRC000174
06,山形県,SCH002237,PRG002237,山形城北,東北文教大学山形城北高等学校,山形市,private,high_school,SRC000173,SRC000174
06,山形県,SCH002238,PRG002238,米沢興譲館,山形県立米沢興譲館高等学校,米沢市,prefectural,high_school,SRC000173,SRC000174
06,山形県,SCH002239,PRG002239,米沢東,山形県立米沢東高等学校,米沢市,prefectural,high_school,SRC000173,SRC000174
06,山形県,SCH002240,PRG002240,米沢鶴城,山形県立米沢鶴城高等学校,米沢市,prefectural,high_school,SRC000173,SRC000174
06,山形県,SCH002241,PRG002241,米沢中央,米沢中央高等学校,米沢市,private,high_school,SRC000173,SRC000174
06,山形県,SCH002242,PRG002242,九里学園,九里学園高等学校,米沢市,private,high_school,SRC000173,SRC000174
06,山形県,SCH002243,PRG002243,南陽,山形県立南陽高等学校,南陽市,prefectural,high_school,SRC000173,SRC000174
06,山形県,SCH002244,PRG002244,高畠,山形県立高畠高等学校,高畠町,prefectural,high_school,SRC000173,SRC000174
06,山形県,SCH002245,PRG002245,長井,山形県立長井高等学校,長井市,prefectural,high_school,SRC000173,SRC000174
06,山形県,SCH002246,PRG002246,長井工,山形県立長井工業高等学校,長井市,prefectural,high_school,SRC000173,SRC000174
06,山形県,SCH002247,PRG002247,東桜学館,山形県立東桜学館高等学校,東根市,prefectural,high_school,SRC000173,SRC000174
06,山形県,SCH002248,PRG002248,村山産,山形県立村山産業高等学校,村山市,prefectural,high_school,SRC000173,SRC000174
06,山形県,SCH002249,PRG002249,新庄志誠館,山形県立新庄志誠館高等学校,新庄市,prefectural,high_school,SRC000173,SRC000174
06,山形県,SCH002250,PRG002250,新庄神室産,山形県立新庄神室産業高等学校,新庄市,prefectural,high_school,SRC000173,SRC000174
06,山形県,SCH002251,PRG002251,新庄東,新庄東高等学校,新庄市,private,high_school,SRC000173,SRC000174
06,山形県,SCH002252,PRG002252,致道館,山形県立致道館高等学校,鶴岡市,prefectural,high_school,SRC000173,SRC000174
06,山形県,SCH002253,PRG002253,鶴岡中央,山形県立鶴岡中央高等学校,鶴岡市,prefectural,high_school,SRC000173,SRC000174
06,山形県,SCH002254,PRG002254,鶴岡工,山形県立鶴岡工業高等学校,鶴岡市,prefectural,high_school,SRC000173,SRC000174
06,山形県,SCH002255,PRG002255,鶴岡高専,鶴岡工業高等専門学校,鶴岡市,national,technical_college,SRC000173,SRC000174
06,山形県,SCH002256,PRG002256,鶴岡東,鶴岡東高等学校,鶴岡市,private,high_school,SRC000173,SRC000174
06,山形県,SCH002257,PRG002257,羽黒,羽黒高等学校,鶴岡市,private,high_school,SRC000173,SRC000174
06,山形県,SCH002258,PRG002258,酒田東,山形県立酒田東高等学校,酒田市,prefectural,high_school,SRC000173,SRC000174
06,山形県,SCH002259,PRG002259,酒田西,山形県立酒田西高等学校,酒田市,prefectural,high_school,SRC000173,SRC000174
06,山形県,SCH002260,PRG002260,酒田光陵,山形県立酒田光陵高等学校,酒田市,prefectural,high_school,SRC000173,SRC000174
06,山形県,SCH002261,PRG002261,酒田南,酒田南高等学校,酒田市,private,high_school,SRC000173,SRC000174
18,福井県,SCH002262,PRG002262,敦賀気比,敦賀気比高等学校,敦賀市,private,high_school,SRC000165,SRC000165
18,福井県,SCH002263,PRG002263,北陸,北陸高等学校,福井市,private,high_school,SRC000165,SRC000165
18,福井県,SCH002264,PRG002264,武生東,福井県立武生東高等学校,越前市,prefectural,high_school,SRC000165,SRC000165
18,福井県,SCH002265,PRG002265,福井農林,福井県立福井農林高等学校,福井市,prefectural,high_school,SRC000165,SRC000165
18,福井県,SCH002266,PRG002266,奥越明成,福井県立奥越明成高等学校,大野市,prefectural,high_school,SRC000165,SRC000165
18,福井県,SCH002267,PRG002267,藤島,福井県立藤島高等学校,福井市,prefectural,high_school,SRC000165,SRC000165
18,福井県,SCH002268,PRG002268,美方,福井県立美方高等学校,若狭町,prefectural,high_school,SRC000165,SRC000165
18,福井県,SCH002269,PRG002269,足羽,福井県立足羽高等学校,福井市,prefectural,high_school,SRC000165,SRC000165
18,福井県,SCH002270,PRG002270,鯖江,福井県立鯖江高等学校,鯖江市,prefectural,high_school,SRC000165,SRC000165
18,福井県,SCH002271,PRG002271,敦賀,福井県立敦賀高等学校,敦賀市,prefectural,high_school,SRC000165,SRC000165
18,福井県,SCH002272,PRG002272,科学技術,福井県立科学技術高等学校,福井市,prefectural,high_school,SRC000165,SRC000165
18,福井県,SCH002273,PRG002273,丸岡,福井県立丸岡高等学校,坂井市,prefectural,high_school,SRC000165,SRC000165
18,福井県,SCH002274,PRG002274,大野,福井県立大野高等学校,大野市,prefectural,high_school,SRC000165,SRC000165
18,福井県,SCH002275,PRG002275,若狭,福井県立若狭高等学校,小浜市,prefectural,high_school,SRC000165,SRC000165
18,福井県,SCH002276,PRG002276,福井工大福井,福井工業大学附属福井高等学校,福井市,private,high_school,SRC000165,SRC000165
18,福井県,SCH002277,PRG002277,高志,福井県立高志高等学校,福井市,prefectural,high_school,SRC000165,SRC000165
18,福井県,SCH002278,PRG002278,坂井,福井県立坂井高等学校,坂井市,prefectural,high_school,SRC000165,SRC000165
18,福井県,SCH002279,PRG002279,福井高専,福井工業高等専門学校,鯖江市,national,technical_college,SRC000165,SRC000165
18,福井県,SCH002280,PRG002280,啓新,啓新高等学校,福井市,private,high_school,SRC000165,SRC000165
18,福井県,SCH002281,PRG002281,三国,福井県立三国高等学校,坂井市,prefectural,high_school,SRC000165,SRC000165
18,福井県,SCH002282,PRG002282,武生商工,福井県立武生商工高等学校,越前市,prefectural,high_school,SRC000165,SRC000165
18,福井県,SCH002283,PRG002283,金津,福井県立金津高等学校,あわら市,prefectural,high_school,SRC000165,SRC000165
18,福井県,SCH002284,PRG002284,武生,福井県立武生高等学校,越前市,prefectural,high_school,SRC000165,SRC000165
18,福井県,SCH002285,PRG002285,羽水,福井県立羽水高等学校,福井市,prefectural,high_school,SRC000165,SRC000165
18,福井県,SCH002286,PRG002286,敦賀工,福井県立敦賀工業高等学校,敦賀市,prefectural,high_school,SRC000165,SRC000165
18,福井県,SCH002287,PRG002287,丹生,福井県立丹生高等学校,越前町,prefectural,high_school,SRC000165,SRC000165
18,福井県,SCH002288,PRG002288,勝山,福井県立勝山高等学校,勝山市,prefectural,high_school,SRC000165,SRC000165
18,福井県,SCH002289,PRG002289,福井商,福井県立福井商業高等学校,福井市,prefectural,high_school,SRC000165,SRC000165
37,香川県,SCH002290,PRG002290,四学大香川西,四国学院大学香川西高等学校,三豊市,private,high_school,SRC000169,SRC000170
37,香川県,SCH002291,PRG002291,大手前高松,大手前高松高等学校,高松市,private,high_school,SRC000169,SRC000170
37,香川県,SCH002292,PRG002292,寒川,寒川高等学校,さぬき市,private,high_school,SRC000169,SRC000170
37,香川県,SCH002293,PRG002293,尽誠学園,尽誠学園高等学校,善通寺市,private,high_school,SRC000169,SRC000170
37,香川県,SCH002294,PRG002294,英明,英明高等学校,高松市,private,high_school,SRC000169,SRC000170
37,香川県,SCH002295,PRG002295,三木,香川県立三木高等学校,三木町,prefectural,high_school,SRC000169,SRC000170
37,香川県,SCH002296,PRG002296,三本松,香川県立三本松高等学校,東かがわ市,prefectural,high_school,SRC000169,SRC000170
37,香川県,SCH002297,PRG002297,丸亀城西,香川県立丸亀城西高等学校,丸亀市,prefectural,high_school,SRC000169,SRC000170
37,香川県,SCH002298,PRG002298,丸亀,香川県立丸亀高等学校,丸亀市,prefectural,high_school,SRC000169,SRC000170
37,香川県,SCH002299,PRG002299,善通寺第一,香川県立善通寺第一高等学校,善通寺市,prefectural,high_school,SRC000169,SRC000170
37,香川県,SCH002300,PRG002300,坂出商,香川県立坂出商業高等学校,坂出市,prefectural,high_school,SRC000169,SRC000170
37,香川県,SCH002301,PRG002301,坂出工,香川県立坂出工業高等学校,坂出市,prefectural,high_school,SRC000169,SRC000170
37,香川県,SCH002302,PRG002302,坂出,香川県立坂出高等学校,坂出市,prefectural,high_school,SRC000169,SRC000170
37,香川県,SCH002303,PRG002303,多度津,香川県立多度津高等学校,多度津町,prefectural,high_school,SRC000169,SRC000170
37,香川県,SCH002304,PRG002304,小豆島中央,香川県立小豆島中央高等学校,小豆島町,prefectural,high_school,SRC000169,SRC000170
37,香川県,SCH002305,PRG002305,志度,香川県立志度高等学校,さぬき市,prefectural,high_school,SRC000169,SRC000170
37,香川県,SCH002306,PRG002306,津田,香川県立津田高等学校,さぬき市,prefectural,high_school,SRC000169,SRC000170
37,香川県,SCH002307,PRG002307,琴平,香川県立琴平高等学校,琴平町,prefectural,high_school,SRC000169,SRC000170
37,香川県,SCH002308,PRG002308,石田,香川県立石田高等学校,さぬき市,prefectural,high_school,SRC000169,SRC000170
37,香川県,SCH002309,PRG002309,笠田,香川県立笠田高等学校,三豊市,prefectural,high_school,SRC000169,SRC000170
37,香川県,SCH002310,PRG002310,観音寺第一,香川県立観音寺第一高等学校,観音寺市,prefectural,high_school,SRC000169,SRC000170
37,香川県,SCH002311,PRG002311,観音寺総合,香川県立観音寺総合高等学校,観音寺市,prefectural,high_school,SRC000169,SRC000170
37,香川県,SCH002312,PRG002312,飯山,香川県立飯山高等学校,丸亀市,prefectural,high_school,SRC000169,SRC000170
37,香川県,SCH002313,PRG002313,香川中央,香川県立香川中央高等学校,高松市,prefectural,high_school,SRC000169,SRC000170
37,香川県,SCH002314,PRG002314,高松北,香川県立高松北高等学校,高松市,prefectural,high_school,SRC000169,SRC000170
37,香川県,SCH002315,PRG002315,高松南,香川県立高松南高等学校,高松市,prefectural,high_school,SRC000169,SRC000170
37,香川県,SCH002316,PRG002316,高松商,香川県立高松商業高等学校,高松市,prefectural,high_school,SRC000169,SRC000170
37,香川県,SCH002317,PRG002317,高松工芸,香川県立高松工芸高等学校,高松市,prefectural,high_school,SRC000169,SRC000170
37,香川県,SCH002318,PRG002318,高松東,香川県立高松東高等学校,高松市,prefectural,high_school,SRC000169,SRC000170
37,香川県,SCH002319,PRG002319,高松桜井,香川県立高松桜井高等学校,高松市,prefectural,high_school,SRC000169,SRC000170
37,香川県,SCH002320,PRG002320,高松西,香川県立高松西高等学校,高松市,prefectural,high_school,SRC000169,SRC000170
37,香川県,SCH002321,PRG002321,高松,香川県立高松高等学校,高松市,prefectural,high_school,SRC000169,SRC000170
37,香川県,SCH002322,PRG002322,高瀬,香川県立高瀬高等学校,三豊市,prefectural,high_school,SRC000169,SRC000170
37,香川県,SCH002323,PRG002323,蓬莱,香川県蓬莱高等学校,丸亀市,private,high_school,SRC000169,SRC000170
37,香川県,SCH002324,PRG002324,香川高専高松,香川高等専門学校高松キャンパス,高松市,national,technical_college,SRC000169,SRC000170
37,香川県,SCH002325,PRG002325,高松中央,高松中央高等学校,高松市,private,high_school,SRC000169,SRC000170
37,香川県,SCH002326,PRG002326,高松第一,高松第一高等学校,高松市,municipal,high_school,SRC000169,SRC000170
41,佐賀県,SCH002327,PRG002327,佐賀商,佐賀県立佐賀商業高等学校,佐賀市,prefectural,high_school,SRC000168,SRC000168
41,佐賀県,SCH002328,PRG002328,唐津東,佐賀県立唐津東高等学校,唐津市,prefectural,high_school,SRC000168,SRC000168
41,佐賀県,SCH002329,PRG002329,伊万里,佐賀県立伊万里高等学校,伊万里市,prefectural,high_school,SRC000168,SRC000168
41,佐賀県,SCH002330,PRG002330,鳥栖,佐賀県立鳥栖高等学校,鳥栖市,prefectural,high_school,SRC000168,SRC000168
41,佐賀県,SCH002331,PRG002331,神埼清明,佐賀県立神埼清明高等学校,神埼市,prefectural,high_school,SRC000168,SRC000168
41,佐賀県,SCH002332,PRG002332,高志館,佐賀県立高志館高等学校,佐賀市,prefectural,high_school,SRC000168,SRC000168
41,佐賀県,SCH002333,PRG002333,嬉野,佐賀県立嬉野高等学校,嬉野市,prefectural,high_school,SRC000168,SRC000168
41,佐賀県,SCH002334,PRG002334,佐賀西,佐賀県立佐賀西高等学校,佐賀市,prefectural,high_school,SRC000168,SRC000168
41,佐賀県,SCH002335,PRG002335,唐津西,佐賀県立唐津西高等学校,唐津市,prefectural,high_school,SRC000168,SRC000168
41,佐賀県,SCH002336,PRG002336,龍谷,龍谷高等学校,佐賀市,private,high_school,SRC000168,SRC000168
41,佐賀県,SCH002337,PRG002337,厳木,佐賀県立厳木高等学校,唐津市,prefectural,high_school,SRC000168,SRC000168
41,佐賀県,SCH002338,PRG002338,太良,佐賀県立太良高等学校,太良町,prefectural,high_school,SRC000168,SRC000168
41,佐賀県,SCH002339,PRG002339,鳥栖商,佐賀県立鳥栖商業高等学校,鳥栖市,prefectural,high_school,SRC000168,SRC000168
41,佐賀県,SCH002340,PRG002340,早稲田佐賀,早稲田佐賀高等学校,唐津市,private,high_school,SRC000168,SRC000168
41,佐賀県,SCH002341,PRG002341,東明館,東明館高等学校,基山町,private,high_school,SRC000168,SRC000168
41,佐賀県,SCH002342,PRG002342,佐賀北,佐賀県立佐賀北高等学校,佐賀市,prefectural,high_school,SRC000168,SRC000168
41,佐賀県,SCH002343,PRG002343,唐津南,佐賀県立唐津南高等学校,唐津市,prefectural,high_school,SRC000168,SRC000168
41,佐賀県,SCH002344,PRG002344,伊万里実,佐賀県立伊万里実業高等学校,伊万里市,prefectural,high_school,SRC000168,SRC000168
41,佐賀県,SCH002345,PRG002345,小城,佐賀県立小城高等学校,小城市,prefectural,high_school,SRC000168,SRC000168
41,佐賀県,SCH002346,PRG002346,佐賀東,佐賀県立佐賀東高等学校,佐賀市,prefectural,high_school,SRC000168,SRC000168
41,佐賀県,SCH002347,PRG002347,唐津工,佐賀県立唐津工業高等学校,唐津市,prefectural,high_school,SRC000168,SRC000168
41,佐賀県,SCH002348,PRG002348,敬徳,敬徳高等学校,伊万里市,private,high_school,SRC000168,SRC000168
41,佐賀県,SCH002349,PRG002349,神埼,佐賀県立神埼高等学校,神埼市,prefectural,high_school,SRC000168,SRC000168
41,佐賀県,SCH002350,PRG002350,鳥栖工,佐賀県立鳥栖工業高等学校,鳥栖市,prefectural,high_school,SRC000168,SRC000168
41,佐賀県,SCH002351,PRG002351,白石,佐賀県立白石高等学校,白石町,prefectural,high_school,SRC000168,SRC000168
41,佐賀県,SCH002352,PRG002352,北陵,北陵高等学校,佐賀市,private,high_school,SRC000168,SRC000168
41,佐賀県,SCH002353,PRG002353,佐賀学園,佐賀学園高等学校,佐賀市,private,high_school,SRC000168,SRC000168
41,佐賀県,SCH002354,PRG002354,唐津商,佐賀県立唐津商業高等学校,唐津市,prefectural,high_school,SRC000168,SRC000168
41,佐賀県,SCH002355,PRG002355,佐賀農,佐賀県立佐賀農業高等学校,佐賀市,prefectural,high_school,SRC000168,SRC000168
41,佐賀県,SCH002356,PRG002356,致遠館,佐賀県立致遠館高等学校,佐賀市,prefectural,high_school,SRC000168,SRC000168
41,佐賀県,SCH002357,PRG002357,三養基,佐賀県立三養基高等学校,みやき町,prefectural,high_school,SRC000168,SRC000168
41,佐賀県,SCH002358,PRG002358,武雄,佐賀県立武雄高等学校,武雄市,prefectural,high_school,SRC000168,SRC000168
41,佐賀県,SCH002359,PRG002359,佐賀工,佐賀県立佐賀工業高等学校,佐賀市,prefectural,high_school,SRC000168,SRC000168
41,佐賀県,SCH002360,PRG002360,多久,佐賀県立多久高等学校,多久市,prefectural,high_school,SRC000168,SRC000168
41,佐賀県,SCH002361,PRG002361,鹿島,佐賀県立鹿島高等学校,鹿島市,prefectural,high_school,SRC000168,SRC000168
41,佐賀県,SCH002362,PRG002362,有田工,佐賀県立有田工業高等学校,有田町,prefectural,high_school,SRC000168,SRC000168
45,宮崎県,SCH002363,PRG002363,富島,宮崎県立富島高等学校,日向市,prefectural,high_school,SRC000171,SRC000172
45,宮崎県,SCH002364,PRG002364,延岡商,宮崎県立延岡商業高等学校,延岡市,prefectural,high_school,SRC000171,SRC000172
45,宮崎県,SCH002365,PRG002365,延岡工,宮崎県立延岡工業高等学校,延岡市,prefectural,high_school,SRC000171,SRC000172
45,宮崎県,SCH002366,PRG002366,延岡星雲,宮崎県立延岡星雲高等学校,延岡市,prefectural,high_school,SRC000171,SRC000172
45,宮崎県,SCH002367,PRG002367,延岡,宮崎県立延岡高等学校,延岡市,prefectural,high_school,SRC000171,SRC000172
45,宮崎県,SCH002368,PRG002368,日向工,宮崎県立日向工業高等学校,日向市,prefectural,high_school,SRC000171,SRC000172
45,宮崎県,SCH002369,PRG002369,日向,宮崎県立日向高等学校,日向市,prefectural,high_school,SRC000171,SRC000172
45,宮崎県,SCH002370,PRG002370,門川,宮崎県立門川高等学校,門川町,prefectural,high_school,SRC000171,SRC000172
45,宮崎県,SCH002371,PRG002371,高千穂,宮崎県立高千穂高等学校,高千穂町,prefectural,high_school,SRC000171,SRC000172
45,宮崎県,SCH002372,PRG002372,延岡学園,延岡学園高等学校,延岡市,private,high_school,SRC000171,SRC000172
45,宮崎県,SCH002373,PRG002373,聖心ウルスラ,聖心ウルスラ学園高等学校,延岡市,private,high_school,SRC000171,SRC000172
45,宮崎県,SCH002374,PRG002374,宮崎学園,宮崎学園高等学校,宮崎市,private,high_school,SRC000171,SRC000172
45,宮崎県,SCH002375,PRG002375,宮崎日大,宮崎日本大学高等学校,宮崎市,private,high_school,SRC000171,SRC000172
45,宮崎県,SCH002376,PRG002376,佐土原,宮崎県立佐土原高等学校,宮崎市,prefectural,high_school,SRC000171,SRC000172
45,宮崎県,SCH002377,PRG002377,妻,宮崎県立妻高等学校,西都市,prefectural,high_school,SRC000171,SRC000172
45,宮崎県,SCH002378,PRG002378,宮崎北,宮崎県立宮崎北高等学校,宮崎市,prefectural,high_school,SRC000171,SRC000172
45,宮崎県,SCH002379,PRG002379,宮崎南,宮崎県立宮崎南高等学校,宮崎市,prefectural,high_school,SRC000171,SRC000172
45,宮崎県,SCH002380,PRG002380,宮崎商,宮崎県立宮崎商業高等学校,宮崎市,prefectural,high_school,SRC000171,SRC000172
45,宮崎県,SCH002381,PRG002381,宮崎大宮,宮崎県立宮崎大宮高等学校,宮崎市,prefectural,high_school,SRC000171,SRC000172
45,宮崎県,SCH002382,PRG002382,宮崎工,宮崎県立宮崎工業高等学校,宮崎市,prefectural,high_school,SRC000171,SRC000172
45,宮崎県,SCH002383,PRG002383,宮崎海洋,宮崎県立宮崎海洋高等学校,宮崎市,prefectural,high_school,SRC000171,SRC000172
45,宮崎県,SCH002384,PRG002384,宮崎西,宮崎県立宮崎西高等学校,宮崎市,prefectural,high_school,SRC000171,SRC000172
45,宮崎県,SCH002385,PRG002385,宮崎農,宮崎県立宮崎農業高等学校,宮崎市,prefectural,high_school,SRC000171,SRC000172
45,宮崎県,SCH002386,PRG002386,本庄,宮崎県立本庄高等学校,国富町,prefectural,high_school,SRC000171,SRC000172
45,宮崎県,SCH002387,PRG002387,高鍋農,宮崎県立高鍋農業高等学校,高鍋町,prefectural,high_school,SRC000171,SRC000172
45,宮崎県,SCH002388,PRG002388,高鍋,宮崎県立高鍋高等学校,高鍋町,prefectural,high_school,SRC000171,SRC000172
45,宮崎県,SCH002389,PRG002389,宮崎第一,宮崎第一高等学校,宮崎市,private,high_school,SRC000171,SRC000172
45,宮崎県,SCH002390,PRG002390,日向学院,日向学院高等学校,宮崎市,private,high_school,SRC000171,SRC000172
45,宮崎県,SCH002391,PRG002391,日章学園,日章学園高等学校,宮崎市,private,high_school,SRC000171,SRC000172
45,宮崎県,SCH002392,PRG002392,鵬翔,鵬翔高等学校,宮崎市,private,high_school,SRC000171,SRC000172
45,宮崎県,SCH002393,PRG002393,都城高専,都城工業高等専門学校,都城市,national,technical_college,SRC000171,SRC000172
45,宮崎県,SCH002394,PRG002394,小林秀峰,宮崎県立小林秀峰高等学校,小林市,prefectural,high_school,SRC000171,SRC000172
45,宮崎県,SCH002395,PRG002395,小林,宮崎県立小林高等学校,小林市,prefectural,high_school,SRC000171,SRC000172
45,宮崎県,SCH002396,PRG002396,日南振徳,宮崎県立日南振徳高等学校,日南市,prefectural,high_school,SRC000171,SRC000172
45,宮崎県,SCH002397,PRG002397,日南,宮崎県立日南高等学校,日南市,prefectural,high_school,SRC000171,SRC000172
45,宮崎県,SCH002398,PRG002398,福島,宮崎県立福島高等学校,串間市,prefectural,high_school,SRC000171,SRC000172
45,宮崎県,SCH002399,PRG002399,都城商,宮崎県立都城商業高等学校,都城市,prefectural,high_school,SRC000171,SRC000172
45,宮崎県,SCH002400,PRG002400,都城工,宮崎県立都城工業高等学校,都城市,prefectural,high_school,SRC000171,SRC000172
45,宮崎県,SCH002401,PRG002401,都城泉ヶ丘,宮崎県立都城泉ヶ丘高等学校,都城市,prefectural,high_school,SRC000171,SRC000172
45,宮崎県,SCH002402,PRG002402,都城西,宮崎県立都城西高等学校,都城市,prefectural,high_school,SRC000171,SRC000172
45,宮崎県,SCH002403,PRG002403,都城農,宮崎県立都城農業高等学校,都城市,prefectural,high_school,SRC000171,SRC000172
45,宮崎県,SCH002404,PRG002404,飯野,宮崎県立飯野高等学校,えびの市,prefectural,high_school,SRC000171,SRC000172
45,宮崎県,SCH002405,PRG002405,高城,宮崎県立高城高等学校,都城市,prefectural,high_school,SRC000171,SRC000172
45,宮崎県,SCH002406,PRG002406,小林西,小林西高等学校,小林市,private,high_school,SRC000171,SRC000172
45,宮崎県,SCH002407,PRG002407,日南学園,日南学園高等学校,日南市,private,high_school,SRC000171,SRC000172
45,宮崎県,SCH002408,PRG002408,櫻美学園,櫻美学園高等学校,都城市,private,high_school,SRC000171,SRC000172
45,宮崎県,SCH002409,PRG002409,都城,都城高等学校,都城市,private,high_school,SRC000171,SRC000172
