prefecture_code,prefecture_name,school_id,program_id,federation_name,official_name,municipality,ownership_type,school_type,primary_source_id,resolution_type
27,大阪府,SCH003039,PRG003039,大阪教育大学附属高等学校池田校舎,大阪教育大学附属高等学校池田校舎,池田市,national,high_school,SRC000208,official_member_list_may_baseline
27,大阪府,SCH003040,PRG003040,大阪教育大学附属高等学校天王寺校舎,大阪教育大学附属高等学校天王寺校舎,大阪市,national,high_school,SRC000208,official_member_list_may_baseline
27,大阪府,SCH003041,PRG003041,大阪府立旭高等学校,大阪府立旭高等学校,大阪市,prefectural,high_school,SRC000208,official_member_list_may_baseline
27,大阪府,SCH003042,PRG003042,大阪府立阿武野高等学校,大阪府立阿武野高等学校,高槻市,prefectural,high_school,SRC000208,official_member_list_may_baseline
27,大阪府,SCH003043,PRG003043,大阪府立阿倍野高等学校,大阪府立阿倍野高等学校,大阪市,prefectural,high_school,SRC000208,official_member_list_may_baseline
27,大阪府,SCH003044,PRG003044,大阪府立生野高等学校,大阪府立生野高等学校,松原市,prefectural,high_school,SRC000208,official_member_list_may_baseline
27,大阪府,SCH003045,PRG003045,大阪府立池田高等学校,大阪府立池田高等学校,池田市,prefectural,high_school,SRC000208,official_member_list_may_baseline
27,大阪府,SCH003046,PRG003046,大阪府立和泉高等学校,大阪府立和泉高等学校,岸和田市,prefectural,high_school,SRC000208,official_member_list_may_baseline
27,大阪府,SCH003047,PRG003047,大阪府立泉大津高等学校,大阪府立泉大津高等学校,泉大津市,prefectural,high_school,SRC000208,official_member_list_may_baseline
27,大阪府,SCH003048,PRG003048,大阪府立和泉総合高等学校,大阪府立和泉総合高等学校,和泉市,prefectural,high_school,SRC000208,official_member_list_may_baseline
27,大阪府,SCH003049,PRG003049,大阪府立市岡高等学校,大阪府立市岡高等学校,大阪市,prefectural,high_school,SRC000208,official_member_list_may_baseline
27,大阪府,SCH003050,PRG003050,大阪府立いちりつ高等学校,大阪府立いちりつ高等学校,枚方市,prefectural,high_school,SRC000208,official_member_list_may_baseline
27,大阪府,SCH003051,PRG003051,大阪府立茨木高等学校,大阪府立茨木高等学校,茨木市,prefectural,high_school,SRC000208,official_member_list_may_baseline
27,大阪府,SCH003052,PRG003052,大阪府立今宮高等学校,大阪府立今宮高等学校,大阪市,prefectural,high_school,SRC000208,official_member_list_may_baseline
27,大阪府,SCH003053,PRG003053,大阪府立桜和高等学校,大阪府立桜和高等学校,大阪市,prefectural,high_school,SRC000208,official_member_list_may_baseline
27,大阪府,SCH003054,PRG003054,大阪府立大冠高等学校,大阪府立大冠高等学校,高槻市,prefectural,high_school,SRC000208,official_member_list_may_baseline
27,大阪府,SCH003055,PRG003055,大阪府立大阪ビジネスフロンティア高等学校,大阪府立大阪ビジネスフロンティア高等学校,大阪市,prefectural,high_school,SRC000208,official_member_list_may_baseline
27,大阪府,SCH003056,PRG003056,大阪府教育センター附属高等学校,大阪府教育センター附属高等学校,大阪市,prefectural,high_school,SRC000208,official_member_list_may_baseline
27,大阪府,SCH003057,PRG003057,大阪府立大塚高等学校,大阪府立大塚高等学校,松原市,prefectural,high_school,SRC000208,official_member_list_may_baseline
27,大阪府,SCH003058,PRG003058,大阪府立大手前高等学校,大阪府立大手前高等学校,大阪市,prefectural,high_school,SRC000208,official_member_list_may_baseline
27,大阪府,SCH003059,PRG003059,大阪府立鳳高等学校,大阪府立鳳高等学校,堺市,prefectural,high_school,SRC000208,official_member_list_may_baseline
27,大阪府,SCH003060,PRG003060,大阪府立貝塚高等学校,大阪府立貝塚高等学校,貝塚市,prefectural,high_school,SRC000208,official_member_list_may_baseline
27,大阪府,SCH003061,PRG003061,大阪府立貝塚南高等学校,大阪府立貝塚南高等学校,貝塚市,prefectural,high_school,SRC000208,official_member_list_may_baseline
27,大阪府,SCH003062,PRG003062,大阪府立懐風館高等学校,大阪府立懐風館高等学校,羽曳野市,prefectural,high_school,SRC000208,official_member_list_may_baseline
27,大阪府,SCH003063,PRG003063,大阪府立春日丘高等学校,大阪府立春日丘高等学校,茨木市,prefectural,high_school,SRC000208,official_member_list_may_baseline
27,大阪府,SCH003064,PRG003064,大阪府立交野高等学校,大阪府立交野高等学校,交野市,prefectural,high_school,SRC000208,official_member_list_may_baseline
27,大阪府,SCH003065,PRG003065,大阪府立門真なみはや高等学校,大阪府立門真なみはや高等学校,門真市,prefectural,high_school,SRC000208,official_member_list_may_baseline
27,大阪府,SCH003066,PRG003066,大阪府立門真西高等学校,大阪府立門真西高等学校,門真市,prefectural,high_school,SRC000208,official_member_list_may_baseline
27,大阪府,SCH003067,PRG003067,大阪府立河南高等学校,大阪府立河南高等学校,富田林市,prefectural,high_school,SRC000208,official_member_list_may_baseline
27,大阪府,SCH003068,PRG003068,大阪府立岸和田高等学校,大阪府立岸和田高等学校,岸和田市,prefectural,high_school,SRC000208,official_member_list_may_baseline
27,大阪府,SCH003069,PRG003069,大阪府立北かわち皐が丘高等学校,大阪府立北かわち皐が丘高等学校,寝屋川市,prefectural,high_school,SRC000208,official_member_list_may_baseline
27,大阪府,SCH003070,PRG003070,大阪府立北野高等学校,大阪府立北野高等学校,大阪市,prefectural,high_school,SRC000208,official_member_list_may_baseline
27,大阪府,SCH003071,PRG003071,大阪府立柴島高等学校,大阪府立柴島高等学校,大阪市,prefectural,high_school,SRC000208,official_member_list_may_baseline
27,大阪府,SCH003072,PRG003072,大阪府立久米田高等学校,大阪府立久米田高等学校,岸和田市,prefectural,high_school,SRC000208,official_member_list_may_baseline
27,大阪府,SCH003073,PRG003073,大阪府立高津高等学校,大阪府立高津高等学校,大阪市,prefectural,high_school,SRC000208,official_member_list_may_baseline
27,大阪府,SCH003074,PRG003074,大阪府立香里丘高等学校,大阪府立香里丘高等学校,枚方市,prefectural,high_school,SRC000208,official_member_list_may_baseline
27,大阪府,SCH003075,PRG003075,大阪府立金剛高等学校,大阪府立金剛高等学校,富田林市,prefectural,high_school,SRC000208,official_member_list_may_baseline
27,大阪府,SCH003076,PRG003076,大阪府立堺上高等学校,大阪府立堺上高等学校,堺市,prefectural,high_school,SRC000208,official_member_list_may_baseline
27,大阪府,SCH003077,PRG003077,大阪府立堺西高等学校,大阪府立堺西高等学校,堺市,prefectural,high_school,SRC000208,official_member_list_may_baseline
27,大阪府,SCH003078,PRG003078,大阪府立堺東高等学校,大阪府立堺東高等学校,堺市,prefectural,high_school,SRC000208,official_member_list_may_baseline
27,大阪府,SCH003079,PRG003079,大阪府立咲くやこの花高等学校,大阪府立咲くやこの花高等学校,大阪市,prefectural,high_school,SRC000208,official_member_list_may_baseline
27,大阪府,SCH003080,PRG003080,大阪府立桜塚高等学校,大阪府立桜塚高等学校,豊中市,prefectural,high_school,SRC000208,official_member_list_may_baseline
27,大阪府,SCH003081,PRG003081,大阪府立桜宮高等学校,大阪府立桜宮高等学校,大阪市,prefectural,high_school,SRC000208,official_member_list_may_baseline
27,大阪府,SCH003082,PRG003082,大阪府立佐野高等学校,大阪府立佐野高等学校,泉佐野市,prefectural,high_school,SRC000208,official_member_list_may_baseline
27,大阪府,SCH003083,PRG003083,大阪府立狭山高等学校,大阪府立狭山高等学校,大阪狭山市,prefectural,high_school,SRC000208,official_member_list_may_baseline
27,大阪府,SCH003084,PRG003084,大阪府立四條畷高等学校,大阪府立四條畷高等学校,四條畷市,prefectural,high_school,SRC000208,official_member_list_may_baseline
27,大阪府,SCH003085,PRG003085,大阪府立信太高等学校,大阪府立信太高等学校,和泉市,prefectural,high_school,SRC000208,official_member_list_may_baseline
27,大阪府,SCH003086,PRG003086,大阪府立渋谷高等学校,大阪府立渋谷高等学校,池田市,prefectural,high_school,SRC000208,official_member_list_may_baseline
27,大阪府,SCH003087,PRG003087,大阪府立清水谷高等学校,大阪府立清水谷高等学校,大阪市,prefectural,high_school,SRC000208,official_member_list_may_baseline
27,大阪府,SCH003088,PRG003088,大阪府立吹田高等学校,大阪府立吹田高等学校,吹田市,prefectural,high_school,SRC000208,official_member_list_may_baseline
27,大阪府,SCH003089,PRG003089,大阪府立住吉高等学校,大阪府立住吉高等学校,大阪市,prefectural,high_school,SRC000208,official_member_list_may_baseline
27,大阪府,SCH003090,PRG003090,大阪府立成城高等学校,大阪府立成城高等学校,大阪市,prefectural,high_school,SRC000208,official_member_list_may_baseline
27,大阪府,SCH003091,PRG003091,大阪府立成美高等学校,大阪府立成美高等学校,堺市,prefectural,high_school,SRC000208,official_member_list_may_baseline
27,大阪府,SCH003092,PRG003092,大阪府立摂津高等学校,大阪府立摂津高等学校,摂津市,prefectural,high_school,SRC000208,official_member_list_may_baseline
27,大阪府,SCH003093,PRG003093,大阪府立泉陽高等学校,大阪府立泉陽高等学校,堺市,prefectural,high_school,SRC000208,official_member_list_may_baseline
27,大阪府,SCH003094,PRG003094,大阪府立千里高等学校,大阪府立千里高等学校,吹田市,prefectural,high_school,SRC000208,official_member_list_may_baseline
27,大阪府,SCH003095,PRG003095,大阪府立千里青雲高等学校,大阪府立千里青雲高等学校,豊中市,prefectural,high_school,SRC000208,official_member_list_may_baseline
27,大阪府,SCH003096,PRG003096,大阪府立高石高等学校,大阪府立高石高等学校,高石市,prefectural,high_school,SRC000208,official_member_list_may_baseline
27,大阪府,SCH003097,PRG003097,大阪府立高槻北高等学校,大阪府立高槻北高等学校,高槻市,prefectural,high_school,SRC000208,official_member_list_may_baseline
27,大阪府,SCH003098,PRG003098,大阪府立槻の木高等学校,大阪府立槻の木高等学校,高槻市,prefectural,high_school,SRC000208,official_member_list_may_baseline
27,大阪府,SCH003099,PRG003099,大阪府立豊島高等学校,大阪府立豊島高等学校,豊中市,prefectural,high_school,SRC000208,official_member_list_may_baseline
27,大阪府,SCH003100,PRG003100,大阪府立天王寺高等学校,大阪府立天王寺高等学校,大阪市,prefectural,high_school,SRC000208,official_member_list_may_baseline
27,大阪府,SCH003101,PRG003101,大阪府立刀根山高等学校,大阪府立刀根山高等学校,豊中市,prefectural,high_school,SRC000208,official_member_list_may_baseline
27,大阪府,SCH003102,PRG003102,大阪府立登美丘高等学校,大阪府立登美丘高等学校,堺市,prefectural,high_school,SRC000208,official_member_list_may_baseline
27,大阪府,SCH003103,PRG003103,大阪府立豊中高等学校,大阪府立豊中高等学校,豊中市,prefectural,high_school,SRC000208,official_member_list_may_baseline
27,大阪府,SCH003104,PRG003104,大阪府立富田林高等学校,大阪府立富田林高等学校,富田林市,prefectural,high_school,SRC000208,official_member_list_may_baseline
27,大阪府,SCH003105,PRG003105,大阪府立長野高等学校,大阪府立長野高等学校,河内長野市,prefectural,high_school,SRC000208,official_member_list_may_baseline
27,大阪府,SCH003106,PRG003106,大阪府立長吉高等学校,大阪府立長吉高等学校,大阪市,prefectural,high_school,SRC000208,official_member_list_may_baseline
27,大阪府,SCH003107,PRG003107,大阪府立西成高等学校,大阪府立西成高等学校,大阪市,prefectural,high_school,SRC000208,official_member_list_may_baseline
27,大阪府,SCH003108,PRG003108,大阪府立寝屋川高等学校,大阪府立寝屋川高等学校,寝屋川市,prefectural,high_school,SRC000208,official_member_list_may_baseline
27,大阪府,SCH003109,PRG003109,大阪府立野崎高等学校,大阪府立野崎高等学校,大東市,prefectural,high_school,SRC000208,official_member_list_may_baseline
27,大阪府,SCH003110,PRG003110,大阪府立伯太高等学校,大阪府立伯太高等学校,和泉市,prefectural,high_school,SRC000208,official_member_list_may_baseline
27,大阪府,SCH003111,PRG003111,大阪府立花園高等学校,大阪府立花園高等学校,東大阪市,prefectural,high_school,SRC000208,official_member_list_may_baseline
27,大阪府,SCH003112,PRG003112,大阪府立汎愛高等学校,大阪府立汎愛高等学校,大阪市,prefectural,high_school,SRC000208,official_member_list_may_baseline
27,大阪府,SCH003113,PRG003113,大阪府立阪南高等学校,大阪府立阪南高等学校,大阪市,prefectural,high_school,SRC000208,official_member_list_may_baseline
27,大阪府,SCH003114,PRG003114,大阪府立東高等学校,大阪府立東高等学校,大阪市,prefectural,high_school,SRC000208,official_member_list_may_baseline
27,大阪府,SCH003115,PRG003115,大阪府立東住吉高等学校,大阪府立東住吉高等学校,大阪市,prefectural,high_school,SRC000208,official_member_list_may_baseline
27,大阪府,SCH003116,PRG003116,大阪府立東住吉総合高等学校,大阪府立東住吉総合高等学校,大阪市,prefectural,high_school,SRC000208,official_member_list_may_baseline
27,大阪府,SCH003117,PRG003117,大阪府立東淀川高等学校,大阪府立東淀川高等学校,大阪市,prefectural,high_school,SRC000208,official_member_list_may_baseline
27,大阪府,SCH003118,PRG003118,大阪府立枚方津田高等学校,大阪府立枚方津田高等学校,枚方市,prefectural,high_school,SRC000208,official_member_list_may_baseline
27,大阪府,SCH003119,PRG003119,大阪府立枚方なぎさ高等学校,大阪府立枚方なぎさ高等学校,枚方市,prefectural,high_school,SRC000208,official_member_list_may_baseline
27,大阪府,SCH003120,PRG003120,大阪府立福井高等学校,大阪府立福井高等学校,茨木市,prefectural,high_school,SRC000208,official_member_list_may_baseline
27,大阪府,SCH003121,PRG003121,大阪府立藤井寺高等学校,大阪府立藤井寺高等学校,藤井寺市,prefectural,high_school,SRC000208,official_member_list_may_baseline
27,大阪府,SCH003122,PRG003122,大阪府立布施高等学校,大阪府立布施高等学校,東大阪市,prefectural,high_school,SRC000208,official_member_list_may_baseline
27,大阪府,SCH003123,PRG003123,大阪府立布施北高等学校,大阪府立布施北高等学校,東大阪市,prefectural,high_school,SRC000208,official_member_list_may_baseline
27,大阪府,SCH003124,PRG003124,大阪府立北摂つばさ高等学校,大阪府立北摂つばさ高等学校,茨木市,prefectural,high_school,SRC000208,official_member_list_may_baseline
27,大阪府,SCH003125,PRG003125,大阪府立牧野高等学校,大阪府立牧野高等学校,枚方市,prefectural,high_school,SRC000208,official_member_list_may_baseline
27,大阪府,SCH003126,PRG003126,大阪府立松原高等学校,大阪府立松原高等学校,松原市,prefectural,high_school,SRC000208,official_member_list_may_baseline
27,大阪府,SCH003127,PRG003127,大阪府立三国丘高等学校,大阪府立三国丘高等学校,堺市,prefectural,high_school,SRC000208,official_member_list_may_baseline
27,大阪府,SCH003128,PRG003128,大阪府立岬高等学校,大阪府立岬高等学校,岬町,prefectural,high_school,SRC000208,official_member_list_may_baseline
27,大阪府,SCH003129,PRG003129,大阪府立三島高等学校,大阪府立三島高等学校,高槻市,prefectural,high_school,SRC000208,official_member_list_may_baseline
27,大阪府,SCH003130,PRG003130,大阪府立みどり清朋高等学校,大阪府立みどり清朋高等学校,東大阪市,prefectural,high_school,SRC000208,official_member_list_may_baseline
27,大阪府,SCH003131,PRG003131,大阪府立港高等学校,大阪府立港高等学校,大阪市,prefectural,high_school,SRC000208,official_member_list_may_baseline
27,大阪府,SCH003132,PRG003132,大阪府立箕面東高等学校,大阪府立箕面東高等学校,箕面市,prefectural,high_school,SRC000208,official_member_list_may_baseline
27,大阪府,SCH003133,PRG003133,大阪府立守口東高等学校,大阪府立守口東高等学校,守口市,prefectural,high_school,SRC000208,official_member_list_may_baseline
27,大阪府,SCH003134,PRG003134,大阪府立八尾高等学校,大阪府立八尾高等学校,八尾市,prefectural,high_school,SRC000208,official_member_list_may_baseline
27,大阪府,SCH003135,PRG003135,大阪府立八尾北高等学校,大阪府立八尾北高等学校,八尾市,prefectural,high_school,SRC000208,official_member_list_may_baseline
27,大阪府,SCH003136,PRG003136,大阪府立八尾翠翔高等学校,大阪府立八尾翠翔高等学校,八尾市,prefectural,high_school,SRC000208,official_member_list_may_baseline
27,大阪府,SCH003137,PRG003137,大阪府立山田高等学校,大阪府立山田高等学校,吹田市,prefectural,high_school,SRC000208,official_member_list_may_baseline
27,大阪府,SCH003138,PRG003138,大阪府立山本高等学校,大阪府立山本高等学校,八尾市,prefectural,high_school,SRC000208,official_member_list_may_baseline
27,大阪府,SCH003139,PRG003139,大阪府立夕陽丘高等学校,大阪府立夕陽丘高等学校,大阪市,prefectural,high_school,SRC000208,official_member_list_may_baseline
27,大阪府,SCH003140,PRG003140,大阪府立淀川清流高等学校,大阪府立淀川清流高等学校,大阪市,prefectural,high_school,SRC000208,official_member_list_may_baseline
27,大阪府,SCH003141,PRG003141,大阪府立緑風冠高等学校,大阪府立緑風冠高等学校,大東市,prefectural,high_school,SRC000208,official_member_list_may_baseline
27,大阪府,SCH003142,PRG003142,大阪府立りんくう翔南高等学校,大阪府立りんくう翔南高等学校,泉南市,prefectural,high_school,SRC000208,official_member_list_may_baseline
27,大阪府,SCH003143,PRG003143,大阪府立大正白稜高等学校,大阪府立大正白稜高等学校,大阪市,prefectural,high_school,SRC000208,official_member_list_may_baseline
27,大阪府,SCH003144,PRG003144,東大阪市立日新高等学校,東大阪市立日新高等学校,東大阪市,municipal,high_school,SRC000208,official_member_list_may_baseline
27,大阪府,SCH003145,PRG003145,岸和田市立産業高等学校,岸和田市立産業高等学校,岸和田市,municipal,high_school,SRC000208,official_member_list_may_baseline
27,大阪府,SCH003146,PRG003146,堺市立堺高等学校,堺市立堺高等学校,堺市,municipal,high_school,SRC000208,official_member_list_may_baseline
27,大阪府,SCH003147,PRG003147,上宮高等学校,上宮高等学校,大阪市,private,high_school,SRC000208,official_member_list_may_baseline
27,大阪府,SCH003148,PRG003148,上宮太子高等学校,上宮太子高等学校,太子町,private,high_school,SRC000208,official_member_list_may_baseline
27,大阪府,SCH003149,PRG003149,英真学園高等学校,英真学園高等学校,大阪市,private,high_school,SRC000208,official_member_list_may_baseline
27,大阪府,SCH003150,PRG003150,追手門学院高等学校,追手門学院高等学校,茨木市,private,high_school,SRC000208,official_member_list_may_baseline
27,大阪府,SCH003151,PRG003151,大阪高等学校,大阪高等学校,大阪市,private,high_school,SRC000208,official_member_list_may_baseline
27,大阪府,SCH003152,PRG003152,大阪偕星学園高等学校,大阪偕星学園高等学校,大阪市,private,high_school,SRC000208,official_member_list_may_baseline
27,大阪府,SCH003153,PRG003153,大阪学院大学高等学校,大阪学院大学高等学校,吹田市,private,high_school,SRC000208,official_member_list_may_baseline
27,大阪府,SCH003154,PRG003154,大阪学芸高等学校,大阪学芸高等学校,大阪市,private,high_school,SRC000208,official_member_list_may_baseline
27,大阪府,SCH003155,PRG003155,大阪国際高等学校,大阪国際高等学校,守口市,private,high_school,SRC000208,official_member_list_may_baseline
27,大阪府,SCH003156,PRG003156,大阪産業大学附属高等学校,大阪産業大学附属高等学校,大阪市,private,high_school,SRC000208,official_member_list_may_baseline
27,大阪府,SCH003157,PRG003157,大阪商業大学高等学校,大阪商業大学高等学校,東大阪市,private,high_school,SRC000208,official_member_list_may_baseline
27,大阪府,SCH003158,PRG003158,大阪商業大学堺高等学校,大阪商業大学堺高等学校,堺市,private,high_school,SRC000208,official_member_list_may_baseline
27,大阪府,SCH003159,PRG003159,大阪星光学院高等学校,大阪星光学院高等学校,大阪市,private,high_school,SRC000208,official_member_list_may_baseline
27,大阪府,SCH003160,PRG003160,大阪青凌高等学校,大阪青凌高等学校,島本町,private,high_school,SRC000208,official_member_list_may_baseline
27,大阪府,SCH003161,PRG003161,大阪体育大学浪商高等学校,大阪体育大学浪商高等学校,熊取町,private,high_school,SRC000208,official_member_list_may_baseline
27,大阪府,SCH003162,PRG003162,大阪電気通信大学高等学校,大阪電気通信大学高等学校,寝屋川市,private,high_school,SRC000208,official_member_list_may_baseline
27,大阪府,SCH003163,PRG003163,大阪桐蔭高等学校,大阪桐蔭高等学校,大東市,private,high_school,SRC000208,official_member_list_may_baseline
27,大阪府,SCH003164,PRG003164,利晶学園大阪立命館高等学校,利晶学園大阪立命館高等学校,堺市,private,high_school,SRC000208,official_member_list_may_baseline
27,大阪府,SCH003165,PRG003165,開明高等学校,開明高等学校,大阪市,private,high_school,SRC000208,official_member_list_may_baseline
27,大阪府,SCH003166,PRG003166,関西大倉高等学校,関西大倉高等学校,茨木市,private,high_school,SRC000208,official_member_list_may_baseline
27,大阪府,SCH003167,PRG003167,関西創価高等学校,関西創価高等学校,交野市,private,high_school,SRC000208,official_member_list_may_baseline
27,大阪府,SCH003168,PRG003168,関西大学第一高等学校,関西大学第一高等学校,吹田市,private,high_school,SRC000208,official_member_list_may_baseline
27,大阪府,SCH003169,PRG003169,関西大学北陽高等学校,関西大学北陽高等学校,大阪市,private,high_school,SRC000208,official_member_list_may_baseline
27,大阪府,SCH003170,PRG003170,近畿大学泉州高等学校,近畿大学泉州高等学校,岸和田市,private,high_school,SRC000208,official_member_list_may_baseline
27,大阪府,SCH003171,PRG003171,近畿大学附属高等学校,近畿大学附属高等学校,東大阪市,private,high_school,SRC000208,official_member_list_may_baseline
27,大阪府,SCH003172,PRG003172,興國高等学校,興國高等学校,大阪市,private,high_school,SRC000208,official_member_list_may_baseline
27,大阪府,SCH003173,PRG003173,金光大阪高等学校,金光大阪高等学校,高槻市,private,high_school,SRC000208,official_member_list_may_baseline
27,大阪府,SCH003174,PRG003174,金光八尾高等学校,金光八尾高等学校,八尾市,private,high_school,SRC000208,official_member_list_may_baseline
27,大阪府,SCH003175,PRG003175,常翔学園高等学校,常翔学園高等学校,大阪市,private,high_school,SRC000208,official_member_list_may_baseline
27,大阪府,SCH003176,PRG003176,常翔啓光学園高等学校,常翔啓光学園高等学校,枚方市,private,high_school,SRC000208,official_member_list_may_baseline
27,大阪府,SCH003177,PRG003177,精華高等学校,精華高等学校,堺市,private,high_school,SRC000208,official_member_list_may_baseline
27,大阪府,SCH003178,PRG003178,清教学園高等学校,清教学園高等学校,河内長野市,private,high_school,SRC000208,official_member_list_may_baseline
27,大阪府,SCH003179,PRG003179,星翔高等学校,星翔高等学校,摂津市,private,high_school,SRC000208,official_member_list_may_baseline
27,大阪府,SCH003180,PRG003180,大商学園高等学校,大商学園高等学校,豊中市,private,high_school,SRC000208,official_member_list_may_baseline
27,大阪府,SCH003181,PRG003181,太成学院大学高等学校,太成学院大学高等学校,大東市,private,high_school,SRC000208,official_member_list_may_baseline
27,大阪府,SCH003182,PRG003182,高槻高等学校,高槻高等学校,高槻市,private,high_school,SRC000208,official_member_list_may_baseline
27,大阪府,SCH003183,PRG003183,東海大学付属大阪仰星高等学校,東海大学付属大阪仰星高等学校,枚方市,private,high_school,SRC000208,official_member_list_may_baseline
27,大阪府,SCH003184,PRG003184,同志社香里高等学校,同志社香里高等学校,寝屋川市,private,high_school,SRC000208,official_member_list_may_baseline
27,大阪府,SCH003185,PRG003185,浪速高等学校,浪速高等学校,大阪市,private,high_school,SRC000208,official_member_list_may_baseline
27,大阪府,SCH003186,PRG003186,羽衣学園高等学校,羽衣学園高等学校,高石市,private,high_school,SRC000208,official_member_list_may_baseline
27,大阪府,SCH003187,PRG003187,阪南大学高等学校,阪南大学高等学校,松原市,private,high_school,SRC000208,official_member_list_may_baseline
27,大阪府,SCH003188,PRG003188,東大阪大学柏原高等学校,東大阪大学柏原高等学校,柏原市,private,high_school,SRC000208,official_member_list_may_baseline
27,大阪府,SCH003189,PRG003189,箕面学園高等学校,箕面学園高等学校,箕面市,private,high_school,SRC000208,official_member_list_may_baseline
27,大阪府,SCH003190,PRG003190,箕面自由学園高等学校,箕面自由学園高等学校,豊中市,private,high_school,SRC000208,official_member_list_may_baseline
27,大阪府,SCH003191,PRG003191,明星高等学校,明星高等学校,大阪市,private,high_school,SRC000208,official_member_list_may_baseline
27,大阪府,SCH003192,PRG003192,桃山学院高等学校,桃山学院高等学校,大阪市,private,high_school,SRC000208,official_member_list_may_baseline
27,大阪府,SCH003193,PRG003193,履正社高等学校,履正社高等学校,豊中市,private,high_school,SRC000208,official_member_list_may_baseline
27,大阪府,SCH003194,PRG003194,早稲田大阪高等学校,早稲田大阪高等学校,茨木市,private,high_school,SRC000208,official_member_list_may_baseline
27,大阪府,SCH003195,PRG003195,大阪府立淀商業高等学校,大阪府立淀商業高等学校,大阪市,prefectural,high_school,SRC000208,official_member_list_may_baseline
27,大阪府,SCH003196,PRG003196,大阪公立大学工業高等専門学校,大阪公立大学工業高等専門学校,寝屋川市,municipal,technical_college,SRC000208,official_member_list_may_baseline
27,大阪府,SCH003197,PRG003197,大阪府立茨木工科高等学校,大阪府立茨木工科高等学校,茨木市,prefectural,high_school,SRC000208,official_member_list_may_baseline
27,大阪府,SCH003198,PRG003198,大阪府立今宮工科高等学校,大阪府立今宮工科高等学校,大阪市,prefectural,high_school,SRC000208,official_member_list_may_baseline
27,大阪府,SCH003199,PRG003199,大阪府立堺工科高等学校,大阪府立堺工科高等学校,堺市,prefectural,high_school,SRC000208,official_member_list_may_baseline
27,大阪府,SCH003200,PRG003200,大阪府立佐野工科高等学校,大阪府立佐野工科高等学校,泉佐野市,prefectural,high_school,SRC000208,official_member_list_may_baseline
27,大阪府,SCH003201,PRG003201,大阪府立西野田工科高等学校,大阪府立西野田工科高等学校,大阪市,prefectural,high_school,SRC000208,official_member_list_may_baseline
27,大阪府,SCH003202,PRG003202,大阪府立藤井寺工科高等学校,大阪府立藤井寺工科高等学校,藤井寺市,prefectural,high_school,SRC000208,official_member_list_may_baseline
27,大阪府,SCH003203,PRG003203,大阪府立都島工業高等学校,大阪府立都島工業高等学校,大阪市,prefectural,high_school,SRC000208,official_member_list_may_baseline
27,大阪府,SCH003204,PRG003204,大阪府立淀川工科高等学校,大阪府立淀川工科高等学校,大阪市,prefectural,high_school,SRC000208,official_member_list_may_baseline
27,大阪府,SCH003205,PRG003205,大阪府立泉尾工業高等学校,大阪府立泉尾工業高等学校,大阪市,prefectural,high_school,SRC000208,official_member_list_may_baseline
27,大阪府,SCH003206,PRG003206,大阪府立城東工科高等学校,大阪府立城東工科高等学校,東大阪市,prefectural,high_school,SRC000208,official_member_list_may_baseline
27,大阪府,SCH003207,PRG003207,大阪府立東淀工業高等学校,大阪府立東淀工業高等学校,大阪市,prefectural,high_school,SRC000208,official_member_list_may_baseline
27,大阪府,SCH003208,PRG003208,大阪府立園芸高等学校,大阪府立園芸高等学校,池田市,prefectural,high_school,SRC000208,official_member_list_may_baseline
27,大阪府,SCH003209,PRG003209,大阪府立農芸高等学校,大阪府立農芸高等学校,堺市,prefectural,high_school,SRC000208,official_member_list_may_baseline
27,大阪府,SCH003210,PRG003210,大阪府立東大阪みらい工科高等学校,大阪府立東大阪みらい工科高等学校,東大阪市,prefectural,high_school,SRC000208,official_member_list_may_baseline
