format_phase_id,format_model_id,phase_sequence,phase_code,phase_name,phase_format,entrant_selector,partition_method,match_generation_rule,result_selector,output_channel,next_phase_participant_policy,ranking_effect,notes
FPH001,FMT001,1,BLOCK_KO,代表ブロックトーナメント,single_elimination,eligible_group_entrants,split_into_N_blocks_where_N=output_slots,generate_independent_knockout_per_block,block_winner,qualified_or_seeded,none,block_winners,
FPH002,FMT002,1,PRIMARY,本戦,single_elimination,eligible_group_entrants,source_draw,generate_primary_knockout,primary_representatives,provisional_output,primary_losers_preserved,primary_qualifiers,
FPH003,FMT002,2,REPECHAGE,敗者復活,single_elimination,primary_nonqualifiers,source_repechage_draw,generate_repechage_until_quota,repechage_representatives,qualified,eliminate_nonwinners,fill_remaining_quota,
FPH004,FMT003,1,PRIMARY,一次予選,source_defined_knockout_or_pool,eligible_group_entrants,source_partition,generate_primary_phase,primary_qualified_and_unresolved,provisional_output,unresolved_carried,primary_results,
FPH005,FMT003,2,SECONDARY,二次予選,conditional_matches,primary_unresolved,condition_from_primary_record,generate_only_required_deciders,secondary_representatives,qualified,eliminate_nonwinners,fill_group_quota,
FPH006,FMT004,1,PRIMARY_TOP4,一次・上位4校確定,single_elimination,eligible_group_entrants,source_draw,run_until_top4_protected,top4,qualified_protected,remaining_eligible_for_secondary,4_protected,
FPH007,FMT004,2,PROTECTED_RANKING,上位4校順位決定,single_elimination,top4,fixed_four,semifinal_final_or_rank_deciders,ranked_top4,seed_metadata,none,ranking_only,
FPH008,FMT004,3,SECONDARY,二次代表決定,single_elimination,nonprotected_entrants,split_into_remaining_slot_blocks,generate_block_knockouts,block_winners,qualified,eliminate_nonwinners,remaining_slots,
FPH009,FMT005,1,PRIMARY_GLOBAL,全県一次予選,single_elimination,all_eligible_prefecture_entrants,competition_global_draw,generate_global_bracket_forest,primary_qualifiers,qualified,all_nonqualifiers_preserved,primary_qualifier_slots,
FPH010,FMT005,2,REPECHAGE_GLOBAL,全県敗者復活,single_elimination,primary_nonqualifiers,separate_global_redraw,generate_global_repechage_forest,repechage_qualifiers,qualified,eliminate_nonwinners,repechage_qualifier_slots,
FPH011,FMT006,1,POOL_RR,地区リーグ,round_robin,eligible_group_entrants,partition_into_3_or_4_team_pools,all_play_all_within_pool,4team_top2_and_3team_top1,qualified_plus_playoff_candidates,remaining_eliminated,direct_pool_slots,
FPH012,FMT006,2,CROSS_PLAYOFF,補充代表決定戦,single_elimination,runnerups_of_paired_3team_pools,paired_pools,one_match_per_pair,winner,qualified,loser_eliminated,supplemental_slots,
FPH013,FMT007,1,MAIN_KO,支部トーナメント,single_elimination,eligible_group_entrants,source_draw,run_until_four_survivors,top4,qualified,others_eliminated,top4,
FPH014,FMT007,2,RANKING,順位決定,single_elimination,top4,fixed_four,semifinal_final_and_optional_3rd,rank1_to_rank4,ranking_metadata,none,ranking_only,
FPH015,FMT008,1,SEED_PHASE,一次・シード決定,source_defined_knockout,eligible_group_entrants,source_draw,generate_seed_determination,seed_metadata,carry_to_main_phase,none,seeding_only,
FPH016,FMT008,2,MAIN_KO,二次・本予選,single_elimination,all_group_entrants,seeded_draw,run_through_quarterfinals,quarterfinal_winners,qualified,quarterfinal_losers_to_rep,4_guaranteed,
FPH017,FMT008,3,REP_DECIDERS,5・6位代表決定,single_elimination,quarterfinal_losers,pair_losers,two_rep_deciders,winners,qualified,losers_eliminated,2_additional,
FPH018,FMT008,4,RANKING,上位4順位決定,single_elimination,quarterfinal_winners,fixed_four,semifinal_final,rank1_to_rank4,ranking_metadata,none,ranking_only,
FPH019,FMT009,1,SEED_KO,地区シード決め,single_elimination,eligible_group_entrants,source_draw,generate_knockout_until_seed_slots_ranked,top_n_by_rank,seeded,others_unseeded,ranked_seed_pool,
FPH020,FMT010,1,PRIMARY_BLOCKS,一次ブロック,single_elimination,eligible_group_entrants,multiple_small_blocks,determine_block_rank1_and_rank2,rank1_and_rank2,secondary_entrants,others_eliminated,two_cohorts,
FPH021,FMT010,2,SECONDARY,二次トーナメント,single_elimination,primary_rank1_and_rank2,cohort_aware_draw,generate_rank1_final_and_rank2_secondary,top_group_quota,qualified,others_eliminated,qualified_and_ranked,
FPH022,FMT011,1,PRIMARY_LEAGUE,一次リーグ,round_robin,eligible_group_entrants,multiple_pools,all_play_all,pool_qualifiers,secondary_entrants,others_eliminated,pool_qualifiers,
FPH023,FMT011,2,SECONDARY,二次トーナメント,single_elimination,pool_qualifiers,source_draw,generate_secondary_knockout,top_group_quota,qualified,others_eliminated,qualified_and_ranked,
FPH024,FMT012,1,PRIMARY_ZONES,一次ゾーン,single_elimination,eligible_group_entrants,zones,independent_zone_knockouts,zone_survivors,secondary_entrants,others_eliminated,zone_survivors,
FPH025,FMT012,2,SECONDARY,決勝・順位決定,single_elimination,zone_survivors,ranking_brackets,generate_final_and_placement_brackets,top_group_quota,qualified,others_eliminated,qualified_and_ranked,
FPH026,FMT013,1,PRIMARY_LEAGUE,一次リーグ,round_robin,eligible_group_entrants,multiple_pools,all_play_all,top2_each_pool,secondary_entrants,others_eliminated,2_per_pool,
FPH027,FMT013,2,SECONDARY,二次トーナメント,single_elimination,top2_each_pool,source_draw,generate_secondary_and_placement,top_group_quota,qualified,others_eliminated,qualified_and_ranked,
FPH028,FMT014,1,PRIMARY,一次トーナメント,single_elimination,eligible_group_entrants,primary_forest,generate_primary,primary_survivors,secondary_entrants,others_eliminated,primary_survivors,
FPH029,FMT014,2,SECONDARY,二次トーナメント,single_elimination,primary_survivors,source_draw,generate_secondary_and_placement,top_group_quota,qualified,others_eliminated,qualified_and_ranked,
FPH030,FMT015,1,PRIMARY,一次トーナメント,single_elimination,eligible_group_entrants,primary_forest,generate_primary,primary_survivors,secondary_entrants,losers_to_repechage,primary_survivors,
FPH031,FMT015,2,PRIMARY_REPECHAGE,一次敗者復活,single_elimination,primary_losers,repechage_draw,generate_repechage,repechage_survivors,secondary_entrants,others_eliminated,repechage_survivors,
FPH032,FMT015,3,SECONDARY,二次トーナメント,single_elimination,primary_and_repechage_survivors,source_draw,generate_secondary_plus_loser_path_if_required,top_group_quota,qualified,others_eliminated,qualified_and_ranked,
FPH033,FMT016,1,PRIMARY,一次予選,single_elimination,eligible_group_entrants,source_draw,generate_primary_rep_paths,direct_representatives,qualified,nonqualifiers_to_secondary,primary_slots,
FPH034,FMT016,2,SECONDARY,二次予選,single_elimination,primary_nonqualifiers,repechage_or_rep_draw,generate_secondary_rep_paths,secondary_representatives,qualified,others_eliminated,remaining_slots,
FPH035,FMT017,1,ZONE_RR,ゾーンリーグ,round_robin,eligible_group_entrants,multiple_zones,all_play_all,zone_rank1_and_rank2,placement_candidates,lower_ranks_eliminated,zone_standings,
FPH036,FMT017,2,FIRST_PLACE_PLAYOFF,1位代表決定,single_elimination,configured_zone_winners,parameter_driven_pairs,generate_if_configured,first_place_representatives,qualified,loser_may_become_second_place_candidate,first_place_slots,
FPH037,FMT017,3,SECOND_PLACE_PLAYOFF,2位代表決定,single_elimination,configured_second_place_candidates,parameter_driven_pairs,generate_rep_deciders,second_place_representatives,qualified,losers_eliminated,second_place_slots,
FPH038,FMT018,1,PRIMARY_SEED_KO,シード順位本戦,single_elimination,eligible_group_entrants,source_draw,determine_rank1_and_rank2,rank1_rank2,seeded,losers_to_repechage,top2,
FPH039,FMT018,2,SEED_REPECHAGE,第3シード敗者復活,single_elimination,configured_primary_losers,source_draw,determine_remaining_seed_cohort,rank3_cohort,seeded,others_unseeded,remaining_seed_slots,
FPH040,FMT019,1,PRIMARY_LEAGUES,一次リーグ,round_robin,eligible_group_entrants,multiple_pools,all_play_all,pool_ranked_teams,ranking_phase,lower_ranks_unseeded,ranked_pool_results,
FPH041,FMT019,2,RANKING,順位別リーグ・決定戦,round_robin_or_decider,pool_ranked_teams,rank_class_partition,generate_rank_class_games,ranked_seed_pool,seeded,others_unseeded,seed_tiers,
FPH042,FMT020,1,PRIMARY_SEED_KO,本戦,single_elimination,eligible_group_entrants,source_draw,determine_rank1_and_rank2,rank1_rank2,seeded,others_to_third_seed_bracket,top2,
FPH043,FMT020,2,THIRD_SEED,第3シード決定,single_elimination,eligible_nonfinalists,source_draw,generate_third_seed_bracket,two_rank3_seeds,seeded,others_unseeded,rank3_cohort,
FPH044,FMT021,1,DISTRICT_RR,地区リーグ,round_robin,eligible_group_entrants,district_subgroups,all_play_all,district_ranked_teams,cross_decider_candidates,lower_ranks_unseeded,district_standings,
FPH045,FMT021,2,CROSS_DECIDERS,合同シード決定,single_elimination,ranked_candidates,cross_district_pairing,generate_seed_deciders,ranked_seed_pool,seeded,others_unseeded,seed_tiers,
FPH046,FMT022,1,CENTRAL_KO,中央大会,single_elimination,central_event_entrants,single_bracket,run_until_semifinalists_identified,quarterfinal_winners,seeded,quarterfinal_losers_unseeded,top4_seed_pool,
FPH047,FMT023,1,DISTRICT_KO,地区大会,single_elimination,eligible_group_entrants,single_bracket,run_to_placement_needed_for_N,top_n_by_placement,seeded,others_unseeded,top_n_seed_pool,
FPH048,FMT024,1,SEED_KO,シード決め,single_elimination,eligible_group_entrants,single_bracket,run_until_N_seed_positions_resolved,top_n,seeded,others_unseeded,top_n_seed_pool,
FPH049,FMT025,1,PRIMARY,予選本戦,single_elimination,eligible_group_entrants,source_draw,generate_primary_paths,primary_representatives,provisional_output,losers_to_repechage,primary_slots,
FPH050,FMT025,2,REPECHAGE,敗者復活,single_elimination,primary_nonqualifiers,source_draw,generate_repechage,repechage_representatives,qualified,others_eliminated,remaining_slots,
FPH051,FMT025,3,RANKING,順位決定,single_elimination,qualified_teams,source_ranking_draw,generate_only_if_rank_order_required,ranked_qualifiers,ranking_metadata,none,ranking_only,
FPH052,FMT026,1,GATE_ROUND,1次トーナメント,single_elimination,all_registered_teams_minus_seed_bypass,pair_all_nonseed_entrants,generate_one_match_per_pair,all_match_winners,next_stage_entrants,losers_eliminated,gate_winners,
