main_engine_policy_id,reference_year,competition_id,prefecture_code,season_segment,stage_id,format_type,entrant_resolution,seed_resolution,draw_policy,bye_policy,winner_resolution,result_contract,persistence_contract,official_draw_status,engine_readiness,notes
MEP000001,2026,CMP000004,01,spring,STG000004,single_elimination,pre_main_qualifier_outputs_plus_direct_access,annual_override_optional,annual_exact_slots_else_deterministic_standard_seed_spread,fixed_power_of_two_first_round_only,annual_match_override_else_seeded_resolver,champion_runnerup_semifinalists_quarterfinalists_full_ranking,summary_json+matches_csv+placements_csv,annual_exact_draw_not_required_for_simulation,ready,公式年度の厳密な抽選位置が与えられた場合はannual slot overrideで再現。未入力時は公式抽選規則を推測せず標準seed分散抽選をseed再現可能に生成。
MEP000002,2026,CMP000013,01,autumn,STG000013,single_elimination,pre_main_qualifier_outputs_plus_direct_access,annual_override_optional,annual_exact_slots_else_deterministic_standard_seed_spread,fixed_power_of_two_first_round_only,annual_match_override_else_seeded_resolver,champion_runnerup_semifinalists_quarterfinalists_full_ranking,summary_json+matches_csv+placements_csv,annual_exact_draw_not_required_for_simulation,ready,公式年度の厳密な抽選位置が与えられた場合はannual slot overrideで再現。未入力時は公式抽選規則を推測せず標準seed分散抽選をseed再現可能に生成。
MEP000003,2026,CMP000072,02,spring,STG000072,single_elimination,annual_entrants_after_seed_event_metadata,structured_seed_assignments_plus_annual_override,annual_exact_slots_else_deterministic_standard_seed_spread,fixed_power_of_two_first_round_only,annual_match_override_else_seeded_resolver,champion_runnerup_semifinalists_quarterfinalists_full_ranking,summary_json+matches_csv+placements_csv,annual_exact_draw_not_required_for_simulation,ready,公式年度の厳密な抽選位置が与えられた場合はannual slot overrideで再現。未入力時は公式抽選規則を推測せず標準seed分散抽選をseed再現可能に生成。
MEP000004,2026,CMP000073,02,autumn,STG000073,single_elimination,annual_entrants_after_seed_event_metadata,structured_seed_assignments_plus_annual_override,annual_exact_slots_else_deterministic_standard_seed_spread,fixed_power_of_two_first_round_only,annual_match_override_else_seeded_resolver,champion_runnerup_semifinalists_quarterfinalists_full_ranking,summary_json+matches_csv+placements_csv,annual_exact_draw_not_required_for_simulation,ready,公式年度の厳密な抽選位置が与えられた場合はannual slot overrideで再現。未入力時は公式抽選規則を推測せず標準seed分散抽選をseed再現可能に生成。
MEP000005,2026,CMP000074,03,spring,STG000074,single_elimination,pre_main_qualifier_outputs_plus_direct_access,annual_override_optional,annual_exact_slots_else_deterministic_standard_seed_spread,fixed_power_of_two_first_round_only,annual_match_override_else_seeded_resolver,champion_runnerup_semifinalists_quarterfinalists_full_ranking,summary_json+matches_csv+placements_csv,annual_exact_draw_not_required_for_simulation,ready,公式年度の厳密な抽選位置が与えられた場合はannual slot overrideで再現。未入力時は公式抽選規則を推測せず標準seed分散抽選をseed再現可能に生成。
MEP000006,2026,CMP000075,03,autumn,STG000075,single_elimination,pre_main_qualifier_outputs_plus_direct_access,annual_override_optional,annual_exact_slots_else_deterministic_standard_seed_spread,fixed_power_of_two_first_round_only,annual_match_override_else_seeded_resolver,champion_runnerup_semifinalists_quarterfinalists_full_ranking,summary_json+matches_csv+placements_csv,annual_exact_draw_not_required_for_simulation,ready,公式年度の厳密な抽選位置が与えられた場合はannual slot overrideで再現。未入力時は公式抽選規則を推測せず標準seed分散抽選をseed再現可能に生成。
MEP000007,2026,CMP000076,04,spring,STG000076,single_elimination,pre_main_qualifier_outputs_plus_direct_access,annual_override_optional,annual_exact_slots_else_deterministic_standard_seed_spread,fixed_power_of_two_first_round_only,annual_match_override_else_seeded_resolver,champion_runnerup_semifinalists_quarterfinalists_full_ranking,summary_json+matches_csv+placements_csv,annual_exact_draw_not_required_for_simulation,ready,公式年度の厳密な抽選位置が与えられた場合はannual slot overrideで再現。未入力時は公式抽選規則を推測せず標準seed分散抽選をseed再現可能に生成。
MEP000008,2026,CMP000077,04,autumn,STG000077,single_elimination,pre_main_qualifier_outputs_plus_direct_access,annual_override_optional,annual_exact_slots_else_deterministic_standard_seed_spread,fixed_power_of_two_first_round_only,annual_match_override_else_seeded_resolver,champion_runnerup_semifinalists_quarterfinalists_full_ranking,summary_json+matches_csv+placements_csv,annual_exact_draw_not_required_for_simulation,ready,公式年度の厳密な抽選位置が与えられた場合はannual slot overrideで再現。未入力時は公式抽選規則を推測せず標準seed分散抽選をseed再現可能に生成。
MEP000009,2026,CMP000078,05,spring,STG000078,single_elimination,annual_entrant_list,annual_override_optional,annual_exact_slots_else_deterministic_standard_seed_spread,fixed_power_of_two_first_round_only,annual_match_override_else_seeded_resolver,champion_runnerup_semifinalists_quarterfinalists_full_ranking,summary_json+matches_csv+placements_csv,annual_exact_draw_not_required_for_simulation,ready,公式年度の厳密な抽選位置が与えられた場合はannual slot overrideで再現。未入力時は公式抽選規則を推測せず標準seed分散抽選をseed再現可能に生成。
MEP000010,2026,CMP000079,05,autumn,STG000079,single_elimination,annual_entrant_list,annual_override_optional,annual_exact_slots_else_deterministic_standard_seed_spread,fixed_power_of_two_first_round_only,annual_match_override_else_seeded_resolver,champion_runnerup_semifinalists_quarterfinalists_full_ranking,summary_json+matches_csv+placements_csv,annual_exact_draw_not_required_for_simulation,ready,公式年度の厳密な抽選位置が与えられた場合はannual slot overrideで再現。未入力時は公式抽選規則を推測せず標準seed分散抽選をseed再現可能に生成。
MEP000011,2026,CMP000080,06,spring,STG000080,single_elimination,annual_entrant_list,annual_override_optional,annual_exact_slots_else_deterministic_standard_seed_spread,fixed_power_of_two_first_round_only,annual_match_override_else_seeded_resolver,champion_runnerup_semifinalists_quarterfinalists_full_ranking,summary_json+matches_csv+placements_csv,annual_exact_draw_not_required_for_simulation,ready,公式年度の厳密な抽選位置が与えられた場合はannual slot overrideで再現。未入力時は公式抽選規則を推測せず標準seed分散抽選をseed再現可能に生成。
MEP000012,2026,CMP000081,06,autumn,STG000081,single_elimination,annual_entrant_list,annual_override_optional,annual_exact_slots_else_deterministic_standard_seed_spread,fixed_power_of_two_first_round_only,annual_match_override_else_seeded_resolver,champion_runnerup_semifinalists_quarterfinalists_full_ranking,summary_json+matches_csv+placements_csv,annual_exact_draw_not_required_for_simulation,ready,公式年度の厳密な抽選位置が与えられた場合はannual slot overrideで再現。未入力時は公式抽選規則を推測せず標準seed分散抽選をseed再現可能に生成。
MEP000013,2026,CMP000082,07,spring,STG000082,single_elimination,pre_main_qualifier_outputs_plus_direct_access,annual_override_optional,annual_exact_slots_else_deterministic_standard_seed_spread,fixed_power_of_two_first_round_only,annual_match_override_else_seeded_resolver,champion_runnerup_semifinalists_quarterfinalists_full_ranking,summary_json+matches_csv+placements_csv,annual_exact_draw_not_required_for_simulation,ready,公式年度の厳密な抽選位置が与えられた場合はannual slot overrideで再現。未入力時は公式抽選規則を推測せず標準seed分散抽選をseed再現可能に生成。
MEP000014,2026,CMP000083,07,autumn,STG000083,single_elimination,pre_main_qualifier_outputs_plus_direct_access,annual_override_optional,annual_exact_slots_else_deterministic_standard_seed_spread,fixed_power_of_two_first_round_only,annual_match_override_else_seeded_resolver,champion_runnerup_semifinalists_quarterfinalists_full_ranking,summary_json+matches_csv+placements_csv,annual_exact_draw_not_required_for_simulation,ready,公式年度の厳密な抽選位置が与えられた場合はannual slot overrideで再現。未入力時は公式抽選規則を推測せず標準seed分散抽選をseed再現可能に生成。
MEP000015,2026,CMP000084,08,spring,STG000084,single_elimination,pre_main_qualifier_outputs_plus_direct_access,annual_override_optional,annual_exact_slots_else_deterministic_standard_seed_spread,fixed_power_of_two_first_round_only,annual_match_override_else_seeded_resolver,champion_runnerup_semifinalists_quarterfinalists_full_ranking,summary_json+matches_csv+placements_csv,annual_exact_draw_not_required_for_simulation,ready,公式年度の厳密な抽選位置が与えられた場合はannual slot overrideで再現。未入力時は公式抽選規則を推測せず標準seed分散抽選をseed再現可能に生成。
MEP000016,2026,CMP000085,08,autumn,STG000085,single_elimination,pre_main_qualifier_outputs_plus_direct_access,annual_override_optional,annual_exact_slots_else_deterministic_standard_seed_spread,fixed_power_of_two_first_round_only,annual_match_override_else_seeded_resolver,champion_runnerup_semifinalists_quarterfinalists_full_ranking,summary_json+matches_csv+placements_csv,annual_exact_draw_not_required_for_simulation,ready,公式年度の厳密な抽選位置が与えられた場合はannual slot overrideで再現。未入力時は公式抽選規則を推測せず標準seed分散抽選をseed再現可能に生成。
MEP000017,2026,CMP000086,09,spring,STG000086,single_elimination,annual_entrant_list,annual_override_optional,annual_exact_slots_else_deterministic_standard_seed_spread,fixed_power_of_two_first_round_only,annual_match_override_else_seeded_resolver,champion_runnerup_semifinalists_quarterfinalists_full_ranking,summary_json+matches_csv+placements_csv,annual_exact_draw_not_required_for_simulation,ready,公式年度の厳密な抽選位置が与えられた場合はannual slot overrideで再現。未入力時は公式抽選規則を推測せず標準seed分散抽選をseed再現可能に生成。
MEP000018,2026,CMP000087,09,autumn,STG000087,single_elimination,annual_entrant_list,annual_override_optional,annual_exact_slots_else_deterministic_standard_seed_spread,fixed_power_of_two_first_round_only,annual_match_override_else_seeded_resolver,champion_runnerup_semifinalists_quarterfinalists_full_ranking,summary_json+matches_csv+placements_csv,annual_exact_draw_not_required_for_simulation,ready,公式年度の厳密な抽選位置が与えられた場合はannual slot overrideで再現。未入力時は公式抽選規則を推測せず標準seed分散抽選をseed再現可能に生成。
MEP000019,2026,CMP000088,10,spring,STG000088,single_elimination,annual_entrant_list,annual_override_optional,annual_exact_slots_else_deterministic_standard_seed_spread,fixed_power_of_two_first_round_only,annual_match_override_else_seeded_resolver,champion_runnerup_semifinalists_quarterfinalists_full_ranking,summary_json+matches_csv+placements_csv,annual_exact_draw_not_required_for_simulation,ready,公式年度の厳密な抽選位置が与えられた場合はannual slot overrideで再現。未入力時は公式抽選規則を推測せず標準seed分散抽選をseed再現可能に生成。
MEP000020,2026,CMP000089,10,autumn,STG000089,single_elimination,annual_entrant_list,annual_override_optional,annual_exact_slots_else_deterministic_standard_seed_spread,fixed_power_of_two_first_round_only,annual_match_override_else_seeded_resolver,champion_runnerup_semifinalists_quarterfinalists_full_ranking,summary_json+matches_csv+placements_csv,annual_exact_draw_not_required_for_simulation,ready,公式年度の厳密な抽選位置が与えられた場合はannual slot overrideで再現。未入力時は公式抽選規則を推測せず標準seed分散抽選をseed再現可能に生成。
MEP000021,2026,CMP000090,11,spring,STG000090,single_elimination,pre_main_qualifier_outputs_plus_direct_access,annual_override_optional,annual_exact_slots_else_deterministic_standard_seed_spread,fixed_power_of_two_first_round_only,annual_match_override_else_seeded_resolver,champion_runnerup_semifinalists_quarterfinalists_full_ranking,summary_json+matches_csv+placements_csv,annual_exact_draw_not_required_for_simulation,ready,公式年度の厳密な抽選位置が与えられた場合はannual slot overrideで再現。未入力時は公式抽選規則を推測せず標準seed分散抽選をseed再現可能に生成。
MEP000022,2026,CMP000091,11,autumn,STG000091,single_elimination,pre_main_qualifier_outputs_plus_direct_access,annual_override_optional,annual_exact_slots_else_deterministic_standard_seed_spread,fixed_power_of_two_first_round_only,annual_match_override_else_seeded_resolver,champion_runnerup_semifinalists_quarterfinalists_full_ranking,summary_json+matches_csv+placements_csv,annual_exact_draw_not_required_for_simulation,ready,公式年度の厳密な抽選位置が与えられた場合はannual slot overrideで再現。未入力時は公式抽選規則を推測せず標準seed分散抽選をseed再現可能に生成。
MEP000023,2026,CMP000092,12,spring,STG000092,single_elimination,pre_main_qualifier_outputs_plus_direct_access,annual_override_optional,annual_exact_slots_else_deterministic_standard_seed_spread,fixed_power_of_two_first_round_only,annual_match_override_else_seeded_resolver,champion_runnerup_semifinalists_quarterfinalists_full_ranking,summary_json+matches_csv+placements_csv,annual_exact_draw_not_required_for_simulation,ready,公式年度の厳密な抽選位置が与えられた場合はannual slot overrideで再現。未入力時は公式抽選規則を推測せず標準seed分散抽選をseed再現可能に生成。
MEP000024,2026,CMP000093,12,autumn,STG000093,single_elimination,pre_main_qualifier_outputs_plus_direct_access,annual_override_optional,annual_exact_slots_else_deterministic_standard_seed_spread,fixed_power_of_two_first_round_only,annual_match_override_else_seeded_resolver,champion_runnerup_semifinalists_quarterfinalists_full_ranking,summary_json+matches_csv+placements_csv,annual_exact_draw_not_required_for_simulation,ready,公式年度の厳密な抽選位置が与えられた場合はannual slot overrideで再現。未入力時は公式抽選規則を推測せず標準seed分散抽選をseed再現可能に生成。
MEP000025,2026,CMP000094,13,spring,STG000094,single_elimination,preliminary_outputs_plus_prior_autumn_main_direct_access,none,annual_exact_slots_else_deterministic_standard_seed_spread,fixed_power_of_two_first_round_only,annual_match_override_else_seeded_resolver,champion_runnerup_semifinalists_quarterfinalists_full_ranking,summary_json+matches_csv+placements_csv,annual_exact_draw_not_required_for_simulation,ready,Stage 12H: 一次予選47代表＋前年秋本大会出場64校＝本大会111校。
MEP000026,2026,CMP000016,13,autumn,STG000016,single_elimination,annual_entrant_list,annual_override_optional,annual_exact_slots_else_deterministic_standard_seed_spread,fixed_power_of_two_first_round_only,annual_match_override_else_seeded_resolver,champion_runnerup_semifinalists_quarterfinalists_full_ranking,summary_json+matches_csv+placements_csv,annual_exact_draw_not_required_for_simulation,ready,公式年度の厳密な抽選位置が与えられた場合はannual slot overrideで再現。未入力時は公式抽選規則を推測せず標準seed分散抽選をseed再現可能に生成。
MEP000027,2026,CMP000095,14,spring,STG000095,single_elimination,pre_main_qualifier_outputs_plus_direct_access,annual_override_optional,annual_exact_slots_else_deterministic_standard_seed_spread,fixed_power_of_two_first_round_only,annual_match_override_else_seeded_resolver,champion_runnerup_semifinalists_quarterfinalists_full_ranking,summary_json+matches_csv+placements_csv,annual_exact_draw_not_required_for_simulation,ready,公式年度の厳密な抽選位置が与えられた場合はannual slot overrideで再現。未入力時は公式抽選規則を推測せず標準seed分散抽選をseed再現可能に生成。
MEP000028,2026,CMP000096,14,autumn,STG000096,single_elimination,pre_main_qualifier_outputs_plus_direct_access,annual_override_optional,annual_exact_slots_else_deterministic_standard_seed_spread,fixed_power_of_two_first_round_only,annual_match_override_else_seeded_resolver,champion_runnerup_semifinalists_quarterfinalists_full_ranking,summary_json+matches_csv+placements_csv,annual_exact_draw_not_required_for_simulation,ready,公式年度の厳密な抽選位置が与えられた場合はannual slot overrideで再現。未入力時は公式抽選規則を推測せず標準seed分散抽選をseed再現可能に生成。
MEP000029,2026,CMP000097,15,spring,STG000097,single_elimination,annual_entrant_list,annual_override_optional,annual_exact_slots_else_deterministic_standard_seed_spread,fixed_power_of_two_first_round_only,annual_match_override_else_seeded_resolver,champion_runnerup_semifinalists_quarterfinalists_full_ranking,summary_json+matches_csv+placements_csv,annual_exact_draw_not_required_for_simulation,ready,公式年度の厳密な抽選位置が与えられた場合はannual slot overrideで再現。未入力時は公式抽選規則を推測せず標準seed分散抽選をseed再現可能に生成。
MEP000030,2026,CMP000098,15,autumn,STG000098,single_elimination,annual_entrant_list,annual_override_optional,annual_exact_slots_else_deterministic_standard_seed_spread,fixed_power_of_two_first_round_only,annual_match_override_else_seeded_resolver,champion_runnerup_semifinalists_quarterfinalists_full_ranking,summary_json+matches_csv+placements_csv,annual_exact_draw_not_required_for_simulation,ready,公式年度の厳密な抽選位置が与えられた場合はannual slot overrideで再現。未入力時は公式抽選規則を推測せず標準seed分散抽選をseed再現可能に生成。
MEP000031,2026,CMP000099,16,spring,STG000099,single_elimination,annual_entrant_list,annual_override_optional,annual_exact_slots_else_deterministic_standard_seed_spread,fixed_power_of_two_first_round_only,annual_match_override_else_seeded_resolver,champion_runnerup_semifinalists_quarterfinalists_full_ranking,summary_json+matches_csv+placements_csv,annual_exact_draw_not_required_for_simulation,ready,公式年度の厳密な抽選位置が与えられた場合はannual slot overrideで再現。未入力時は公式抽選規則を推測せず標準seed分散抽選をseed再現可能に生成。
MEP000032,2026,CMP000100,16,autumn,STG000100,single_elimination,annual_entrant_list,annual_override_optional,annual_exact_slots_else_deterministic_standard_seed_spread,fixed_power_of_two_first_round_only,annual_match_override_else_seeded_resolver,champion_runnerup_semifinalists_quarterfinalists_full_ranking,summary_json+matches_csv+placements_csv,annual_exact_draw_not_required_for_simulation,ready,公式年度の厳密な抽選位置が与えられた場合はannual slot overrideで再現。未入力時は公式抽選規則を推測せず標準seed分散抽選をseed再現可能に生成。
MEP000033,2026,CMP000101,17,spring,STG000101,single_elimination,annual_entrant_list,annual_override_optional,annual_exact_slots_else_deterministic_standard_seed_spread,fixed_power_of_two_first_round_only,annual_match_override_else_seeded_resolver,champion_runnerup_semifinalists_quarterfinalists_full_ranking,summary_json+matches_csv+placements_csv,annual_exact_draw_not_required_for_simulation,ready,公式年度の厳密な抽選位置が与えられた場合はannual slot overrideで再現。未入力時は公式抽選規則を推測せず標準seed分散抽選をseed再現可能に生成。
MEP000034,2026,CMP000102,17,autumn,STG000102,single_elimination,annual_entrant_list,annual_override_optional,annual_exact_slots_else_deterministic_standard_seed_spread,fixed_power_of_two_first_round_only,annual_match_override_else_seeded_resolver,champion_runnerup_semifinalists_quarterfinalists_full_ranking,summary_json+matches_csv+placements_csv,annual_exact_draw_not_required_for_simulation,ready,公式年度の厳密な抽選位置が与えられた場合はannual slot overrideで再現。未入力時は公式抽選規則を推測せず標準seed分散抽選をseed再現可能に生成。
MEP000035,2026,CMP000103,18,spring,STG000103,single_elimination,annual_entrant_list,annual_override_optional,annual_exact_slots_else_deterministic_standard_seed_spread,fixed_power_of_two_first_round_only,annual_match_override_else_seeded_resolver,champion_runnerup_semifinalists_quarterfinalists_full_ranking,summary_json+matches_csv+placements_csv,annual_exact_draw_not_required_for_simulation,ready,公式年度の厳密な抽選位置が与えられた場合はannual slot overrideで再現。未入力時は公式抽選規則を推測せず標準seed分散抽選をseed再現可能に生成。
MEP000036,2026,CMP000104,18,autumn,STG000104,single_elimination,annual_entrant_list,annual_override_optional,annual_exact_slots_else_deterministic_standard_seed_spread,fixed_power_of_two_first_round_only,annual_match_override_else_seeded_resolver,champion_runnerup_semifinalists_quarterfinalists_full_ranking,summary_json+matches_csv+placements_csv,annual_exact_draw_not_required_for_simulation,ready,公式年度の厳密な抽選位置が与えられた場合はannual slot overrideで再現。未入力時は公式抽選規則を推測せず標準seed分散抽選をseed再現可能に生成。
MEP000037,2026,CMP000105,19,spring,STG000105,single_elimination,annual_entrant_list,annual_override_optional,annual_exact_slots_else_deterministic_standard_seed_spread,fixed_power_of_two_first_round_only,annual_match_override_else_seeded_resolver,champion_runnerup_semifinalists_quarterfinalists_full_ranking,summary_json+matches_csv+placements_csv,annual_exact_draw_not_required_for_simulation,ready,公式年度の厳密な抽選位置が与えられた場合はannual slot overrideで再現。未入力時は公式抽選規則を推測せず標準seed分散抽選をseed再現可能に生成。
MEP000038,2026,CMP000106,19,autumn,STG000106,single_elimination,annual_entrant_list,annual_override_optional,annual_exact_slots_else_deterministic_standard_seed_spread,fixed_power_of_two_first_round_only,annual_match_override_else_seeded_resolver,champion_runnerup_semifinalists_quarterfinalists_full_ranking,summary_json+matches_csv+placements_csv,annual_exact_draw_not_required_for_simulation,ready,公式年度の厳密な抽選位置が与えられた場合はannual slot overrideで再現。未入力時は公式抽選規則を推測せず標準seed分散抽選をseed再現可能に生成。
MEP000039,2026,CMP000107,20,spring,STG000107,single_elimination,pre_main_qualifier_outputs_plus_direct_access,annual_override_optional,annual_exact_slots_else_deterministic_standard_seed_spread,fixed_power_of_two_first_round_only,annual_match_override_else_seeded_resolver,champion_runnerup_semifinalists_quarterfinalists_full_ranking,summary_json+matches_csv+placements_csv,annual_exact_draw_not_required_for_simulation,ready,公式年度の厳密な抽選位置が与えられた場合はannual slot overrideで再現。未入力時は公式抽選規則を推測せず標準seed分散抽選をseed再現可能に生成。
MEP000040,2026,CMP000108,20,autumn,STG000108,single_elimination,pre_main_qualifier_outputs_plus_direct_access,annual_override_optional,annual_exact_slots_else_deterministic_standard_seed_spread,fixed_power_of_two_first_round_only,annual_match_override_else_seeded_resolver,champion_runnerup_semifinalists_quarterfinalists_full_ranking,summary_json+matches_csv+placements_csv,annual_exact_draw_not_required_for_simulation,ready,公式年度の厳密な抽選位置が与えられた場合はannual slot overrideで再現。未入力時は公式抽選規則を推測せず標準seed分散抽選をseed再現可能に生成。
MEP000041,2026,CMP000109,21,spring,STG000109,single_elimination,pre_main_qualifier_outputs_plus_direct_access,annual_override_optional,annual_exact_slots_else_deterministic_standard_seed_spread,fixed_power_of_two_first_round_only,annual_match_override_else_seeded_resolver,champion_runnerup_semifinalists_quarterfinalists_full_ranking,summary_json+matches_csv+placements_csv,annual_exact_draw_not_required_for_simulation,ready,公式年度の厳密な抽選位置が与えられた場合はannual slot overrideで再現。未入力時は公式抽選規則を推測せず標準seed分散抽選をseed再現可能に生成。
MEP000042,2026,CMP000110,21,autumn,STG000110,single_elimination,annual_entrants_after_seed_event_metadata,structured_seed_assignments_plus_annual_override,annual_exact_slots_else_deterministic_standard_seed_spread,fixed_power_of_two_first_round_only,annual_match_override_else_seeded_resolver,champion_runnerup_semifinalists_quarterfinalists_full_ranking,summary_json+matches_csv+placements_csv,annual_exact_draw_not_required_for_simulation,ready,公式年度の厳密な抽選位置が与えられた場合はannual slot overrideで再現。未入力時は公式抽選規則を推測せず標準seed分散抽選をseed再現可能に生成。
MEP000043,2026,CMP000111,22,spring,STG000111,single_elimination,pre_main_qualifier_outputs_plus_direct_access,annual_override_optional,annual_exact_slots_else_deterministic_standard_seed_spread,fixed_power_of_two_first_round_only,annual_match_override_else_seeded_resolver,champion_runnerup_semifinalists_quarterfinalists_full_ranking,summary_json+matches_csv+placements_csv,annual_exact_draw_not_required_for_simulation,ready,公式年度の厳密な抽選位置が与えられた場合はannual slot overrideで再現。未入力時は公式抽選規則を推測せず標準seed分散抽選をseed再現可能に生成。
MEP000044,2026,CMP000112,22,autumn,STG000112,single_elimination,pre_main_qualifier_outputs_plus_direct_access,annual_override_optional,annual_exact_slots_else_deterministic_standard_seed_spread,fixed_power_of_two_first_round_only,annual_match_override_else_seeded_resolver,champion_runnerup_semifinalists_quarterfinalists_full_ranking,summary_json+matches_csv+placements_csv,annual_exact_draw_not_required_for_simulation,ready,公式年度の厳密な抽選位置が与えられた場合はannual slot overrideで再現。未入力時は公式抽選規則を推測せず標準seed分散抽選をseed再現可能に生成。
MEP000045,2026,CMP000113,23,spring,STG000113,single_elimination,pre_main_qualifier_outputs_plus_direct_access,annual_override_optional,annual_exact_slots_else_deterministic_standard_seed_spread,fixed_power_of_two_first_round_only,annual_match_override_else_seeded_resolver,champion_runnerup_semifinalists_quarterfinalists_full_ranking,summary_json+matches_csv+placements_csv,annual_exact_draw_not_required_for_simulation,ready,公式年度の厳密な抽選位置が与えられた場合はannual slot overrideで再現。未入力時は公式抽選規則を推測せず標準seed分散抽選をseed再現可能に生成。
MEP000046,2026,CMP000114,23,autumn,STG000114,single_elimination,pre_main_qualifier_outputs_plus_direct_access,annual_override_optional,annual_exact_slots_else_deterministic_standard_seed_spread,fixed_power_of_two_first_round_only,annual_match_override_else_seeded_resolver,champion_runnerup_semifinalists_quarterfinalists_full_ranking,summary_json+matches_csv+placements_csv,annual_exact_draw_not_required_for_simulation,ready,公式年度の厳密な抽選位置が与えられた場合はannual slot overrideで再現。未入力時は公式抽選規則を推測せず標準seed分散抽選をseed再現可能に生成。
MEP000047,2026,CMP000115,24,spring,STG000115,single_elimination,pre_main_qualifier_outputs_plus_direct_access,annual_override_optional,annual_exact_slots_else_deterministic_standard_seed_spread,fixed_power_of_two_first_round_only,annual_match_override_else_seeded_resolver,champion_runnerup_semifinalists_quarterfinalists_full_ranking,summary_json+matches_csv+placements_csv,annual_exact_draw_not_required_for_simulation,ready,公式年度の厳密な抽選位置が与えられた場合はannual slot overrideで再現。未入力時は公式抽選規則を推測せず標準seed分散抽選をseed再現可能に生成。
MEP000048,2026,CMP000116,24,autumn,STG000116,single_elimination,annual_entrants_after_seed_event_metadata,structured_seed_assignments_plus_annual_override,annual_exact_slots_else_deterministic_standard_seed_spread,fixed_power_of_two_first_round_only,annual_match_override_else_seeded_resolver,champion_runnerup_semifinalists_quarterfinalists_full_ranking,summary_json+matches_csv+placements_csv,annual_exact_draw_not_required_for_simulation,ready,公式年度の厳密な抽選位置が与えられた場合はannual slot overrideで再現。未入力時は公式抽選規則を推測せず標準seed分散抽選をseed再現可能に生成。
MEP000049,2026,CMP000117,25,spring,STG000117,single_elimination,annual_entrant_list,annual_override_optional,annual_exact_slots_else_deterministic_standard_seed_spread,fixed_power_of_two_first_round_only,annual_match_override_else_seeded_resolver,champion_runnerup_semifinalists_quarterfinalists_full_ranking,summary_json+matches_csv+placements_csv,annual_exact_draw_not_required_for_simulation,ready,公式年度の厳密な抽選位置が与えられた場合はannual slot overrideで再現。未入力時は公式抽選規則を推測せず標準seed分散抽選をseed再現可能に生成。
MEP000050,2026,CMP000118,25,autumn,STG000118,single_elimination,annual_entrant_list,annual_override_optional,annual_exact_slots_else_deterministic_standard_seed_spread,fixed_power_of_two_first_round_only,annual_match_override_else_seeded_resolver,champion_runnerup_semifinalists_quarterfinalists_full_ranking,summary_json+matches_csv+placements_csv,annual_exact_draw_not_required_for_simulation,ready,公式年度の厳密な抽選位置が与えられた場合はannual slot overrideで再現。未入力時は公式抽選規則を推測せず標準seed分散抽選をseed再現可能に生成。
MEP000051,2026,CMP000119,26,spring,STG000119,single_elimination,pre_main_qualifier_outputs_plus_direct_access,annual_override_optional,annual_exact_slots_else_deterministic_standard_seed_spread,fixed_power_of_two_first_round_only,annual_match_override_else_seeded_resolver,champion_runnerup_semifinalists_quarterfinalists_full_ranking,summary_json+matches_csv+placements_csv,annual_exact_draw_not_required_for_simulation,ready,公式年度の厳密な抽選位置が与えられた場合はannual slot overrideで再現。未入力時は公式抽選規則を推測せず標準seed分散抽選をseed再現可能に生成。
MEP000052,2026,CMP000120,26,autumn,STG000120,single_elimination,annual_entrant_list,annual_override_optional,annual_exact_slots_else_deterministic_standard_seed_spread,fixed_power_of_two_first_round_only,annual_match_override_else_seeded_resolver,champion_runnerup_semifinalists_quarterfinalists_full_ranking,summary_json+matches_csv+placements_csv,annual_exact_draw_not_required_for_simulation,ready,公式年度の厳密な抽選位置が与えられた場合はannual slot overrideで再現。未入力時は公式抽選規則を推測せず標準seed分散抽選をseed再現可能に生成。
MEP000053,2026,CMP000121,27,spring,STG000121,single_elimination,annual_entrant_list,annual_override_optional,annual_exact_slots_else_deterministic_standard_seed_spread,fixed_power_of_two_first_round_only,annual_match_override_else_seeded_resolver,champion_runnerup_semifinalists_quarterfinalists_full_ranking,summary_json+matches_csv+placements_csv,annual_exact_draw_not_required_for_simulation,ready,公式年度の厳密な抽選位置が与えられた場合はannual slot overrideで再現。未入力時は公式抽選規則を推測せず標準seed分散抽選をseed再現可能に生成。
MEP000054,2026,CMP000122,27,autumn,STG000122,single_elimination,annual_entrant_list,annual_override_optional,annual_exact_slots_else_deterministic_standard_seed_spread,fixed_power_of_two_first_round_only,annual_match_override_else_seeded_resolver,champion_runnerup_semifinalists_quarterfinalists_full_ranking,summary_json+matches_csv+placements_csv,annual_exact_draw_not_required_for_simulation,ready,公式年度の厳密な抽選位置が与えられた場合はannual slot overrideで再現。未入力時は公式抽選規則を推測せず標準seed分散抽選をseed再現可能に生成。
MEP000055,2026,CMP000123,28,spring,STG000123,single_elimination,pre_main_qualifier_outputs_plus_direct_access,annual_override_optional,annual_exact_slots_else_deterministic_standard_seed_spread,fixed_power_of_two_first_round_only,annual_match_override_else_seeded_resolver,champion_runnerup_semifinalists_quarterfinalists_full_ranking,summary_json+matches_csv+placements_csv,annual_exact_draw_not_required_for_simulation,ready,公式年度の厳密な抽選位置が与えられた場合はannual slot overrideで再現。未入力時は公式抽選規則を推測せず標準seed分散抽選をseed再現可能に生成。
MEP000056,2026,CMP000124,28,autumn,STG000124,single_elimination,pre_main_qualifier_outputs_plus_direct_access,annual_override_optional,annual_exact_slots_else_deterministic_standard_seed_spread,fixed_power_of_two_first_round_only,annual_match_override_else_seeded_resolver,champion_runnerup_semifinalists_quarterfinalists_full_ranking,summary_json+matches_csv+placements_csv,annual_exact_draw_not_required_for_simulation,ready,公式年度の厳密な抽選位置が与えられた場合はannual slot overrideで再現。未入力時は公式抽選規則を推測せず標準seed分散抽選をseed再現可能に生成。
MEP000057,2026,CMP000125,29,spring,STG000125,single_elimination,annual_entrant_list,annual_override_optional,annual_exact_slots_else_deterministic_standard_seed_spread,fixed_power_of_two_first_round_only,annual_match_override_else_seeded_resolver,champion_runnerup_semifinalists_quarterfinalists_full_ranking,summary_json+matches_csv+placements_csv,annual_exact_draw_not_required_for_simulation,ready,公式年度の厳密な抽選位置が与えられた場合はannual slot overrideで再現。未入力時は公式抽選規則を推測せず標準seed分散抽選をseed再現可能に生成。
MEP000058,2026,CMP000126,29,autumn,STG000126,single_elimination,annual_entrant_list,annual_override_optional,annual_exact_slots_else_deterministic_standard_seed_spread,fixed_power_of_two_first_round_only,annual_match_override_else_seeded_resolver,champion_runnerup_semifinalists_quarterfinalists_full_ranking,summary_json+matches_csv+placements_csv,annual_exact_draw_not_required_for_simulation,ready,公式年度の厳密な抽選位置が与えられた場合はannual slot overrideで再現。未入力時は公式抽選規則を推測せず標準seed分散抽選をseed再現可能に生成。
MEP000059,2026,CMP000127,30,spring,STG000127,single_elimination,annual_entrant_list,annual_override_optional,annual_exact_slots_else_deterministic_standard_seed_spread,fixed_power_of_two_first_round_only,annual_match_override_else_seeded_resolver,champion_runnerup_semifinalists_quarterfinalists_full_ranking,summary_json+matches_csv+placements_csv,annual_exact_draw_not_required_for_simulation,ready,公式年度の厳密な抽選位置が与えられた場合はannual slot overrideで再現。未入力時は公式抽選規則を推測せず標準seed分散抽選をseed再現可能に生成。
MEP000060,2026,CMP000128,30,autumn,STG000128,single_elimination,preliminary_outputs_plus_newcomer_direct_access,none,annual_exact_slots_else_deterministic_standard_seed_spread,fixed_power_of_two_first_round_only,annual_match_override_else_seeded_resolver,champion_runnerup_semifinalists_quarterfinalists_full_ranking,summary_json+matches_csv+placements_csv,annual_exact_draw_not_required_for_simulation,ready,Stage 12H: 一次予選4代表＋新人戦ベスト4＝県二次予選8校。
MEP000061,2026,CMP000129,31,spring,STG000129,single_elimination,annual_entrant_list,annual_override_optional,annual_exact_slots_else_deterministic_standard_seed_spread,fixed_power_of_two_first_round_only,annual_match_override_else_seeded_resolver,champion_runnerup_semifinalists_quarterfinalists_full_ranking,summary_json+matches_csv+placements_csv,annual_exact_draw_not_required_for_simulation,ready,公式年度の厳密な抽選位置が与えられた場合はannual slot overrideで再現。未入力時は公式抽選規則を推測せず標準seed分散抽選をseed再現可能に生成。
MEP000062,2026,CMP000130,31,autumn,STG000130,single_elimination,annual_entrant_list,annual_override_optional,annual_exact_slots_else_deterministic_standard_seed_spread,fixed_power_of_two_first_round_only,annual_match_override_else_seeded_resolver,champion_runnerup_semifinalists_quarterfinalists_full_ranking,summary_json+matches_csv+placements_csv,annual_exact_draw_not_required_for_simulation,ready,公式年度の厳密な抽選位置が与えられた場合はannual slot overrideで再現。未入力時は公式抽選規則を推測せず標準seed分散抽選をseed再現可能に生成。
MEP000063,2026,CMP000131,32,spring,STG000131,single_elimination,annual_entrant_list,annual_override_optional,annual_exact_slots_else_deterministic_standard_seed_spread,fixed_power_of_two_first_round_only,annual_match_override_else_seeded_resolver,champion_runnerup_semifinalists_quarterfinalists_full_ranking,summary_json+matches_csv+placements_csv,annual_exact_draw_not_required_for_simulation,ready,公式年度の厳密な抽選位置が与えられた場合はannual slot overrideで再現。未入力時は公式抽選規則を推測せず標準seed分散抽選をseed再現可能に生成。
MEP000064,2026,CMP000132,32,autumn,STG000132,single_elimination,annual_entrant_list,annual_override_optional,annual_exact_slots_else_deterministic_standard_seed_spread,fixed_power_of_two_first_round_only,annual_match_override_else_seeded_resolver,champion_runnerup_semifinalists_quarterfinalists_full_ranking,summary_json+matches_csv+placements_csv,annual_exact_draw_not_required_for_simulation,ready,公式年度の厳密な抽選位置が与えられた場合はannual slot overrideで再現。未入力時は公式抽選規則を推測せず標準seed分散抽選をseed再現可能に生成。
MEP000065,2026,CMP000133,33,spring,STG000133,single_elimination,pre_main_qualifier_outputs_plus_direct_access,annual_override_optional,annual_exact_slots_else_deterministic_standard_seed_spread,fixed_power_of_two_first_round_only,annual_match_override_else_seeded_resolver,champion_runnerup_semifinalists_quarterfinalists_full_ranking,summary_json+matches_csv+placements_csv,annual_exact_draw_not_required_for_simulation,ready,公式年度の厳密な抽選位置が与えられた場合はannual slot overrideで再現。未入力時は公式抽選規則を推測せず標準seed分散抽選をseed再現可能に生成。
MEP000066,2026,CMP000134,33,autumn,STG000134,single_elimination,pre_main_qualifier_outputs_plus_direct_access,annual_override_optional,annual_exact_slots_else_deterministic_standard_seed_spread,fixed_power_of_two_first_round_only,annual_match_override_else_seeded_resolver,champion_runnerup_semifinalists_quarterfinalists_full_ranking,summary_json+matches_csv+placements_csv,annual_exact_draw_not_required_for_simulation,ready,公式年度の厳密な抽選位置が与えられた場合はannual slot overrideで再現。未入力時は公式抽選規則を推測せず標準seed分散抽選をseed再現可能に生成。
MEP000067,2026,CMP000135,34,spring,STG000135,single_elimination,pre_main_qualifier_outputs_plus_direct_access,annual_override_optional,annual_exact_slots_else_deterministic_standard_seed_spread,fixed_power_of_two_first_round_only,annual_match_override_else_seeded_resolver,champion_runnerup_semifinalists_quarterfinalists_full_ranking,summary_json+matches_csv+placements_csv,annual_exact_draw_not_required_for_simulation,ready,公式年度の厳密な抽選位置が与えられた場合はannual slot overrideで再現。未入力時は公式抽選規則を推測せず標準seed分散抽選をseed再現可能に生成。
MEP000068,2026,CMP000136,34,autumn,STG000136,single_elimination,pre_main_qualifier_outputs_plus_direct_access,annual_override_optional,annual_exact_slots_else_deterministic_standard_seed_spread,fixed_power_of_two_first_round_only,annual_match_override_else_seeded_resolver,champion_runnerup_semifinalists_quarterfinalists_full_ranking,summary_json+matches_csv+placements_csv,annual_exact_draw_not_required_for_simulation,ready,公式年度の厳密な抽選位置が与えられた場合はannual slot overrideで再現。未入力時は公式抽選規則を推測せず標準seed分散抽選をseed再現可能に生成。
MEP000069,2026,CMP000137,35,spring,STG000137,single_elimination,pre_main_qualifier_outputs_plus_direct_access,annual_override_optional,annual_exact_slots_else_deterministic_standard_seed_spread,fixed_power_of_two_first_round_only,annual_match_override_else_seeded_resolver,champion_runnerup_semifinalists_quarterfinalists_full_ranking,summary_json+matches_csv+placements_csv,annual_exact_draw_not_required_for_simulation,ready,公式年度の厳密な抽選位置が与えられた場合はannual slot overrideで再現。未入力時は公式抽選規則を推測せず標準seed分散抽選をseed再現可能に生成。
MEP000070,2026,CMP000138,35,autumn,STG000138,single_elimination,pre_main_qualifier_outputs_plus_direct_access,annual_override_optional,annual_exact_slots_else_deterministic_standard_seed_spread,fixed_power_of_two_first_round_only,annual_match_override_else_seeded_resolver,champion_runnerup_semifinalists_quarterfinalists_full_ranking,summary_json+matches_csv+placements_csv,annual_exact_draw_not_required_for_simulation,ready,公式年度の厳密な抽選位置が与えられた場合はannual slot overrideで再現。未入力時は公式抽選規則を推測せず標準seed分散抽選をseed再現可能に生成。
MEP000071,2026,CMP000139,36,spring,STG000139,single_elimination,annual_entrant_list,annual_override_optional,annual_exact_slots_else_deterministic_standard_seed_spread,fixed_power_of_two_first_round_only,annual_match_override_else_seeded_resolver,champion_runnerup_semifinalists_quarterfinalists_full_ranking,summary_json+matches_csv+placements_csv,annual_exact_draw_not_required_for_simulation,ready,公式年度の厳密な抽選位置が与えられた場合はannual slot overrideで再現。未入力時は公式抽選規則を推測せず標準seed分散抽選をseed再現可能に生成。
MEP000072,2026,CMP000140,36,autumn,STG000140,single_elimination,annual_entrants_after_seed_event_metadata,structured_seed_assignments_plus_annual_override,annual_exact_slots_else_deterministic_standard_seed_spread,fixed_power_of_two_first_round_only,annual_match_override_else_seeded_resolver,champion_runnerup_semifinalists_quarterfinalists_full_ranking,summary_json+matches_csv+placements_csv,annual_exact_draw_not_required_for_simulation,ready,公式年度の厳密な抽選位置が与えられた場合はannual slot overrideで再現。未入力時は公式抽選規則を推測せず標準seed分散抽選をseed再現可能に生成。
MEP000073,2026,CMP000141,37,spring,STG000141,single_elimination,annual_entrant_list,annual_override_optional,annual_exact_slots_else_deterministic_standard_seed_spread,fixed_power_of_two_first_round_only,annual_match_override_else_seeded_resolver,champion_runnerup_semifinalists_quarterfinalists_full_ranking,summary_json+matches_csv+placements_csv,annual_exact_draw_not_required_for_simulation,ready,公式年度の厳密な抽選位置が与えられた場合はannual slot overrideで再現。未入力時は公式抽選規則を推測せず標準seed分散抽選をseed再現可能に生成。
MEP000074,2026,CMP000142,37,autumn,STG000142,single_elimination,annual_entrant_list,annual_override_optional,annual_exact_slots_else_deterministic_standard_seed_spread,fixed_power_of_two_first_round_only,annual_match_override_else_seeded_resolver,champion_runnerup_semifinalists_quarterfinalists_full_ranking,summary_json+matches_csv+placements_csv,annual_exact_draw_not_required_for_simulation,ready,公式年度の厳密な抽選位置が与えられた場合はannual slot overrideで再現。未入力時は公式抽選規則を推測せず標準seed分散抽選をseed再現可能に生成。
MEP000075,2026,CMP000143,38,spring,STG000143,single_elimination,annual_entrant_list,annual_override_optional,annual_exact_slots_else_deterministic_standard_seed_spread,fixed_power_of_two_first_round_only,annual_match_override_else_seeded_resolver,champion_runnerup_semifinalists_quarterfinalists_full_ranking,summary_json+matches_csv+placements_csv,annual_exact_draw_not_required_for_simulation,ready,公式年度の厳密な抽選位置が与えられた場合はannual slot overrideで再現。未入力時は公式抽選規則を推測せず標準seed分散抽選をseed再現可能に生成。
MEP000076,2026,CMP000144,38,autumn,STG000144,single_elimination,16_prefectural_preliminary_outputs,none,annual_exact_slots_else_deterministic_standard_seed_spread,fixed_power_of_two_first_round_only,annual_match_override_else_seeded_resolver,champion_runnerup_semifinalists_quarterfinalists_full_ranking,summary_json+matches_csv+placements_csv,annual_exact_draw_not_required_for_simulation,ready,Stage 12H: SEED_EVENTは県大会予選の組合せに適用し、本選は予選16代表のみで生成。
MEP000077,2026,CMP000145,39,spring,STG000145,single_elimination,annual_entrant_list,annual_override_optional,annual_exact_slots_else_deterministic_standard_seed_spread,fixed_power_of_two_first_round_only,annual_match_override_else_seeded_resolver,champion_runnerup_semifinalists_quarterfinalists_full_ranking,summary_json+matches_csv+placements_csv,annual_exact_draw_not_required_for_simulation,ready,公式年度の厳密な抽選位置が与えられた場合はannual slot overrideで再現。未入力時は公式抽選規則を推測せず標準seed分散抽選をseed再現可能に生成。
MEP000078,2026,CMP000146,39,autumn,STG000146,single_elimination,annual_entrant_list,annual_override_optional,annual_exact_slots_else_deterministic_standard_seed_spread,fixed_power_of_two_first_round_only,annual_match_override_else_seeded_resolver,champion_runnerup_semifinalists_quarterfinalists_full_ranking,summary_json+matches_csv+placements_csv,annual_exact_draw_not_required_for_simulation,ready,公式年度の厳密な抽選位置が与えられた場合はannual slot overrideで再現。未入力時は公式抽選規則を推測せず標準seed分散抽選をseed再現可能に生成。
MEP000079,2026,CMP000147,40,spring,STG000147,single_elimination,pre_main_qualifier_outputs_plus_direct_access,annual_override_optional,annual_exact_slots_else_deterministic_standard_seed_spread,fixed_power_of_two_first_round_only,annual_match_override_else_seeded_resolver,champion_runnerup_semifinalists_quarterfinalists_full_ranking,summary_json+matches_csv+placements_csv,annual_exact_draw_not_required_for_simulation,ready,公式年度の厳密な抽選位置が与えられた場合はannual slot overrideで再現。未入力時は公式抽選規則を推測せず標準seed分散抽選をseed再現可能に生成。
MEP000080,2026,CMP000148,40,autumn,STG000148,single_elimination,pre_main_qualifier_outputs_plus_direct_access,annual_override_optional,annual_exact_slots_else_deterministic_standard_seed_spread,fixed_power_of_two_first_round_only,annual_match_override_else_seeded_resolver,champion_runnerup_semifinalists_quarterfinalists_full_ranking,summary_json+matches_csv+placements_csv,annual_exact_draw_not_required_for_simulation,ready,公式年度の厳密な抽選位置が与えられた場合はannual slot overrideで再現。未入力時は公式抽選規則を推測せず標準seed分散抽選をseed再現可能に生成。
MEP000081,2026,CMP000149,41,spring,STG000149,single_elimination,annual_entrant_list,annual_override_optional,annual_exact_slots_else_deterministic_standard_seed_spread,fixed_power_of_two_first_round_only,annual_match_override_else_seeded_resolver,champion_runnerup_semifinalists_quarterfinalists_full_ranking,summary_json+matches_csv+placements_csv,annual_exact_draw_not_required_for_simulation,ready,公式年度の厳密な抽選位置が与えられた場合はannual slot overrideで再現。未入力時は公式抽選規則を推測せず標準seed分散抽選をseed再現可能に生成。
MEP000082,2026,CMP000150,41,autumn,STG000150,single_elimination,annual_entrant_list,annual_override_optional,annual_exact_slots_else_deterministic_standard_seed_spread,fixed_power_of_two_first_round_only,annual_match_override_else_seeded_resolver,champion_runnerup_semifinalists_quarterfinalists_full_ranking,summary_json+matches_csv+placements_csv,annual_exact_draw_not_required_for_simulation,ready,公式年度の厳密な抽選位置が与えられた場合はannual slot overrideで再現。未入力時は公式抽選規則を推測せず標準seed分散抽選をseed再現可能に生成。
MEP000083,2026,CMP000151,42,spring,STG000151,single_elimination,annual_entrant_list,annual_override_optional,annual_exact_slots_else_deterministic_standard_seed_spread,fixed_power_of_two_first_round_only,annual_match_override_else_seeded_resolver,champion_runnerup_semifinalists_quarterfinalists_full_ranking,summary_json+matches_csv+placements_csv,annual_exact_draw_not_required_for_simulation,ready,公式年度の厳密な抽選位置が与えられた場合はannual slot overrideで再現。未入力時は公式抽選規則を推測せず標準seed分散抽選をseed再現可能に生成。
MEP000084,2026,CMP000152,42,autumn,STG000152,single_elimination,annual_entrant_list,annual_override_optional,annual_exact_slots_else_deterministic_standard_seed_spread,fixed_power_of_two_first_round_only,annual_match_override_else_seeded_resolver,champion_runnerup_semifinalists_quarterfinalists_full_ranking,summary_json+matches_csv+placements_csv,annual_exact_draw_not_required_for_simulation,ready,公式年度の厳密な抽選位置が与えられた場合はannual slot overrideで再現。未入力時は公式抽選規則を推測せず標準seed分散抽選をseed再現可能に生成。
MEP000085,2026,CMP000153,43,spring,STG000153,single_elimination,annual_entrant_list,annual_override_optional,annual_exact_slots_else_deterministic_standard_seed_spread,fixed_power_of_two_first_round_only,annual_match_override_else_seeded_resolver,champion_runnerup_semifinalists_quarterfinalists_full_ranking,summary_json+matches_csv+placements_csv,annual_exact_draw_not_required_for_simulation,ready,公式年度の厳密な抽選位置が与えられた場合はannual slot overrideで再現。未入力時は公式抽選規則を推測せず標準seed分散抽選をseed再現可能に生成。
MEP000086,2026,CMP000154,43,autumn,STG000154,single_elimination,annual_entrant_list,annual_override_optional,annual_exact_slots_else_deterministic_standard_seed_spread,fixed_power_of_two_first_round_only,annual_match_override_else_seeded_resolver,champion_runnerup_semifinalists_quarterfinalists_full_ranking,summary_json+matches_csv+placements_csv,annual_exact_draw_not_required_for_simulation,ready,公式年度の厳密な抽選位置が与えられた場合はannual slot overrideで再現。未入力時は公式抽選規則を推測せず標準seed分散抽選をseed再現可能に生成。
MEP000087,2026,CMP000155,44,spring,STG000155,single_elimination,annual_entrant_list,annual_override_optional,annual_exact_slots_else_deterministic_standard_seed_spread,fixed_power_of_two_first_round_only,annual_match_override_else_seeded_resolver,champion_runnerup_semifinalists_quarterfinalists_full_ranking,summary_json+matches_csv+placements_csv,annual_exact_draw_not_required_for_simulation,ready,公式年度の厳密な抽選位置が与えられた場合はannual slot overrideで再現。未入力時は公式抽選規則を推測せず標準seed分散抽選をseed再現可能に生成。
MEP000088,2026,CMP000156,44,autumn,STG000156,single_elimination,annual_entrant_list,annual_override_optional,annual_exact_slots_else_deterministic_standard_seed_spread,fixed_power_of_two_first_round_only,annual_match_override_else_seeded_resolver,champion_runnerup_semifinalists_quarterfinalists_full_ranking,summary_json+matches_csv+placements_csv,annual_exact_draw_not_required_for_simulation,ready,公式年度の厳密な抽選位置が与えられた場合はannual slot overrideで再現。未入力時は公式抽選規則を推測せず標準seed分散抽選をseed再現可能に生成。
MEP000089,2026,CMP000157,45,spring,STG000157,single_elimination,annual_entrant_list,annual_override_optional,annual_exact_slots_else_deterministic_standard_seed_spread,fixed_power_of_two_first_round_only,annual_match_override_else_seeded_resolver,champion_runnerup_semifinalists_quarterfinalists_full_ranking,summary_json+matches_csv+placements_csv,annual_exact_draw_not_required_for_simulation,ready,公式年度の厳密な抽選位置が与えられた場合はannual slot overrideで再現。未入力時は公式抽選規則を推測せず標準seed分散抽選をseed再現可能に生成。
MEP000090,2026,CMP000158,45,autumn,STG000158,single_elimination,annual_entrants_after_seed_event_metadata,structured_seed_assignments_plus_annual_override,annual_exact_slots_else_deterministic_standard_seed_spread,fixed_power_of_two_first_round_only,annual_match_override_else_seeded_resolver,champion_runnerup_semifinalists_quarterfinalists_full_ranking,summary_json+matches_csv+placements_csv,annual_exact_draw_not_required_for_simulation,ready,公式年度の厳密な抽選位置が与えられた場合はannual slot overrideで再現。未入力時は公式抽選規則を推測せず標準seed分散抽選をseed再現可能に生成。
MEP000091,2026,CMP000159,46,spring,STG000159,single_elimination,annual_entrant_list,annual_override_optional,annual_exact_slots_else_deterministic_standard_seed_spread,fixed_power_of_two_first_round_only,annual_match_override_else_seeded_resolver,champion_runnerup_semifinalists_quarterfinalists_full_ranking,summary_json+matches_csv+placements_csv,annual_exact_draw_not_required_for_simulation,ready,公式年度の厳密な抽選位置が与えられた場合はannual slot overrideで再現。未入力時は公式抽選規則を推測せず標準seed分散抽選をseed再現可能に生成。
MEP000092,2026,CMP000160,46,autumn,STG000160,single_elimination,annual_entrants_after_seed_event_metadata,structured_seed_assignments_plus_annual_override,annual_exact_slots_else_deterministic_standard_seed_spread,fixed_power_of_two_first_round_only,annual_match_override_else_seeded_resolver,champion_runnerup_semifinalists_quarterfinalists_full_ranking,summary_json+matches_csv+placements_csv,annual_exact_draw_not_required_for_simulation,ready,公式年度の厳密な抽選位置が与えられた場合はannual slot overrideで再現。未入力時は公式抽選規則を推測せず標準seed分散抽選をseed再現可能に生成。
MEP000093,2026,CMP000161,47,spring,STG000161,single_elimination,annual_entrant_list,annual_override_optional,annual_exact_slots_else_deterministic_standard_seed_spread,fixed_power_of_two_first_round_only,annual_match_override_else_seeded_resolver,champion_runnerup_semifinalists_quarterfinalists_full_ranking,summary_json+matches_csv+placements_csv,annual_exact_draw_not_required_for_simulation,ready,公式年度の厳密な抽選位置が与えられた場合はannual slot overrideで再現。未入力時は公式抽選規則を推測せず標準seed分散抽選をseed再現可能に生成。
MEP000094,2026,CMP000162,47,autumn,STG000162,single_elimination,annual_entrants_after_seed_event_metadata,structured_seed_assignments_plus_annual_override,annual_exact_slots_else_deterministic_standard_seed_spread,fixed_power_of_two_first_round_only,annual_match_override_else_seeded_resolver,champion_runnerup_semifinalists_quarterfinalists_full_ranking,summary_json+matches_csv+placements_csv,annual_exact_draw_not_required_for_simulation,ready,公式年度の厳密な抽選位置が与えられた場合はannual slot overrideで再現。未入力時は公式抽選規則を推測せず標準seed分散抽選をseed再現可能に生成。
