audit_id,reference_year,prefecture_code,prefecture_name,season_segment,competition_id,branch_scheme_id,branch_usage_type,branch_qualifier_exists,branch_slot_total,branch_slot_allocation,direct_entry_count,direct_entry_rule,primary_source_id,supporting_source_ids,evidence_summary,verification_status,verified_at
P2S4AUD001,2026,15,新潟県,spring,CMP000097,ASM000080,not_used,no,0,北支部:0;南支部:0,0,県大会進出の支部枠なし,P2SRC042,P2SRC043,公式は「新潟県大会 1〜2回戦」から掲載し、支部予選段階を置かない。補助資料でも62チームの県大会本体。,verified_2026_tournament_material,2026-10-04
P2S4AUD002,2026,15,新潟県,autumn,CMP000098,ASM000080,not_used,no,0,北支部:0;南支部:0,0,県大会進出の支部枠なし,P2SRC042,P2SRC044,公式は「新潟県大会 1〜2回戦」から掲載し、支部予選段階を置かない。補助資料でも63チームの県大会本体。,verified_2026_tournament_material,2026-10-04
P2S4AUD003,2026,20,長野県,spring,CMP000107,ASM000053,qualifier,yes,16,北信支部:4;東信支部:4;中信支部:4;南信支部:4,0,なし,P2SRC045,,県高野連公式が4支部の県大会出場校を各4校明示。4×4=16校で県大会参加16校と一致。,verified_2026_tournament_material,2026-10-04
P2S4AUD004,2026,20,長野県,autumn,CMP000108,ASM000053,qualifier,yes,24,北信支部:6;東信支部:6;中信支部:6;南信支部:6,0,なし,P2SRC046,,県高野連公式が4支部の県大会出場校を各6校明示。4×6=24校で県大会予定24校と一致。,verified_2026_tournament_material,2026-10-04
P2S4AUD005,2026,16,富山県,spring,CMP000099,ASM000081,not_used,no,0,新川地区:0;富山地区:0;高岡地区:0;砺波地区:0,0,県大会進出の地区枠なし,P2SRC047,P2SRC048,公式行事計画は第98回春季富山県大会を1回戦から県単位で実施。4地域別の県大会進出予選なし。,verified_2026_tournament_material,2026-10-04
P2S4AUD006,2026,16,富山県,autumn,CMP000100,ASM000081,not_used,no,0,新川地区:0;富山地区:0;高岡地区:0;砺波地区:0,0,県大会進出の地区枠なし,P2SRC047,P2SRC049,公式行事計画は第79回秋季富山県大会を1回戦から県単位で実施。補助資料は36チームの県大会本体。,verified_2026_tournament_material,2026-10-04
P2S4AUD007,2026,17,石川県,spring,CMP000101,ASM000082,not_used,no,0,加賀地区:0;金沢地区:0;能登地区:0,0,県大会進出の地区枠なし,P2SRC050,P2SRC052,県高野連公式の春季石川県大会として実施。補助資料は41チームの県単位トーナメントで、3地区別予選なし。,verified_2026_tournament_material,2026-10-04
P2S4AUD008,2026,17,石川県,autumn,CMP000102,ASM000082,not_used,no,0,加賀地区:0;金沢地区:0;能登地区:0,0,県大会進出の地区枠なし,P2SRC051,P2SRC053,県高野連公式の秋季石川県大会として実施。補助資料は41チームの県単位トーナメントで、3地区別予選なし。,verified_2026_tournament_material,2026-10-04
P2S4AUD009,2026,18,福井県,spring,CMP000103,ASM000083,not_used,no,0,福井地区:0;坂井・奥越地区:0;丹南地区:0;嶺南地区:0,0,県大会進出の地域枠なし,P2SRC054,P2SRC055,県高野連公式日程に「春季県大会」として1回戦から記載。4地域大会圏は別事業で、県大会進出予選ではない。,verified_2026_tournament_material,2026-10-04
P2S4AUD010,2026,18,福井県,autumn,CMP000104,ASM000083,not_used,no,0,福井地区:0;坂井・奥越地区:0;丹南地区:0;嶺南地区:0,0,県大会進出の地域枠なし,P2SRC054,P2SRC056,県高野連公式日程に「秋季県大会」として1回戦から記載。4地域大会圏は別事業で、県大会進出予選ではない。,verified_2026_tournament_material,2026-10-04
