competition_id,competition_name,season_segment,competition_level,competition_type,calendar_registered,calendar_status,game_date_detail_status,game_date_count,start_date,end_date,draw_date,remaining_work
CMP000001,第98回選抜高等学校野球大会,spring,national,national_invitational,yes,official_schedule,detailed,11,2026-03-19,2026-03-31,2026-03-06,
CMP000002,第108回全国高等学校野球選手権大会,summer,national,national_championship,yes,official_schedule,detailed,15,2026-08-05,2026-08-22,2026-08-01,
CMP000003,明治神宮外苑創建百年記念 第57回明治神宮野球大会 高校の部,autumn,national,national_autumn_championship,yes,official_schedule,future_pending,0,2026-11-19,2026-11-24,2026-10-17,2026-10-17組み合わせ抽選後に高校部game_date_listを確定
CMP000004,令和8年度春季北海道地区高等学校野球大会,spring,regional,spring_regional,yes,official_schedule,detailed,6,2026-05-25,2026-05-31,,
CMP000005,令和8年度春季東北地区高等学校野球大会,spring,regional,spring_regional,yes,official_schedule,detailed,4,2026-06-09,2026-06-13,,
CMP000006,令和8年度春季関東地区高等学校野球大会,spring,regional,spring_regional,yes,official_schedule,detailed,6,2026-05-16,2026-05-24,,
CMP000007,令和8年度春季北信越地区高等学校野球大会,spring,regional,spring_regional,yes,official_schedule,detailed,3,2026-06-06,2026-06-09,,
CMP000008,令和8年度春季東海地区高等学校野球大会,spring,regional,spring_regional,yes,official_schedule,detailed,3,2026-05-23,2026-05-26,,
CMP000009,令和8年度春季近畿地区高等学校野球大会,spring,regional,spring_regional,yes,official_schedule,detailed,4,2026-05-23,2026-05-31,,
CMP000010,令和8年度春季中国地区高等学校野球大会,spring,regional,spring_regional,yes,official_schedule,detailed,3,2026-05-30,2026-06-02,,
CMP000011,令和8年度春季四国地区高等学校野球大会,spring,regional,spring_regional,yes,official_schedule,detailed,3,2026-04-25,2026-05-02,,
CMP000012,令和8年度春季九州地区高等学校野球大会,spring,regional,spring_regional,yes,official_schedule,detailed,7,2026-04-18,2026-04-27,,
CMP000013,令和8年度秋季北海道地区高等学校野球大会,autumn,regional,autumn_regional,yes,official_schedule,detailed,7,2026-10-07,2026-10-15,2026-09-30,
CMP000014,令和8年度秋季東北地区高等学校野球大会,autumn,regional,autumn_regional,yes,official_schedule,detailed,6,2026-10-12,2026-10-19,2026-09-30,
CMP000015,令和8年度秋季関東地区高等学校野球大会,autumn,regional,autumn_regional,yes,official_schedule,detailed,6,2026-10-17,2026-10-25,2026-10-08,
CMP000016,東京都秋季高等学校野球大会,autumn,regional,autumn_regional,yes,official_schedule,detailed,11,2026-10-03,2026-11-05,2026-09-28,
CMP000017,令和8年度秋季北信越地区高等学校野球大会,autumn,regional,autumn_regional,yes,official_schedule,detailed,4,2026-10-10,2026-10-18,2026-09-30,
CMP000018,令和8年度秋季東海地区高等学校野球大会,autumn,regional,autumn_regional,yes,official_schedule,detailed,4,2026-10-17,2026-10-25,2026-10-06,
CMP000019,令和8年度秋季近畿地区高等学校野球大会,autumn,regional,autumn_regional,yes,official_schedule,detailed,6,2026-10-17,2026-11-01,2026-10-13,
CMP000020,令和8年度秋季中国地区高等学校野球大会,autumn,regional,autumn_regional,yes,official_schedule,detailed,5,2026-10-23,2026-11-01,2026-10-12,
CMP000021,令和8年度秋季四国地区高等学校野球大会,autumn,regional,autumn_regional,yes,official_schedule,detailed,4,2026-10-24,2026-11-01,2026-10-20,
CMP000022,令和8年度秋季九州地区高等学校野球大会,autumn,regional,autumn_regional,yes,official_schedule,detailed,7,2026-10-24,2026-11-01,2026-10-16,
CMP000023,第108回全国高等学校野球選手権北北海道大会,summer,local,summer_local_qualifier,yes,official_schedule,period_only,0,2026-06-25,2026-07-20,2026-06-11,49夏地方大会は会期start/endのみ。試合日詳細は未構造化
CMP000024,第108回全国高等学校野球選手権南北海道大会,summer,local,summer_local_qualifier,yes,official_schedule,period_only,0,2026-06-20,2026-07-21,2026-06-10,49夏地方大会は会期start/endのみ。試合日詳細は未構造化
CMP000025,第108回全国高等学校野球選手権青森大会,summer,local,summer_local_qualifier,yes,official_schedule,period_only,0,2026-07-07,2026-07-22,2026-06-24,49夏地方大会は会期start/endのみ。試合日詳細は未構造化
CMP000026,第108回全国高等学校野球選手権岩手大会,summer,local,summer_local_qualifier,yes,official_schedule,period_only,0,2026-07-08,2026-07-23,2026-06-25,49夏地方大会は会期start/endのみ。試合日詳細は未構造化
CMP000027,第108回全国高等学校野球選手権秋田大会,summer,local,summer_local_qualifier,yes,official_schedule,period_only,0,2026-07-08,2026-07-20,2026-06-25,49夏地方大会は会期start/endのみ。試合日詳細は未構造化
CMP000028,第108回全国高等学校野球選手権山形大会,summer,local,summer_local_qualifier,yes,official_schedule,period_only,0,2026-07-10,2026-07-25,2026-06-25,49夏地方大会は会期start/endのみ。試合日詳細は未構造化
CMP000029,第108回全国高等学校野球選手権宮城大会,summer,local,summer_local_qualifier,yes,official_schedule,period_only,0,2026-07-09,2026-07-26,2026-06-26,49夏地方大会は会期start/endのみ。試合日詳細は未構造化
CMP000030,第108回全国高等学校野球選手権福島大会,summer,local,summer_local_qualifier,yes,official_schedule,period_only,0,2026-07-09,2026-07-25,2026-06-24,49夏地方大会は会期start/endのみ。試合日詳細は未構造化
CMP000031,第108回全国高等学校野球選手権茨城大会,summer,local,summer_local_qualifier,yes,official_schedule,period_only,0,2026-07-04,2026-07-25,2026-06-18,49夏地方大会は会期start/endのみ。試合日詳細は未構造化
CMP000032,第108回全国高等学校野球選手権栃木大会,summer,local,summer_local_qualifier,yes,official_schedule,period_only,0,2026-07-09,2026-07-26,2026-06-17,49夏地方大会は会期start/endのみ。試合日詳細は未構造化
CMP000033,第108回全国高等学校野球選手権群馬大会,summer,local,summer_local_qualifier,yes,official_schedule,period_only,0,2026-07-04,2026-07-26,2026-06-17,49夏地方大会は会期start/endのみ。試合日詳細は未構造化
CMP000034,第108回全国高等学校野球選手権埼玉大会,summer,local,summer_local_qualifier,yes,official_schedule,period_only,0,2026-07-08,2026-07-26,2026-06-17,49夏地方大会は会期start/endのみ。試合日詳細は未構造化
CMP000035,第108回全国高等学校野球選手権千葉大会,summer,local,summer_local_qualifier,yes,official_schedule,period_only,0,2026-07-04,2026-07-26,2026-06-11,49夏地方大会は会期start/endのみ。試合日詳細は未構造化
CMP000036,第108回全国高等学校野球選手権東東京大会,summer,local,summer_local_qualifier,yes,official_schedule,period_only,0,2026-07-04,2026-07-27,2026-06-14,49夏地方大会は会期start/endのみ。試合日詳細は未構造化
CMP000037,第108回全国高等学校野球選手権西東京大会,summer,local,summer_local_qualifier,yes,official_schedule,period_only,0,2026-07-04,2026-07-26,2026-06-14,49夏地方大会は会期start/endのみ。試合日詳細は未構造化
CMP000038,第108回全国高等学校野球選手権神奈川大会,summer,local,summer_local_qualifier,yes,official_schedule,period_only,0,2026-07-05,2026-07-26,2026-06-13,49夏地方大会は会期start/endのみ。試合日詳細は未構造化
CMP000039,第108回全国高等学校野球選手権新潟大会,summer,local,summer_local_qualifier,yes,official_schedule,period_only,0,2026-07-09,2026-07-24,2026-06-26,49夏地方大会は会期start/endのみ。試合日詳細は未構造化
CMP000040,第108回全国高等学校野球選手権長野大会,summer,local,summer_local_qualifier,yes,official_schedule,period_only,0,2026-07-04,2026-07-25,2026-06-20,49夏地方大会は会期start/endのみ。試合日詳細は未構造化
CMP000041,第108回全国高等学校野球選手権山梨大会,summer,local,summer_local_qualifier,yes,official_schedule,period_only,0,2026-07-05,2026-07-22,2026-06-24,49夏地方大会は会期start/endのみ。試合日詳細は未構造化
CMP000042,第108回全国高等学校野球選手権静岡大会,summer,local,summer_local_qualifier,yes,official_schedule,period_only,0,2026-06-28,2026-07-27,2026-06-20,49夏地方大会は会期start/endのみ。試合日詳細は未構造化
CMP000043,第108回全国高等学校野球選手権愛知大会,summer,local,summer_local_qualifier,yes,official_schedule,period_only,0,2026-06-27,2026-07-28,2026-06-13,49夏地方大会は会期start/endのみ。試合日詳細は未構造化
CMP000044,第108回全国高等学校野球選手権岐阜大会,summer,local,summer_local_qualifier,yes,official_schedule,period_only,0,2026-07-04,2026-07-28,2026-06-20,49夏地方大会は会期start/endのみ。試合日詳細は未構造化
CMP000045,第108回全国高等学校野球選手権三重大会,summer,local,summer_local_qualifier,yes,official_schedule,period_only,0,2026-07-03,2026-07-27,2026-06-16,49夏地方大会は会期start/endのみ。試合日詳細は未構造化
CMP000046,第108回全国高等学校野球選手権富山大会,summer,local,summer_local_qualifier,yes,official_schedule,period_only,0,2026-07-07,2026-07-25,2026-06-26,49夏地方大会は会期start/endのみ。試合日詳細は未構造化
CMP000047,第108回全国高等学校野球選手権石川大会,summer,local,summer_local_qualifier,yes,official_schedule,period_only,0,2026-07-09,2026-07-26,2026-06-26,49夏地方大会は会期start/endのみ。試合日詳細は未構造化
CMP000048,第108回全国高等学校野球選手権福井大会,summer,local,summer_local_qualifier,yes,official_schedule,period_only,0,2026-07-08,2026-07-25,2026-06-25,49夏地方大会は会期start/endのみ。試合日詳細は未構造化
CMP000049,第108回全国高等学校野球選手権滋賀大会,summer,local,summer_local_qualifier,yes,official_schedule,period_only,0,2026-07-05,2026-07-25,2026-06-23,49夏地方大会は会期start/endのみ。試合日詳細は未構造化
CMP000050,第108回全国高等学校野球選手権京都大会,summer,local,summer_local_qualifier,yes,official_schedule,period_only,0,2026-07-04,2026-07-27,2026-06-20,49夏地方大会は会期start/endのみ。試合日詳細は未構造化
CMP000051,第108回全国高等学校野球選手権大阪大会,summer,local,summer_local_qualifier,yes,official_schedule,period_only,0,2026-07-04,2026-07-28,2026-06-16,49夏地方大会は会期start/endのみ。試合日詳細は未構造化
CMP000052,第108回全国高等学校野球選手権兵庫大会,summer,local,summer_local_qualifier,yes,official_schedule,period_only,0,2026-06-28,2026-07-26,2026-06-16,49夏地方大会は会期start/endのみ。試合日詳細は未構造化
CMP000053,第108回全国高等学校野球選手権奈良大会,summer,local,summer_local_qualifier,yes,official_schedule,period_only,0,2026-07-09,2026-07-27,2026-06-19,49夏地方大会は会期start/endのみ。試合日詳細は未構造化
CMP000054,第108回全国高等学校野球選手権和歌山大会,summer,local,summer_local_qualifier,yes,official_schedule,period_only,0,2026-07-10,2026-07-27,2026-06-19,49夏地方大会は会期start/endのみ。試合日詳細は未構造化
CMP000055,第108回全国高等学校野球選手権岡山大会,summer,local,summer_local_qualifier,yes,official_schedule,period_only,0,2026-07-09,2026-07-27,2026-06-27,49夏地方大会は会期start/endのみ。試合日詳細は未構造化
CMP000056,第108回全国高等学校野球選手権広島大会,summer,local,summer_local_qualifier,yes,official_schedule,period_only,0,2026-07-04,2026-07-28,2026-06-19,49夏地方大会は会期start/endのみ。試合日詳細は未構造化
CMP000057,第108回全国高等学校野球選手権鳥取大会,summer,local,summer_local_qualifier,yes,official_schedule,period_only,0,2026-07-11,2026-07-26,2026-06-19,49夏地方大会は会期start/endのみ。試合日詳細は未構造化
CMP000058,第108回全国高等学校野球選手権島根大会,summer,local,summer_local_qualifier,yes,official_schedule,period_only,0,2026-07-11,2026-07-26,2026-06-12,49夏地方大会は会期start/endのみ。試合日詳細は未構造化
CMP000059,第108回全国高等学校野球選手権山口大会,summer,local,summer_local_qualifier,yes,official_schedule,period_only,0,2026-07-11,2026-07-28,2026-06-12,49夏地方大会は会期start/endのみ。試合日詳細は未構造化
CMP000060,第108回全国高等学校野球選手権香川大会,summer,local,summer_local_qualifier,yes,official_schedule,period_only,0,2026-07-05,2026-07-25,2026-06-26,49夏地方大会は会期start/endのみ。試合日詳細は未構造化
CMP000061,第108回全国高等学校野球選手権徳島大会,summer,local,summer_local_qualifier,yes,official_schedule,period_only,0,2026-07-07,2026-07-27,2026-06-26,49夏地方大会は会期start/endのみ。試合日詳細は未構造化
CMP000062,第108回全国高等学校野球選手権愛媛大会,summer,local,summer_local_qualifier,yes,official_schedule,period_only,0,2026-07-05,2026-07-26,2026-06-21,49夏地方大会は会期start/endのみ。試合日詳細は未構造化
CMP000063,第108回全国高等学校野球選手権高知大会,summer,local,summer_local_qualifier,yes,official_schedule,period_only,0,2026-07-11,2026-07-25,2026-06-27,49夏地方大会は会期start/endのみ。試合日詳細は未構造化
CMP000064,第108回全国高等学校野球選手権福岡大会,summer,local,summer_local_qualifier,yes,official_schedule,period_only,0,2026-07-04,2026-07-25,2026-06-19,49夏地方大会は会期start/endのみ。試合日詳細は未構造化
CMP000065,第108回全国高等学校野球選手権佐賀大会,summer,local,summer_local_qualifier,yes,official_schedule,period_only,0,2026-07-05,2026-07-26,2026-06-11,49夏地方大会は会期start/endのみ。試合日詳細は未構造化
CMP000066,第108回全国高等学校野球選手権長崎大会,summer,local,summer_local_qualifier,yes,official_schedule,period_only,0,2026-07-06,2026-07-25,2026-06-19,49夏地方大会は会期start/endのみ。試合日詳細は未構造化
CMP000067,第108回全国高等学校野球選手権熊本大会,summer,local,summer_local_qualifier,yes,official_schedule,period_only,0,2026-07-04,2026-07-24,2026-06-18,49夏地方大会は会期start/endのみ。試合日詳細は未構造化
CMP000068,第108回全国高等学校野球選手権大分大会,summer,local,summer_local_qualifier,yes,official_schedule,period_only,0,2026-07-05,2026-07-25,2026-06-17,49夏地方大会は会期start/endのみ。試合日詳細は未構造化
CMP000069,第108回全国高等学校野球選手権宮崎大会,summer,local,summer_local_qualifier,yes,official_schedule,period_only,0,2026-07-04,2026-07-20,2026-06-18,49夏地方大会は会期start/endのみ。試合日詳細は未構造化
CMP000070,第108回全国高等学校野球選手権鹿児島大会,summer,local,summer_local_qualifier,yes,official_schedule,period_only,0,2026-07-04,2026-07-25,2026-06-20,49夏地方大会は会期start/endのみ。試合日詳細は未構造化
CMP000071,第108回全国高等学校野球選手権沖縄大会,summer,local,summer_local_qualifier,yes,official_schedule,period_only,0,2026-06-13,2026-07-20,2026-06-02,49夏地方大会は会期start/endのみ。試合日詳細は未構造化
CMP000072,令和8年度春季青森県高等学校野球大会,spring,prefectural,spring_prefectural,yes,official_schedule,detailed,9,2026-05-08,2026-05-24,,
CMP000073,令和8年度秋季青森県高等学校野球大会,autumn,prefectural,autumn_prefectural,yes,official_schedule,detailed,8,2026-09-04,2026-09-20,,
CMP000074,令和8年度春季岩手県高等学校野球大会,spring,prefectural,spring_prefectural,yes,official_schedule,detailed,7,2026-05-15,2026-05-24,,
CMP000075,令和8年度秋季岩手県高等学校野球大会,autumn,prefectural,autumn_prefectural,yes,official_schedule,detailed,9,2026-09-16,2026-09-27,,
CMP000076,令和8年度春季宮城県高等学校野球大会,spring,prefectural,spring_prefectural,yes,official_schedule,detailed,6,2026-05-15,2026-05-24,,
CMP000077,令和8年度秋季宮城県高等学校野球大会,autumn,prefectural,autumn_prefectural,yes,official_schedule,detailed,7,2026-09-12,2026-09-23,,
CMP000078,令和8年度春季秋田県高等学校野球大会,spring,prefectural,spring_prefectural,yes,official_schedule,detailed,11,2026-05-08,2026-05-25,,
CMP000079,令和8年度秋季秋田県高等学校野球大会,autumn,prefectural,autumn_prefectural,yes,official_schedule,detailed,5,2026-09-12,2026-09-22,,
CMP000080,令和8年度春季山形県高等学校野球大会,spring,prefectural,spring_prefectural,yes,official_schedule,detailed,9,2026-05-08,2026-05-24,,
CMP000081,令和8年度秋季山形県高等学校野球大会,autumn,prefectural,autumn_prefectural,yes,official_schedule,detailed,9,2026-09-17,2026-09-27,,
CMP000082,令和8年度春季福島県高等学校野球大会,spring,prefectural,spring_prefectural,yes,official_schedule,detailed,6,2026-05-15,2026-05-24,,
CMP000083,令和8年度秋季福島県高等学校野球大会,autumn,prefectural,autumn_prefectural,yes,official_schedule,detailed,6,2026-09-17,2026-09-28,,
CMP000084,令和8年度春季茨城県高等学校野球大会,spring,prefectural,spring_prefectural,yes,official_schedule,detailed,9,2026-04-18,2026-05-04,,
CMP000085,令和8年度秋季茨城県高等学校野球大会,autumn,prefectural,autumn_prefectural,yes,official_schedule,detailed,9,2026-09-19,2026-10-04,,
CMP000086,令和8年度春季栃木県高等学校野球大会,spring,prefectural,spring_prefectural,yes,official_schedule,detailed,9,2026-04-11,2026-05-03,,
CMP000087,令和8年度秋季栃木県高等学校野球大会,autumn,prefectural,autumn_prefectural,yes,official_schedule,detailed,12,2026-09-12,2026-10-04,,
CMP000088,令和8年度春季群馬県高等学校野球大会,spring,prefectural,spring_prefectural,yes,official_schedule,detailed,11,2026-04-11,2026-05-03,,
CMP000089,令和8年度秋季群馬県高等学校野球大会,autumn,prefectural,autumn_prefectural,yes,official_schedule,detailed,11,2026-09-05,2026-09-29,,
CMP000090,令和8年度春季埼玉県高等学校野球大会,spring,prefectural,spring_prefectural,yes,official_schedule,detailed,8,2026-04-23,2026-05-05,,
CMP000091,令和8年度秋季埼玉県高等学校野球大会,autumn,prefectural,autumn_prefectural,yes,official_schedule,detailed,7,2026-09-25,2026-10-06,,
CMP000092,令和8年度春季千葉県高等学校野球大会,spring,prefectural,spring_prefectural,yes,official_schedule,detailed,6,2026-04-18,2026-05-03,,
CMP000093,令和8年度秋季千葉県高等学校野球大会,autumn,prefectural,autumn_prefectural,yes,official_schedule,detailed,9,2026-09-19,2026-10-05,,
CMP000094,令和8年度春季東京都高等学校野球大会,spring,prefectural,spring_prefectural,yes,official_schedule,detailed,15,2026-04-01,2026-05-03,,
CMP000095,令和8年度春季神奈川県高等学校野球大会,spring,prefectural,spring_prefectural,yes,official_schedule,detailed,9,2026-04-04,2026-05-03,,
CMP000096,令和8年度秋季神奈川県高等学校野球大会,autumn,prefectural,autumn_prefectural,yes,official_schedule,detailed,10,2026-09-05,2026-10-01,,
CMP000097,令和8年度春季新潟県高等学校野球大会,spring,prefectural,spring_prefectural,yes,official_schedule,detailed,11,2026-04-25,2026-05-11,,
CMP000098,令和8年度秋季新潟県高等学校野球大会,autumn,prefectural,autumn_prefectural,yes,official_schedule,detailed,11,2026-09-05,2026-09-22,,
CMP000099,令和8年度春季富山県高等学校野球大会,spring,prefectural,spring_prefectural,yes,official_schedule,detailed,7,2026-04-18,2026-05-03,,
CMP000100,令和8年度秋季富山県高等学校野球大会,autumn,prefectural,autumn_prefectural,yes,official_schedule,detailed,7,2026-09-12,2026-09-27,,
CMP000101,令和8年度春季石川県高等学校野球大会,spring,prefectural,spring_prefectural,yes,official_schedule,detailed,9,2026-04-18,2026-05-06,,
CMP000102,令和8年度秋季石川県高等学校野球大会,autumn,prefectural,autumn_prefectural,yes,official_schedule,detailed,12,2026-09-05,2026-09-27,,
CMP000103,令和8年度春季福井県高等学校野球大会,spring,prefectural,spring_prefectural,yes,official_schedule,detailed,7,2026-04-18,2026-05-03,,
CMP000104,令和8年度秋季福井県高等学校野球大会,autumn,prefectural,autumn_prefectural,yes,official_schedule,detailed,7,2026-09-12,2026-09-27,,
CMP000105,令和8年度春季山梨県高等学校野球大会,spring,prefectural,spring_prefectural,yes,official_schedule,detailed,11,2026-04-11,2026-05-06,,
CMP000106,令和8年度秋季山梨県高等学校野球大会,autumn,prefectural,autumn_prefectural,yes,official_schedule,detailed,12,2026-09-05,2026-10-04,,
CMP000107,令和8年度春季長野県高等学校野球大会,spring,prefectural,spring_prefectural,yes,official_schedule,detailed,4,2026-05-16,2026-05-24,,
CMP000108,令和8年度秋季長野県高等学校野球大会,autumn,prefectural,autumn_prefectural,yes,official_schedule,detailed,5,2026-09-19,2026-09-27,,
CMP000109,令和8年度春季岐阜県高等学校野球大会,spring,prefectural,spring_prefectural,yes,official_schedule,detailed,5,2026-04-12,2026-04-29,,
CMP000110,令和8年度秋季岐阜県高等学校野球大会,autumn,prefectural,autumn_prefectural,yes,official_schedule,detailed,10,2026-08-29,2026-09-27,,
CMP000111,令和8年度春季静岡県高等学校野球大会,spring,prefectural,spring_prefectural,yes,official_schedule,detailed,6,2026-04-18,2026-05-03,,
CMP000112,令和8年度秋季静岡県高等学校野球大会,autumn,prefectural,autumn_prefectural,yes,official_schedule,detailed,6,2026-09-12,2026-09-26,,
CMP000113,令和8年度春季愛知県高等学校野球大会,spring,prefectural,spring_prefectural,yes,official_schedule,detailed,7,2026-04-11,2026-05-02,,
CMP000114,令和8年度秋季愛知県高等学校野球大会,autumn,prefectural,autumn_prefectural,yes,official_schedule,detailed,8,2026-09-05,2026-09-27,,
CMP000115,令和8年度春季三重県高等学校野球大会,spring,prefectural,spring_prefectural,yes,official_schedule,detailed,6,2026-04-11,2026-04-26,,
CMP000116,令和8年度秋季三重県高等学校野球大会,autumn,prefectural,autumn_prefectural,yes,official_schedule,detailed,11,2026-08-29,2026-09-27,,
CMP000117,令和8年度春季滋賀県高等学校野球大会,spring,prefectural,spring_prefectural,yes,official_schedule,detailed,9,2026-04-11,2026-05-06,,
CMP000118,令和8年度秋季滋賀県高等学校野球大会,autumn,prefectural,autumn_prefectural,yes,official_schedule,detailed,10,2026-09-05,2026-10-03,,
CMP000119,令和8年度春季京都府高等学校野球大会,spring,prefectural,spring_prefectural,yes,official_schedule,detailed,5,2026-04-29,2026-05-10,,
CMP000120,令和8年度秋季京都府高等学校野球大会,autumn,prefectural,autumn_prefectural,yes,official_schedule,detailed,16,2026-08-22,2026-10-08,,
CMP000121,令和8年度春季大阪府高等学校野球大会,spring,prefectural,spring_prefectural,yes,official_schedule,detailed,12,2026-04-11,2026-05-10,,
CMP000122,令和8年度秋季大阪府高等学校野球大会,autumn,prefectural,autumn_prefectural,yes,official_schedule,detailed,14,2026-08-29,2026-10-11,,
CMP000123,令和8年度春季兵庫県高等学校野球大会,spring,prefectural,spring_prefectural,yes,official_schedule,detailed,7,2026-04-18,2026-05-04,,
CMP000124,令和8年度秋季兵庫県高等学校野球大会,autumn,prefectural,autumn_prefectural,yes,official_schedule,detailed,11,2026-09-12,2026-10-10,,
CMP000125,令和8年度春季奈良県高等学校野球大会,spring,prefectural,spring_prefectural,yes,official_schedule,detailed,10,2026-04-11,2026-05-09,,
CMP000126,令和8年度秋季奈良県高等学校野球大会,autumn,prefectural,autumn_prefectural,yes,official_schedule,detailed,10,2026-08-29,2026-10-04,,
CMP000127,令和8年度春季和歌山県高等学校野球大会,spring,prefectural,spring_prefectural,yes,official_schedule,detailed,8,2026-04-11,2026-05-10,,
CMP000128,令和8年度秋季和歌山県高等学校野球大会,autumn,prefectural,autumn_prefectural,yes,official_schedule,detailed,5,2026-09-26,2026-10-08,,
CMP000129,令和8年度春季鳥取県高等学校野球大会,spring,prefectural,spring_prefectural,yes,official_schedule,detailed,6,2026-04-18,2026-04-29,,
CMP000130,令和8年度秋季鳥取県高等学校野球大会,autumn,prefectural,autumn_prefectural,yes,official_schedule,detailed,7,2026-09-19,2026-09-29,,
CMP000131,令和8年度春季島根県高等学校野球大会,spring,prefectural,spring_prefectural,yes,official_schedule,detailed,8,2026-04-17,2026-05-04,,
CMP000132,令和8年度秋季島根県高等学校野球大会,autumn,prefectural,autumn_prefectural,yes,official_schedule,detailed,8,2026-09-11,2026-09-27,,
CMP000133,令和8年度春季岡山県高等学校野球大会,spring,prefectural,spring_prefectural,yes,official_schedule,detailed,6,2026-04-25,2026-05-03,,
CMP000134,令和8年度秋季岡山県高等学校野球大会,autumn,prefectural,autumn_prefectural,yes,official_schedule,detailed,7,2026-09-19,2026-10-10,,
CMP000135,令和8年度春季広島県高等学校野球大会,spring,prefectural,spring_prefectural,yes,official_schedule,detailed,7,2026-04-18,2026-05-10,,
CMP000136,令和8年度秋季広島県高等学校野球大会,autumn,prefectural,autumn_prefectural,yes,official_schedule,detailed,8,2026-09-19,2026-10-11,,
CMP000137,令和8年度春季山口県高等学校野球大会,spring,prefectural,spring_prefectural,yes,official_schedule,detailed,5,2026-04-24,2026-04-28,,
CMP000138,令和8年度秋季山口県高等学校野球大会,autumn,prefectural,autumn_prefectural,yes,official_schedule,detailed,4,2026-09-25,2026-09-30,,
CMP000139,令和8年度春季徳島県高等学校野球大会,spring,prefectural,spring_prefectural,yes,official_schedule,detailed,10,2026-03-20,2026-04-03,,
CMP000140,令和8年度秋季徳島県高等学校野球大会,autumn,prefectural,autumn_prefectural,yes,official_schedule,detailed,8,2026-09-12,2026-10-11,,
CMP000141,令和8年度春季香川県高等学校野球大会,spring,prefectural,spring_prefectural,yes,official_schedule,detailed,11,2026-03-20,2026-04-11,,
CMP000142,令和8年度秋季香川県高等学校野球大会,autumn,prefectural,autumn_prefectural,yes,official_schedule,detailed,10,2026-09-12,2026-10-17,,
CMP000143,令和8年度春季愛媛県高等学校野球大会,spring,prefectural,spring_prefectural,yes,official_schedule,detailed,8,2026-03-20,2026-04-01,,
CMP000144,令和8年度秋季愛媛県高等学校野球大会,autumn,prefectural,autumn_prefectural,yes,official_schedule,detailed,5,2026-09-26,2026-10-11,,
CMP000145,令和8年度春季高知県高等学校野球大会,spring,prefectural,spring_prefectural,yes,official_schedule,detailed,7,2026-03-20,2026-03-30,,
CMP000146,令和8年度秋季高知県高等学校野球大会,autumn,prefectural,autumn_prefectural,yes,official_schedule,detailed,8,2026-09-12,2026-10-11,,
CMP000147,令和8年度春季福岡県高等学校野球大会,spring,prefectural,spring_prefectural,yes,official_schedule,detailed,3,2026-04-02,2026-04-06,,
CMP000148,令和8年度秋季福岡県高等学校野球大会,autumn,prefectural,autumn_prefectural,yes,official_schedule,detailed,7,2026-10-03,2026-10-14,,
CMP000149,令和8年度春季佐賀県高等学校野球大会,spring,prefectural,spring_prefectural,yes,official_schedule,detailed,10,2026-03-20,2026-04-05,,
CMP000150,令和8年度秋季佐賀県高等学校野球大会,autumn,prefectural,autumn_prefectural,yes,official_schedule,detailed,13,2026-09-19,2026-10-12,,
CMP000151,令和8年度春季長崎県高等学校野球大会,spring,prefectural,spring_prefectural,yes,official_schedule,detailed,8,2026-03-20,2026-04-05,,
CMP000152,令和8年度秋季長崎県高等学校野球大会,autumn,prefectural,autumn_prefectural,yes,official_schedule,detailed,12,2026-09-12,2026-10-12,,
CMP000153,令和8年度春季熊本県高等学校野球大会,spring,prefectural,spring_prefectural,yes,official_schedule,detailed,11,2026-03-20,2026-04-05,,
CMP000154,令和8年度秋季熊本県高等学校野球大会,autumn,prefectural,autumn_prefectural,yes,official_schedule,detailed,18,2026-09-12,2026-10-04,,
CMP000155,令和8年度春季大分県高等学校野球大会,spring,prefectural,spring_prefectural,yes,official_schedule,detailed,11,2026-03-21,2026-04-06,,
CMP000156,令和8年度秋季大分県高等学校野球大会,autumn,prefectural,autumn_prefectural,yes,official_schedule,detailed,13,2026-09-19,2026-10-11,,
CMP000157,令和8年度春季宮崎県高等学校野球大会,spring,prefectural,spring_prefectural,yes,official_schedule,detailed,11,2026-03-20,2026-04-06,,
CMP000158,令和8年度秋季宮崎県高等学校野球大会,autumn,prefectural,autumn_prefectural,yes,official_schedule,detailed,12,2026-09-18,2026-10-03,,
CMP000159,令和8年度春季鹿児島県高等学校野球大会,spring,prefectural,spring_prefectural,yes,official_schedule,detailed,13,2026-03-20,2026-04-05,,
CMP000160,令和8年度秋季鹿児島県高等学校野球大会,autumn,prefectural,autumn_prefectural,yes,official_schedule,detailed,16,2026-09-19,2026-10-11,,
CMP000161,令和8年度春季沖縄県高等学校野球大会,spring,prefectural,spring_prefectural,yes,official_schedule,detailed,11,2026-03-20,2026-04-08,,
CMP000162,令和8年度秋季沖縄県高等学校野球大会,autumn,prefectural,autumn_prefectural,yes,official_schedule,detailed,12,2026-09-12,2026-10-10,,
